date,asset_id,price
2025-07-28,AST-0001,144.9682
2025-07-29,AST-0001,146.9787
2025-07-30,AST-0001,148.1251
2025-07-31,AST-0001,145.1916
2025-08-01,AST-0001,144.8645
2025-08-04,AST-0001,147.3237
2025-08-05,AST-0001,144.1706
2025-08-06,AST-0001,144.5603
2025-08-07,AST-0001,146.4612
2025-08-08,AST-0001,149.2677
2025-08-11,AST-0001,154.0487
2025-08-12,AST-0001,153.1652
2025-08-13,AST-0001,151.9338
2025-08-14,AST-0001,149.7015
2025-08-15,AST-0001,145.7654
2025-08-18,AST-0001,150.34
2025-08-19,AST-0001,148.4014
2025-08-20,AST-0001,146.9351
2025-08-21,AST-0001,146.8093
2025-08-22,AST-0001,149.2558
2025-08-25,AST-0001,148.1219
2025-08-26,AST-0001,149.943
2025-08-27,AST-0001,149.2786
2025-08-28,AST-0001,154.0321
2025-08-29,AST-0001,153.6503
2025-09-01,AST-0001,152.3694
2025-09-02,AST-0001,149.5529
2025-09-03,AST-0001,152.0396
2025-09-04,AST-0001,153.7372
2025-09-05,AST-0001,158.144
2025-09-08,AST-0001,158.2039
2025-09-09,AST-0001,157.1298
2025-09-10,AST-0001,162.9873
2025-09-11,AST-0001,161.7652
2025-09-12,AST-0001,163.8191
2025-09-15,AST-0001,161.896
2025-09-16,AST-0001,165.6487
2025-09-17,AST-0001,165.1293
2025-09-18,AST-0001,163.6559
2025-09-19,AST-0001,164.8925
2025-09-22,AST-0001,168.1907
2025-09-23,AST-0001,169.3014
2025-09-24,AST-0001,171.7282
2025-09-25,AST-0001,171.8419
2025-09-26,AST-0001,173.0565
2025-09-29,AST-0001,172.8289
2025-09-30,AST-0001,170.1415
2025-10-01,AST-0001,170.541
2025-10-02,AST-0001,168.3927
2025-10-03,AST-0001,168.3556
2025-10-06,AST-0001,165.7782
2025-10-07,AST-0001,166.479
2025-10-08,AST-0001,166.2257
2025-10-09,AST-0001,163.6828
2025-10-10,AST-0001,170.0262
2025-10-13,AST-0001,173.8721
2025-10-14,AST-0001,169.6821
2025-10-15,AST-0001,173.3839
2025-10-16,AST-0001,168.9862
2025-10-17,AST-0001,165.791
2025-10-20,AST-0001,163.4983
2025-10-21,AST-0001,161.4579
2025-10-22,AST-0001,163.8106
2025-10-23,AST-0001,164.0383
2025-10-24,AST-0001,160.8269
2025-10-27,AST-0001,159.6718
2025-10-28,AST-0001,157.7609
2025-10-29,AST-0001,157.6168
2025-10-30,AST-0001,157.2157
2025-10-31,AST-0001,154.8548
2025-11-03,AST-0001,157.0635
2025-11-04,AST-0001,158.5975
2025-11-05,AST-0001,157.1626
2025-11-06,AST-0001,158.5077
2025-11-07,AST-0001,159.5552
2025-11-10,AST-0001,160.9187
2025-11-11,AST-0001,156.9305
2025-11-12,AST-0001,157.6132
2025-11-13,AST-0001,153.9214
2025-11-14,AST-0001,148.5002
2025-11-17,AST-0001,154.6318
2025-11-18,AST-0001,158.6548
2025-11-19,AST-0001,162.1844
2025-11-20,AST-0001,161.6116
2025-11-21,AST-0001,167.9537
2025-11-24,AST-0001,169.3715
2025-11-25,AST-0001,167.569
2025-11-26,AST-0001,170.6938
2025-11-27,AST-0001,170.7594
2025-11-28,AST-0001,168.5678
2025-12-01,AST-0001,171.8626
2025-12-02,AST-0001,173.2226
2025-12-03,AST-0001,175.774
2025-12-04,AST-0001,177.1015
2025-12-05,AST-0001,178.6005
2025-12-08,AST-0001,178.5429
2025-12-09,AST-0001,176.2308
2025-12-10,AST-0001,174.3111
2025-12-11,AST-0001,175.9589
2025-12-12,AST-0001,174.3955
2025-12-15,AST-0001,170.6196
2025-12-16,AST-0001,171.13
2025-12-17,AST-0001,171.4643
2025-12-18,AST-0001,168.4322
2025-12-19,AST-0001,168.4559
2025-12-22,AST-0001,170.2664
2025-12-23,AST-0001,172.3676
2025-12-24,AST-0001,172.8185
2025-12-25,AST-0001,176.4642
2025-12-26,AST-0001,171.0097
2025-12-29,AST-0001,167.4222
2025-12-30,AST-0001,167.3634
2025-12-31,AST-0001,167.7039
2026-01-01,AST-0001,168.1011
2026-01-02,AST-0001,168.0723
2026-01-05,AST-0001,166.1502
2026-01-06,AST-0001,162.7529
2026-01-07,AST-0001,157.0701
2026-01-08,AST-0001,158.3303
2026-01-09,AST-0001,164.6028
2026-01-12,AST-0001,161.5072
2026-01-13,AST-0001,163.6778
2026-01-14,AST-0001,166.5643
2026-01-15,AST-0001,166.0836
2026-01-16,AST-0001,166.2627
2026-01-19,AST-0001,169.0245
2026-01-20,AST-0001,167.5468
2026-01-21,AST-0001,168.1655
2026-01-22,AST-0001,169.9786
2026-01-23,AST-0001,170.0645
2026-01-26,AST-0001,168.2141
2026-01-27,AST-0001,166.8906
2026-01-28,AST-0001,166.7601
2026-01-29,AST-0001,174.7387
2026-01-30,AST-0001,176.0227
2026-02-02,AST-0001,177.1434
2026-02-03,AST-0001,174.0891
2026-02-04,AST-0001,170.459
2026-02-05,AST-0001,172.7116
2026-02-06,AST-0001,168.1885
2026-02-09,AST-0001,166.3318
2026-02-10,AST-0001,167.8751
2026-02-11,AST-0001,169.7373
2026-02-12,AST-0001,170.5302
2026-02-13,AST-0001,169.478
2026-02-16,AST-0001,170.8891
2026-02-17,AST-0001,173.0868
2026-02-18,AST-0001,179.3206
2026-02-19,AST-0001,178.6728
2026-02-20,AST-0001,175.1378
2026-02-23,AST-0001,175.5833
2026-02-24,AST-0001,173.7536
2026-02-25,AST-0001,179.1058
2026-02-26,AST-0001,179.2378
2026-02-27,AST-0001,179.996
2026-03-02,AST-0001,178.5859
2026-03-03,AST-0001,179.5262
2026-03-04,AST-0001,179.7669
2026-03-05,AST-0001,181.5698
2026-03-06,AST-0001,181.977
2026-03-09,AST-0001,178.5407
2026-03-10,AST-0001,177.6521
2026-03-11,AST-0001,171.0768
2026-03-12,AST-0001,176.7769
2026-03-13,AST-0001,182.6956
2026-03-16,AST-0001,182.5061
2026-03-17,AST-0001,182.0781
2026-03-18,AST-0001,183.2351
2026-03-19,AST-0001,183.688
2026-03-20,AST-0001,177.4032
2026-03-23,AST-0001,181.2286
2026-03-24,AST-0001,177.4625
2026-03-25,AST-0001,177.4709
2026-03-26,AST-0001,177.0049
2026-03-27,AST-0001,177.4859
2026-03-30,AST-0001,181.4184
2026-03-31,AST-0001,179.5132
2026-04-01,AST-0001,177.2988
2026-04-02,AST-0001,172.7484
2026-04-03,AST-0001,172.258
2026-04-06,AST-0001,170.0309
2026-04-07,AST-0001,172.1836
2026-04-08,AST-0001,172.273
2026-04-09,AST-0001,170.7848
2026-04-10,AST-0001,170.9603
2026-04-13,AST-0001,171.8678
2026-04-14,AST-0001,170.1684
2026-04-15,AST-0001,172.7426
2026-04-16,AST-0001,176.9406
2026-04-17,AST-0001,174.3501
2026-04-20,AST-0001,171.4006
2026-04-21,AST-0001,168.5655
2026-04-22,AST-0001,172.0249
2026-04-23,AST-0001,172.9839
2026-04-24,AST-0001,170.8703
2026-04-27,AST-0001,166.3047
2026-04-28,AST-0001,166.4588
2026-04-29,AST-0001,160.899
2026-04-30,AST-0001,159.1764
2026-05-01,AST-0001,157.7483
2026-05-04,AST-0001,158.4516
2026-05-05,AST-0001,155.2329
2026-05-06,AST-0001,153.5707
2026-05-07,AST-0001,154.3441
2026-05-08,AST-0001,155.2882
2026-05-11,AST-0001,155.0454
2026-05-12,AST-0001,156.2045
2026-05-13,AST-0001,158.5197
2026-05-14,AST-0001,156.532
2026-05-15,AST-0001,156.2591
2026-05-18,AST-0001,160.8488
2026-05-19,AST-0001,160.3673
2026-05-20,AST-0001,163.7408
2026-05-21,AST-0001,162.1701
2026-05-22,AST-0001,165.0805
2026-05-25,AST-0001,161.7069
2026-05-26,AST-0001,162.1262
2026-05-27,AST-0001,160.7702
2026-05-28,AST-0001,161.0699
2026-05-29,AST-0001,161.9931
2026-06-01,AST-0001,159.9048
2026-06-02,AST-0001,159.2264
2026-06-03,AST-0001,155.1636
2026-06-04,AST-0001,155.0574
2026-06-05,AST-0001,156.9736
2026-06-08,AST-0001,158.1963
2026-06-09,AST-0001,157.4483
2026-06-10,AST-0001,160.4326
2026-06-11,AST-0001,157.4589
2026-06-12,AST-0001,152.3809
2026-06-15,AST-0001,153.9143
2026-06-16,AST-0001,155.6263
2026-06-17,AST-0001,156.6103
2026-06-18,AST-0001,160.1579
2026-06-19,AST-0001,159.2129
2026-06-22,AST-0001,163.9467
2026-06-23,AST-0001,162.2673
2026-06-24,AST-0001,160.0309
2026-06-25,AST-0001,170.454
2026-06-26,AST-0001,167.0906
2026-06-29,AST-0001,169.9116
2026-06-30,AST-0001,170.0123
2026-07-01,AST-0001,172.543
2026-07-02,AST-0001,173.5385
2026-07-03,AST-0001,172.2019
2026-07-06,AST-0001,175.6657
2026-07-07,AST-0001,175.4615
2026-07-08,AST-0001,177.3452
2026-07-09,AST-0001,179.8921
2026-07-10,AST-0001,174.829
2026-07-13,AST-0001,177.5474
2026-07-14,AST-0001,175.3781
2026-07-15,AST-0001,174.0971
2026-07-16,AST-0001,179.833
2026-07-17,AST-0001,178.1816
2026-07-20,AST-0001,180.0136
2026-07-21,AST-0001,184.2083
2026-07-22,AST-0001,186.9674
2026-07-23,AST-0001,184.0579
2026-07-24,AST-0001,186.8399
2026-07-27,AST-0001,191.6813
2026-07-28,AST-0001,190.5805
2026-07-29,AST-0001,192.7
2026-07-30,AST-0001,191.6358
2026-07-31,AST-0001,196.0503
2026-08-03,AST-0001,200.703
2026-08-04,AST-0001,201.3373
2026-08-05,AST-0001,199.0725
2026-08-06,AST-0001,201.631
2026-08-07,AST-0001,191.7677
2025-07-28,AST-0002,107.2104
2025-07-29,AST-0002,110.2619
2025-07-30,AST-0002,111.5516
2025-07-31,AST-0002,112.3391
2025-08-01,AST-0002,111.6221
2025-08-04,AST-0002,113.5871
2025-08-05,AST-0002,114.9563
2025-08-06,AST-0002,114.8409
2025-08-07,AST-0002,113.076
2025-08-08,AST-0002,114.2321
2025-08-11,AST-0002,113.2686
2025-08-12,AST-0002,111.0205
2025-08-13,AST-0002,110.9412
2025-08-14,AST-0002,111.2349
2025-08-15,AST-0002,111.9894
2025-08-18,AST-0002,110.6454
2025-08-19,AST-0002,105.7055
2025-08-20,AST-0002,105.9484
2025-08-21,AST-0002,105.6176
2025-08-22,AST-0002,105.4773
2025-08-25,AST-0002,106.4401
2025-08-26,AST-0002,106.1202
2025-08-27,AST-0002,107.7353
2025-08-28,AST-0002,108.5729
2025-08-29,AST-0002,105.907
2025-09-01,AST-0002,111.0581
2025-09-02,AST-0002,111.3112
2025-09-03,AST-0002,112.7633
2025-09-04,AST-0002,110.5431
2025-09-05,AST-0002,109.624
2025-09-08,AST-0002,108.4555
2025-09-09,AST-0002,111.7072
2025-09-10,AST-0002,112.9949
2025-09-11,AST-0002,108.4868
2025-09-12,AST-0002,111.1194
2025-09-15,AST-0002,109.3551
2025-09-16,AST-0002,108.9674
2025-09-17,AST-0002,112.9684
2025-09-18,AST-0002,111.288
2025-09-19,AST-0002,109.4326
2025-09-22,AST-0002,109.8784
2025-09-23,AST-0002,108.231
2025-09-24,AST-0002,106.9867
2025-09-25,AST-0002,105.4853
2025-09-26,AST-0002,105.981
2025-09-29,AST-0002,105.5694
2025-09-30,AST-0002,105.6792
2025-10-01,AST-0002,105.8196
2025-10-02,AST-0002,102.217
2025-10-03,AST-0002,100.9523
2025-10-06,AST-0002,103.6663
2025-10-07,AST-0002,103.1214
2025-10-08,AST-0002,106.5473
2025-10-09,AST-0002,105.7466
2025-10-10,AST-0002,106.2998
2025-10-13,AST-0002,108.9087
2025-10-14,AST-0002,113.1127
2025-10-15,AST-0002,111.1953
2025-10-16,AST-0002,109.3555
2025-10-17,AST-0002,112.4821
2025-10-20,AST-0002,112.7833
2025-10-21,AST-0002,114.8109
2025-10-22,AST-0002,113.9784
2025-10-23,AST-0002,111.9469
2025-10-24,AST-0002,111.5422
2025-10-27,AST-0002,112.8797
2025-10-28,AST-0002,112.5194
2025-10-29,AST-0002,114.6467
2025-10-30,AST-0002,113.3811
2025-10-31,AST-0002,116.179
2025-11-03,AST-0002,120.0238
2025-11-04,AST-0002,118.6609
2025-11-05,AST-0002,119.192
2025-11-06,AST-0002,119.4611
2025-11-07,AST-0002,121.8012
2025-11-10,AST-0002,121.8419
2025-11-11,AST-0002,124.2085
2025-11-12,AST-0002,126.7112
2025-11-13,AST-0002,126.3459
2025-11-14,AST-0002,128.2449
2025-11-17,AST-0002,128.6285
2025-11-18,AST-0002,128.8124
2025-11-19,AST-0002,131.0689
2025-11-20,AST-0002,130.4827
2025-11-21,AST-0002,135.7844
2025-11-24,AST-0002,134.3651
2025-11-25,AST-0002,131.9611
2025-11-26,AST-0002,128.9162
2025-11-27,AST-0002,126.888
2025-11-28,AST-0002,126.5589
2025-12-01,AST-0002,127.7931
2025-12-02,AST-0002,126.4423
2025-12-03,AST-0002,128.4803
2025-12-04,AST-0002,125.9253
2025-12-05,AST-0002,124.3456
2025-12-08,AST-0002,121.8525
2025-12-09,AST-0002,120.5956
2025-12-10,AST-0002,120.7393
2025-12-11,AST-0002,122.777
2025-12-12,AST-0002,123.8045
2025-12-15,AST-0002,119.3319
2025-12-16,AST-0002,122.1683
2025-12-17,AST-0002,124.8445
2025-12-18,AST-0002,131.5137
2025-12-19,AST-0002,129.9877
2025-12-22,AST-0002,129.0608
2025-12-23,AST-0002,129.2636
2025-12-24,AST-0002,127.1341
2025-12-25,AST-0002,129.0945
2025-12-26,AST-0002,135.2223
2025-12-29,AST-0002,135.8786
2025-12-30,AST-0002,135.5707
2025-12-31,AST-0002,133.1594
2026-01-01,AST-0002,135.3624
2026-01-02,AST-0002,142.1306
2026-01-05,AST-0002,136.8735
2026-01-06,AST-0002,130.3446
2026-01-07,AST-0002,130.5922
2026-01-08,AST-0002,131.7467
2026-01-09,AST-0002,137.1424
2026-01-12,AST-0002,137.123
2026-01-13,AST-0002,140.2178
2026-01-14,AST-0002,138.1385
2026-01-15,AST-0002,140.6023
2026-01-16,AST-0002,138.6834
2026-01-19,AST-0002,142.2499
2026-01-20,AST-0002,138.9156
2026-01-21,AST-0002,137.9552
2026-01-22,AST-0002,137.612
2026-01-23,AST-0002,138.6393
2026-01-26,AST-0002,143.9206
2026-01-27,AST-0002,146.21
2026-01-28,AST-0002,146.084
2026-01-29,AST-0002,148.0635
2026-01-30,AST-0002,140.3885
2026-02-02,AST-0002,138.3959
2026-02-03,AST-0002,139.1747
2026-02-04,AST-0002,139.5986
2026-02-05,AST-0002,137.624
2026-02-06,AST-0002,136.5553
2026-02-09,AST-0002,133.8841
2026-02-10,AST-0002,136.0898
2026-02-11,AST-0002,139.1657
2026-02-12,AST-0002,138.3009
2026-02-13,AST-0002,141.1778
2026-02-16,AST-0002,138.0723
2026-02-17,AST-0002,139.9221
2026-02-18,AST-0002,137.6113
2026-02-19,AST-0002,139.0871
2026-02-20,AST-0002,139.6734
2026-02-23,AST-0002,137.8235
2026-02-24,AST-0002,135.1618
2026-02-25,AST-0002,134.9709
2026-02-26,AST-0002,131.1845
2026-02-27,AST-0002,128.6968
2026-03-02,AST-0002,128.2763
2026-03-03,AST-0002,132.4257
2026-03-04,AST-0002,130.2277
2026-03-05,AST-0002,131.1443
2026-03-06,AST-0002,132.1272
2026-03-09,AST-0002,129.6749
2026-03-10,AST-0002,133.1662
2026-03-11,AST-0002,131.8131
2026-03-12,AST-0002,130.7768
2026-03-13,AST-0002,134.7434
2026-03-16,AST-0002,130.4008
2026-03-17,AST-0002,134.1783
2026-03-18,AST-0002,133.796
2026-03-19,AST-0002,134.387
2026-03-20,AST-0002,138.217
2026-03-23,AST-0002,136.943
2026-03-24,AST-0002,135.0172
2026-03-25,AST-0002,129.0374
2026-03-26,AST-0002,134.1383
2026-03-27,AST-0002,135.4667
2026-03-30,AST-0002,140.0096
2026-03-31,AST-0002,138.607
2026-04-01,AST-0002,138.3442
2026-04-02,AST-0002,136.1505
2026-04-03,AST-0002,134.1056
2026-04-06,AST-0002,131.0132
2026-04-07,AST-0002,132.6877
2026-04-08,AST-0002,132.8198
2026-04-09,AST-0002,132.2093
2026-04-10,AST-0002,134.1999
2026-04-13,AST-0002,131.826
2026-04-14,AST-0002,136.1488
2026-04-15,AST-0002,136.8683
2026-04-16,AST-0002,140.8206
2026-04-17,AST-0002,138.8866
2026-04-20,AST-0002,143.1593
2026-04-21,AST-0002,140.8719
2026-04-22,AST-0002,143.2007
2026-04-23,AST-0002,141.604
2026-04-24,AST-0002,145.2326
2026-04-27,AST-0002,146.1474
2026-04-28,AST-0002,146.3471
2026-04-29,AST-0002,147.7009
2026-04-30,AST-0002,150.0465
2026-05-01,AST-0002,154.1543
2026-05-04,AST-0002,157.7178
2026-05-05,AST-0002,156.7754
2026-05-06,AST-0002,158.6528
2026-05-07,AST-0002,163.1463
2026-05-08,AST-0002,164.6092
2026-05-11,AST-0002,169.2141
2026-05-12,AST-0002,172.3744
2026-05-13,AST-0002,175.4553
2026-05-14,AST-0002,178.6368
2026-05-15,AST-0002,175.8954
2026-05-18,AST-0002,178.2938
2026-05-19,AST-0002,176.3751
2026-05-20,AST-0002,180.3404
2026-05-21,AST-0002,176.5679
2026-05-22,AST-0002,175.0906
2026-05-25,AST-0002,171.0171
2026-05-26,AST-0002,173.2179
2026-05-27,AST-0002,176.5899
2026-05-28,AST-0002,180.0466
2026-05-29,AST-0002,177.0374
2026-06-01,AST-0002,182.7005
2026-06-02,AST-0002,180.6676
2026-06-03,AST-0002,177.8903
2026-06-04,AST-0002,173.849
2026-06-05,AST-0002,177.0272
2026-06-08,AST-0002,180.0588
2026-06-09,AST-0002,179.9645
2026-06-10,AST-0002,173.6528
2026-06-11,AST-0002,172.9272
2026-06-12,AST-0002,175.1618
2026-06-15,AST-0002,176.8862
2026-06-16,AST-0002,176.2532
2026-06-17,AST-0002,174.2577
2026-06-18,AST-0002,173.6289
2026-06-19,AST-0002,171.6924
2026-06-22,AST-0002,170.8301
2026-06-23,AST-0002,167.7846
2026-06-24,AST-0002,163.6093
2026-06-25,AST-0002,162.8412
2026-06-26,AST-0002,167.0498
2026-06-29,AST-0002,172.1999
2026-06-30,AST-0002,173.9655
2026-07-01,AST-0002,174.0819
2026-07-02,AST-0002,175.0088
2026-07-03,AST-0002,173.0841
2026-07-06,AST-0002,174.8409
2026-07-07,AST-0002,172.8882
2026-07-08,AST-0002,174.7473
2026-07-09,AST-0002,174.9274
2026-07-10,AST-0002,175.438
2026-07-13,AST-0002,176.3235
2026-07-14,AST-0002,177.6489
2026-07-15,AST-0002,179.1616
2026-07-16,AST-0002,180.591
2026-07-17,AST-0002,186.485
2026-07-20,AST-0002,191.31
2026-07-21,AST-0002,189.6706
2026-07-22,AST-0002,185.4405
2026-07-23,AST-0002,184.7918
2026-07-24,AST-0002,183.2146
2026-07-27,AST-0002,180.0353
2026-07-28,AST-0002,181.3051
2026-07-29,AST-0002,181.4287
2026-07-30,AST-0002,180.4995
2026-07-31,AST-0002,181.7834
2026-08-03,AST-0002,181.7412
2026-08-04,AST-0002,180.0197
2026-08-05,AST-0002,180.1311
2026-08-06,AST-0002,184.2883
2026-08-07,AST-0002,178.2821
2025-07-28,AST-0003,99.3929
2025-07-29,AST-0003,98.7443
2025-07-30,AST-0003,99.3601
2025-07-31,AST-0003,99.1899
2025-08-01,AST-0003,97.3749
2025-08-04,AST-0003,102.0997
2025-08-05,AST-0003,105.7861
2025-08-06,AST-0003,105.0887
2025-08-07,AST-0003,109.3782
2025-08-08,AST-0003,111.264
2025-08-11,AST-0003,114.3711
2025-08-12,AST-0003,112.7488
2025-08-13,AST-0003,115.3959
2025-08-14,AST-0003,114.2237
2025-08-15,AST-0003,114.6041
2025-08-18,AST-0003,116.3734
2025-08-19,AST-0003,113.4574
2025-08-20,AST-0003,113.5343
2025-08-21,AST-0003,111.3769
2025-08-22,AST-0003,114.032
2025-08-25,AST-0003,109.6805
2025-08-26,AST-0003,113.3159
2025-08-27,AST-0003,112.3053
2025-08-28,AST-0003,112.4021
2025-08-29,AST-0003,111.2152
2025-09-01,AST-0003,112.7207
2025-09-02,AST-0003,108.9728
2025-09-03,AST-0003,109.0471
2025-09-04,AST-0003,107.0717
2025-09-05,AST-0003,106.3578
2025-09-08,AST-0003,108.7256
2025-09-09,AST-0003,109.0663
2025-09-10,AST-0003,110.3267
2025-09-11,AST-0003,111.7821
2025-09-12,AST-0003,112.957
2025-09-15,AST-0003,109.2782
2025-09-16,AST-0003,106.6214
2025-09-17,AST-0003,110.3264
2025-09-18,AST-0003,108.9069
2025-09-19,AST-0003,110.5826
2025-09-22,AST-0003,112.6674
2025-09-23,AST-0003,113.9605
2025-09-24,AST-0003,116.2784
2025-09-25,AST-0003,119.0942
2025-09-26,AST-0003,121.6882
2025-09-29,AST-0003,123.5797
2025-09-30,AST-0003,124.8954
2025-10-01,AST-0003,128.3738
2025-10-02,AST-0003,129.6637
2025-10-03,AST-0003,134.3923
2025-10-06,AST-0003,136.1915
2025-10-07,AST-0003,134.3489
2025-10-08,AST-0003,131.8691
2025-10-09,AST-0003,131.8384
2025-10-10,AST-0003,130.2967
2025-10-13,AST-0003,130.5181
2025-10-14,AST-0003,132.926
2025-10-15,AST-0003,129.4408
2025-10-16,AST-0003,129.3701
2025-10-17,AST-0003,130.045
2025-10-20,AST-0003,129.2411
2025-10-21,AST-0003,129.2542
2025-10-22,AST-0003,130.5484
2025-10-23,AST-0003,127.4251
2025-10-24,AST-0003,123.3584
2025-10-27,AST-0003,125.7875
2025-10-28,AST-0003,125.7082
2025-10-29,AST-0003,125.8954
2025-10-30,AST-0003,125.9949
2025-10-31,AST-0003,126.9874
2025-11-03,AST-0003,129.8945
2025-11-04,AST-0003,132.9281
2025-11-05,AST-0003,132.5977
2025-11-06,AST-0003,127.7394
2025-11-07,AST-0003,124.8473
2025-11-10,AST-0003,127.5589
2025-11-11,AST-0003,124.8764
2025-11-12,AST-0003,127.1653
2025-11-13,AST-0003,127.3737
2025-11-14,AST-0003,132.4137
2025-11-17,AST-0003,134.0223
2025-11-18,AST-0003,133.3144
2025-11-19,AST-0003,128.1749
2025-11-20,AST-0003,126.494
2025-11-21,AST-0003,130.3996
2025-11-24,AST-0003,124.6069
2025-11-25,AST-0003,122.6009
2025-11-26,AST-0003,123.3426
2025-11-27,AST-0003,122.7507
2025-11-28,AST-0003,123.0218
2025-12-01,AST-0003,122.4527
2025-12-02,AST-0003,122.3198
2025-12-03,AST-0003,124.7651
2025-12-04,AST-0003,121.4345
2025-12-05,AST-0003,119.8875
2025-12-08,AST-0003,118.8815
2025-12-09,AST-0003,117.9968
2025-12-10,AST-0003,119.9174
2025-12-11,AST-0003,118.0992
2025-12-12,AST-0003,115.9331
2025-12-15,AST-0003,112.5709
2025-12-16,AST-0003,112.1385
2025-12-17,AST-0003,111.019
2025-12-18,AST-0003,109.8908
2025-12-19,AST-0003,107.6401
2025-12-22,AST-0003,104.4508
2025-12-23,AST-0003,103.1358
2025-12-24,AST-0003,102.7144
2025-12-25,AST-0003,102.6395
2025-12-26,AST-0003,102.7686
2025-12-29,AST-0003,104.3727
2025-12-30,AST-0003,106.6008
2025-12-31,AST-0003,105.4396
2026-01-01,AST-0003,105.9057
2026-01-02,AST-0003,108.8736
2026-01-05,AST-0003,109.0548
2026-01-06,AST-0003,104.9417
2026-01-07,AST-0003,104.7229
2026-01-08,AST-0003,104.8854
2026-01-09,AST-0003,105.0668
2026-01-12,AST-0003,105.0329
2026-01-13,AST-0003,106.4439
2026-01-14,AST-0003,105.09
2026-01-15,AST-0003,109.4917
2026-01-16,AST-0003,105.0239
2026-01-19,AST-0003,104.9141
2026-01-20,AST-0003,102.5567
2026-01-21,AST-0003,101.387
2026-01-22,AST-0003,101.6199
2026-01-23,AST-0003,99.4217
2026-01-26,AST-0003,99.4142
2026-01-27,AST-0003,100.0369
2026-01-28,AST-0003,96.2393
2026-01-29,AST-0003,96.8474
2026-01-30,AST-0003,98.762
2026-02-02,AST-0003,98.1074
2026-02-03,AST-0003,99.7209
2026-02-04,AST-0003,99.6203
2026-02-05,AST-0003,96.574
2026-02-06,AST-0003,96.9957
2026-02-09,AST-0003,96.6839
2026-02-10,AST-0003,95.9555
2026-02-11,AST-0003,97.9567
2026-02-12,AST-0003,98.9095
2026-02-13,AST-0003,96.7401
2026-02-16,AST-0003,96.8393
2026-02-17,AST-0003,97.9438
2026-02-18,AST-0003,97.9211
2026-02-19,AST-0003,96.7417
2026-02-20,AST-0003,96.7321
2026-02-23,AST-0003,98.7597
2026-02-24,AST-0003,97.7036
2026-02-25,AST-0003,97.8214
2026-02-26,AST-0003,99.408
2026-02-27,AST-0003,97.7626
2026-03-02,AST-0003,97.3812
2026-03-03,AST-0003,99.2968
2026-03-04,AST-0003,100.879
2026-03-05,AST-0003,102.1587
2026-03-06,AST-0003,104.1964
2026-03-09,AST-0003,105.7532
2026-03-10,AST-0003,106.3507
2026-03-11,AST-0003,105.5593
2026-03-12,AST-0003,106.854
2026-03-13,AST-0003,107.5082
2026-03-16,AST-0003,108.1382
2026-03-17,AST-0003,106.2953
2026-03-18,AST-0003,106.395
2026-03-19,AST-0003,103.8551
2026-03-20,AST-0003,104.276
2026-03-23,AST-0003,105.0779
2026-03-24,AST-0003,104.5537
2026-03-25,AST-0003,104.7185
2026-03-26,AST-0003,104.56
2026-03-27,AST-0003,104.3244
2026-03-30,AST-0003,105.0381
2026-03-31,AST-0003,103.3137
2026-04-01,AST-0003,104.8811
2026-04-02,AST-0003,105.9025
2026-04-03,AST-0003,108.0721
2026-04-06,AST-0003,105.6973
2026-04-07,AST-0003,104.6754
2026-04-08,AST-0003,104.3832
2026-04-09,AST-0003,103.0207
2026-04-10,AST-0003,104.2086
2026-04-13,AST-0003,104.7767
2026-04-14,AST-0003,104.2925
2026-04-15,AST-0003,105.3337
2026-04-16,AST-0003,105.3848
2026-04-17,AST-0003,109.0634
2026-04-20,AST-0003,108.6412
2026-04-21,AST-0003,109.1627
2026-04-22,AST-0003,109.8466
2026-04-23,AST-0003,107.6124
2026-04-24,AST-0003,109.0531
2026-04-27,AST-0003,110.8689
2026-04-28,AST-0003,112.6639
2026-04-29,AST-0003,116.2896
2026-04-30,AST-0003,113.1124
2026-05-01,AST-0003,112.7655
2026-05-04,AST-0003,112.55
2026-05-05,AST-0003,113.1136
2026-05-06,AST-0003,110.3848
2026-05-07,AST-0003,111.4222
2026-05-08,AST-0003,109.9604
2026-05-11,AST-0003,110.2171
2026-05-12,AST-0003,109.5325
2026-05-13,AST-0003,109.2791
2026-05-14,AST-0003,107.4689
2026-05-15,AST-0003,108.796
2026-05-18,AST-0003,111.0715
2026-05-19,AST-0003,108.2243
2026-05-20,AST-0003,110.207
2026-05-21,AST-0003,111.337
2026-05-22,AST-0003,113.2003
2026-05-25,AST-0003,112.5908
2026-05-26,AST-0003,113.9471
2026-05-27,AST-0003,115.5892
2026-05-28,AST-0003,111.013
2026-05-29,AST-0003,111.0889
2026-06-01,AST-0003,109.5479
2026-06-02,AST-0003,107.5809
2026-06-03,AST-0003,104.4962
2026-06-04,AST-0003,104.2337
2026-06-05,AST-0003,105.5559
2026-06-08,AST-0003,109.814
2026-06-09,AST-0003,110.0085
2026-06-10,AST-0003,112.108
2026-06-11,AST-0003,112.541
2026-06-12,AST-0003,111.3848
2026-06-15,AST-0003,110.5503
2026-06-16,AST-0003,108.0227
2026-06-17,AST-0003,108.2048
2026-06-18,AST-0003,110.6866
2026-06-19,AST-0003,110.6765
2026-06-22,AST-0003,114.1002
2026-06-23,AST-0003,118.6058
2026-06-24,AST-0003,121.815
2026-06-25,AST-0003,120.7822
2026-06-26,AST-0003,119.8367
2026-06-29,AST-0003,117.9132
2026-06-30,AST-0003,115.5759
2026-07-01,AST-0003,117.3287
2026-07-02,AST-0003,115.7887
2026-07-03,AST-0003,118.1773
2026-07-06,AST-0003,119.5348
2026-07-07,AST-0003,118.3845
2026-07-08,AST-0003,116.8404
2026-07-09,AST-0003,120.2306
2026-07-10,AST-0003,121.6637
2026-07-13,AST-0003,122.1554
2026-07-14,AST-0003,119.972
2026-07-15,AST-0003,116.3958
2026-07-16,AST-0003,119.5316
2026-07-17,AST-0003,124.4472
2026-07-20,AST-0003,125.5662
2026-07-21,AST-0003,123.9059
2026-07-22,AST-0003,127.741
2026-07-23,AST-0003,130.1897
2026-07-24,AST-0003,127.8598
2026-07-27,AST-0003,128.361
2026-07-28,AST-0003,125.6939
2026-07-29,AST-0003,125.2737
2026-07-30,AST-0003,121.6821
2026-07-31,AST-0003,122.5715
2026-08-03,AST-0003,125.5808
2026-08-04,AST-0003,124.9914
2026-08-05,AST-0003,122.71
2026-08-06,AST-0003,118.3186
2026-08-07,AST-0003,119.9608
2025-07-28,AST-0004,85.7391
2025-07-29,AST-0004,85.9274
2025-07-30,AST-0004,84.1321
2025-07-31,AST-0004,83.7748
2025-08-01,AST-0004,83.778
2025-08-04,AST-0004,84.283
2025-08-05,AST-0004,82.3478
2025-08-06,AST-0004,82.7823
2025-08-07,AST-0004,83.2162
2025-08-08,AST-0004,83.3724
2025-08-11,AST-0004,83.9434
2025-08-12,AST-0004,81.0376
2025-08-13,AST-0004,80.5011
2025-08-14,AST-0004,82.1039
2025-08-15,AST-0004,80.956
2025-08-18,AST-0004,80.9109
2025-08-19,AST-0004,79.3375
2025-08-20,AST-0004,80.9068
2025-08-21,AST-0004,81.6553
2025-08-22,AST-0004,82.9453
2025-08-25,AST-0004,84.5278
2025-08-26,AST-0004,83.0
2025-08-27,AST-0004,84.3243
2025-08-28,AST-0004,83.6628
2025-08-29,AST-0004,83.0423
2025-09-01,AST-0004,82.1867
2025-09-02,AST-0004,83.958
2025-09-03,AST-0004,84.146
2025-09-04,AST-0004,83.5215
2025-09-05,AST-0004,83.0188
2025-09-08,AST-0004,79.1216
2025-09-09,AST-0004,78.603
2025-09-10,AST-0004,77.6186
2025-09-11,AST-0004,77.5342
2025-09-12,AST-0004,76.8413
2025-09-15,AST-0004,76.9933
2025-09-16,AST-0004,78.5404
2025-09-17,AST-0004,79.947
2025-09-18,AST-0004,80.6183
2025-09-19,AST-0004,78.9239
2025-09-22,AST-0004,80.5379
2025-09-23,AST-0004,80.3283
2025-09-24,AST-0004,78.6491
2025-09-25,AST-0004,79.5055
2025-09-26,AST-0004,77.6053
2025-09-29,AST-0004,79.0388
2025-09-30,AST-0004,79.0087
2025-10-01,AST-0004,80.0104
2025-10-02,AST-0004,81.3868
2025-10-03,AST-0004,82.9607
2025-10-06,AST-0004,81.4753
2025-10-07,AST-0004,81.611
2025-10-08,AST-0004,82.4701
2025-10-09,AST-0004,80.84
2025-10-10,AST-0004,80.828
2025-10-13,AST-0004,83.0566
2025-10-14,AST-0004,84.9029
2025-10-15,AST-0004,84.4339
2025-10-16,AST-0004,84.8957
2025-10-17,AST-0004,84.9215
2025-10-20,AST-0004,82.831
2025-10-21,AST-0004,81.3261
2025-10-22,AST-0004,81.6461
2025-10-23,AST-0004,80.9323
2025-10-24,AST-0004,80.5365
2025-10-27,AST-0004,80.4869
2025-10-28,AST-0004,79.8286
2025-10-29,AST-0004,80.2948
2025-10-30,AST-0004,78.6296
2025-10-31,AST-0004,78.669
2025-11-03,AST-0004,80.9009
2025-11-04,AST-0004,81.1498
2025-11-05,AST-0004,83.0222
2025-11-06,AST-0004,84.8871
2025-11-07,AST-0004,83.8725
2025-11-10,AST-0004,84.1136
2025-11-11,AST-0004,84.6506
2025-11-12,AST-0004,86.7061
2025-11-13,AST-0004,84.0714
2025-11-14,AST-0004,85.3816
2025-11-17,AST-0004,86.1638
2025-11-18,AST-0004,86.0318
2025-11-19,AST-0004,88.8691
2025-11-20,AST-0004,90.8887
2025-11-21,AST-0004,92.5772
2025-11-24,AST-0004,93.0571
2025-11-25,AST-0004,96.7241
2025-11-26,AST-0004,95.2968
2025-11-27,AST-0004,89.918
2025-11-28,AST-0004,90.3059
2025-12-01,AST-0004,92.209
2025-12-02,AST-0004,91.7378
2025-12-03,AST-0004,95.1318
2025-12-04,AST-0004,94.2345
2025-12-05,AST-0004,91.3986
2025-12-08,AST-0004,90.9578
2025-12-09,AST-0004,87.5342
2025-12-10,AST-0004,86.0235
2025-12-11,AST-0004,87.894
2025-12-12,AST-0004,87.1408
2025-12-15,AST-0004,84.6778
2025-12-16,AST-0004,85.4408
2025-12-17,AST-0004,85.762
2025-12-18,AST-0004,85.7813
2025-12-19,AST-0004,84.957
2025-12-22,AST-0004,85.6044
2025-12-23,AST-0004,84.0732
2025-12-24,AST-0004,83.976
2025-12-25,AST-0004,84.3864
2025-12-26,AST-0004,80.2277
2025-12-29,AST-0004,81.6941
2025-12-30,AST-0004,81.0478
2025-12-31,AST-0004,80.6478
2026-01-01,AST-0004,81.5352
2026-01-02,AST-0004,82.4023
2026-01-05,AST-0004,83.5929
2026-01-06,AST-0004,83.5063
2026-01-07,AST-0004,83.46
2026-01-08,AST-0004,82.7942
2026-01-09,AST-0004,85.2785
2026-01-12,AST-0004,85.7679
2026-01-13,AST-0004,85.1356
2026-01-14,AST-0004,82.3544
2026-01-15,AST-0004,82.5494
2026-01-16,AST-0004,81.6517
2026-01-19,AST-0004,78.7043
2026-01-20,AST-0004,77.6906
2026-01-21,AST-0004,79.1484
2026-01-22,AST-0004,79.6288
2026-01-23,AST-0004,80.2407
2026-01-26,AST-0004,79.2969
2026-01-27,AST-0004,79.6073
2026-01-28,AST-0004,81.5888
2026-01-29,AST-0004,84.89
2026-01-30,AST-0004,84.177
2026-02-02,AST-0004,82.2382
2026-02-03,AST-0004,82.1245
2026-02-04,AST-0004,79.4926
2026-02-05,AST-0004,81.4248
2026-02-06,AST-0004,79.0314
2026-02-09,AST-0004,79.6276
2026-02-10,AST-0004,81.5151
2026-02-11,AST-0004,81.4053
2026-02-12,AST-0004,82.1434
2026-02-13,AST-0004,82.9673
2026-02-16,AST-0004,84.3249
2026-02-17,AST-0004,82.7672
2026-02-18,AST-0004,82.7439
2026-02-19,AST-0004,81.5413
2026-02-20,AST-0004,82.1553
2026-02-23,AST-0004,82.8651
2026-02-24,AST-0004,84.8723
2026-02-25,AST-0004,84.7456
2026-02-26,AST-0004,83.8177
2026-02-27,AST-0004,84.0272
2026-03-02,AST-0004,84.6143
2026-03-03,AST-0004,85.3505
2026-03-04,AST-0004,83.4144
2026-03-05,AST-0004,87.3348
2026-03-06,AST-0004,87.5868
2026-03-09,AST-0004,86.3868
2026-03-10,AST-0004,85.6676
2026-03-11,AST-0004,86.8106
2026-03-12,AST-0004,87.0112
2026-03-13,AST-0004,88.6772
2026-03-16,AST-0004,89.3347
2026-03-17,AST-0004,90.9874
2026-03-18,AST-0004,88.8842
2026-03-19,AST-0004,88.3167
2026-03-20,AST-0004,88.2003
2026-03-23,AST-0004,89.0779
2026-03-24,AST-0004,91.4861
2026-03-25,AST-0004,93.5397
2026-03-26,AST-0004,95.2807
2026-03-27,AST-0004,97.8694
2026-03-30,AST-0004,100.7989
2026-03-31,AST-0004,98.9512
2026-04-01,AST-0004,96.0039
2026-04-02,AST-0004,95.8962
2026-04-03,AST-0004,91.9055
2026-04-06,AST-0004,89.7542
2026-04-07,AST-0004,90.7731
2026-04-08,AST-0004,90.7199
2026-04-09,AST-0004,90.2742
2026-04-10,AST-0004,91.7724
2026-04-13,AST-0004,94.1308
2026-04-14,AST-0004,93.9422
2026-04-15,AST-0004,96.7739
2026-04-16,AST-0004,97.0857
2026-04-17,AST-0004,97.3521
2026-04-20,AST-0004,94.9679
2026-04-21,AST-0004,97.4878
2026-04-22,AST-0004,101.8426
2026-04-23,AST-0004,101.7894
2026-04-24,AST-0004,98.0929
2026-04-27,AST-0004,97.2443
2026-04-28,AST-0004,94.465
2026-04-29,AST-0004,95.6717
2026-04-30,AST-0004,95.3704
2026-05-01,AST-0004,95.852
2026-05-04,AST-0004,94.9538
2026-05-05,AST-0004,96.0181
2026-05-06,AST-0004,93.5884
2026-05-07,AST-0004,94.1768
2026-05-08,AST-0004,93.1609
2026-05-11,AST-0004,92.98
2026-05-12,AST-0004,93.5884
2026-05-13,AST-0004,94.4162
2026-05-14,AST-0004,94.6176
2026-05-15,AST-0004,93.6618
2026-05-18,AST-0004,95.1054
2026-05-19,AST-0004,95.0922
2026-05-20,AST-0004,96.573
2026-05-21,AST-0004,94.7968
2026-05-22,AST-0004,93.0128
2026-05-25,AST-0004,93.2076
2026-05-26,AST-0004,93.5153
2026-05-27,AST-0004,92.9959
2026-05-28,AST-0004,93.6884
2026-05-29,AST-0004,93.9276
2026-06-01,AST-0004,93.506
2026-06-02,AST-0004,96.6745
2026-06-03,AST-0004,96.9717
2026-06-04,AST-0004,94.8128
2026-06-05,AST-0004,93.8446
2026-06-08,AST-0004,97.0275
2026-06-09,AST-0004,93.2938
2026-06-10,AST-0004,91.6731
2026-06-11,AST-0004,89.8469
2026-06-12,AST-0004,88.3778
2026-06-15,AST-0004,87.5859
2026-06-16,AST-0004,88.8336
2026-06-17,AST-0004,87.4072
2026-06-18,AST-0004,85.737
2026-06-19,AST-0004,85.1705
2026-06-22,AST-0004,84.1049
2026-06-23,AST-0004,82.9411
2026-06-24,AST-0004,82.7633
2026-06-25,AST-0004,86.1892
2026-06-26,AST-0004,86.2226
2026-06-29,AST-0004,86.3214
2026-06-30,AST-0004,85.837
2026-07-01,AST-0004,87.3367
2026-07-02,AST-0004,88.339
2026-07-03,AST-0004,87.8982
2026-07-06,AST-0004,88.6057
2026-07-07,AST-0004,88.0154
2026-07-08,AST-0004,89.384
2026-07-09,AST-0004,88.1354
2026-07-10,AST-0004,86.5223
2026-07-13,AST-0004,85.42
2026-07-14,AST-0004,86.0536
2026-07-15,AST-0004,84.9847
2026-07-16,AST-0004,86.0922
2026-07-17,AST-0004,87.5074
2026-07-20,AST-0004,88.7734
2026-07-21,AST-0004,87.1848
2026-07-22,AST-0004,85.5898
2026-07-23,AST-0004,83.2542
2026-07-24,AST-0004,83.1363
2026-07-27,AST-0004,83.7349
2026-07-28,AST-0004,83.2842
2026-07-29,AST-0004,84.6324
2026-07-30,AST-0004,85.2562
2026-07-31,AST-0004,85.7661
2026-08-03,AST-0004,85.1939
2026-08-04,AST-0004,86.1495
2026-08-05,AST-0004,86.527
2026-08-06,AST-0004,83.9542
2026-08-07,AST-0004,81.3487
2025-07-28,AST-0005,34.9976
2025-07-29,AST-0005,36.051
2025-07-30,AST-0005,36.0623
2025-07-31,AST-0005,35.9427
2025-08-01,AST-0005,35.6097
2025-08-04,AST-0005,35.6216
2025-08-05,AST-0005,35.8292
2025-08-06,AST-0005,35.7744
2025-08-07,AST-0005,35.5988
2025-08-08,AST-0005,35.6382
2025-08-11,AST-0005,35.8092
2025-08-12,AST-0005,36.3187
2025-08-13,AST-0005,36.3407
2025-08-14,AST-0005,36.1456
2025-08-15,AST-0005,36.5164
2025-08-18,AST-0005,36.5499
2025-08-19,AST-0005,36.7606
2025-08-20,AST-0005,37.5105
2025-08-21,AST-0005,36.9496
2025-08-22,AST-0005,36.6868
2025-08-25,AST-0005,35.4114
2025-08-26,AST-0005,36.0939
2025-08-27,AST-0005,36.1444
2025-08-28,AST-0005,34.8985
2025-08-29,AST-0005,34.7398
2025-09-01,AST-0005,34.6976
2025-09-02,AST-0005,34.4353
2025-09-03,AST-0005,34.9052
2025-09-04,AST-0005,35.2261
2025-09-05,AST-0005,35.4938
2025-09-08,AST-0005,35.2023
2025-09-09,AST-0005,35.5161
2025-09-10,AST-0005,36.387
2025-09-11,AST-0005,36.3565
2025-09-12,AST-0005,36.3493
2025-09-15,AST-0005,35.9151
2025-09-16,AST-0005,36.441
2025-09-17,AST-0005,36.358
2025-09-18,AST-0005,37.3918
2025-09-19,AST-0005,37.8249
2025-09-22,AST-0005,38.324
2025-09-23,AST-0005,37.511
2025-09-24,AST-0005,37.0711
2025-09-25,AST-0005,37.9349
2025-09-26,AST-0005,37.9791
2025-09-29,AST-0005,37.8901
2025-09-30,AST-0005,37.5406
2025-10-01,AST-0005,38.4159
2025-10-02,AST-0005,38.402
2025-10-03,AST-0005,38.0567
2025-10-06,AST-0005,38.5799
2025-10-07,AST-0005,38.4139
2025-10-08,AST-0005,40.0942
2025-10-09,AST-0005,41.0382
2025-10-10,AST-0005,40.181
2025-10-13,AST-0005,39.8152
2025-10-14,AST-0005,39.9227
2025-10-15,AST-0005,40.3378
2025-10-16,AST-0005,40.1691
2025-10-17,AST-0005,39.394
2025-10-20,AST-0005,40.2336
2025-10-21,AST-0005,40.368
2025-10-22,AST-0005,39.4065
2025-10-23,AST-0005,39.17
2025-10-24,AST-0005,37.7878
2025-10-27,AST-0005,38.0892
2025-10-28,AST-0005,37.862
2025-10-29,AST-0005,37.5166
2025-10-30,AST-0005,37.7052
2025-10-31,AST-0005,36.4975
2025-11-03,AST-0005,37.5655
2025-11-04,AST-0005,38.0332
2025-11-05,AST-0005,38.8005
2025-11-06,AST-0005,39.3994
2025-11-07,AST-0005,39.8608
2025-11-10,AST-0005,39.16
2025-11-11,AST-0005,38.8711
2025-11-12,AST-0005,38.8777
2025-11-13,AST-0005,37.9537
2025-11-14,AST-0005,39.2182
2025-11-17,AST-0005,40.7844
2025-11-18,AST-0005,41.2832
2025-11-19,AST-0005,41.0615
2025-11-20,AST-0005,41.1558
2025-11-21,AST-0005,41.2403
2025-11-24,AST-0005,41.2433
2025-11-25,AST-0005,41.0961
2025-11-26,AST-0005,40.5852
2025-11-27,AST-0005,40.175
2025-11-28,AST-0005,39.6345
2025-12-01,AST-0005,40.5262
2025-12-02,AST-0005,40.7346
2025-12-03,AST-0005,39.7445
2025-12-04,AST-0005,38.8921
2025-12-05,AST-0005,38.7186
2025-12-08,AST-0005,38.7193
2025-12-09,AST-0005,38.8207
2025-12-10,AST-0005,38.2617
2025-12-11,AST-0005,37.6817
2025-12-12,AST-0005,36.4709
2025-12-15,AST-0005,36.7574
2025-12-16,AST-0005,37.2146
2025-12-17,AST-0005,37.3988
2025-12-18,AST-0005,36.0382
2025-12-19,AST-0005,36.362
2025-12-22,AST-0005,37.5766
2025-12-23,AST-0005,37.0905
2025-12-24,AST-0005,36.514
2025-12-25,AST-0005,35.9245
2025-12-26,AST-0005,35.8265
2025-12-29,AST-0005,36.7177
2025-12-30,AST-0005,36.7612
2025-12-31,AST-0005,36.7384
2026-01-01,AST-0005,36.5876
2026-01-02,AST-0005,37.6916
2026-01-05,AST-0005,37.1053
2026-01-06,AST-0005,35.9973
2026-01-07,AST-0005,36.4602
2026-01-08,AST-0005,35.2116
2026-01-09,AST-0005,36.1678
2026-01-12,AST-0005,36.6174
2026-01-13,AST-0005,36.2619
2026-01-14,AST-0005,36.6354
2026-01-15,AST-0005,37.2671
2026-01-16,AST-0005,37.9278
2026-01-19,AST-0005,37.765
2026-01-20,AST-0005,37.7879
2026-01-21,AST-0005,37.9413
2026-01-22,AST-0005,39.6989
2026-01-23,AST-0005,40.8143
2026-01-26,AST-0005,40.9943
2026-01-27,AST-0005,41.2437
2026-01-28,AST-0005,41.0577
2026-01-29,AST-0005,41.2109
2026-01-30,AST-0005,40.2001
2026-02-02,AST-0005,39.9619
2026-02-03,AST-0005,39.4702
2026-02-04,AST-0005,37.3902
2026-02-05,AST-0005,38.36
2026-02-06,AST-0005,37.5067
2026-02-09,AST-0005,37.573
2026-02-10,AST-0005,37.2606
2026-02-11,AST-0005,37.82
2026-02-12,AST-0005,38.5287
2026-02-13,AST-0005,39.2868
2026-02-16,AST-0005,38.5385
2026-02-17,AST-0005,39.3484
2026-02-18,AST-0005,39.1281
2026-02-19,AST-0005,39.6552
2026-02-20,AST-0005,39.1989
2026-02-23,AST-0005,38.5954
2026-02-24,AST-0005,38.1525
2026-02-25,AST-0005,39.0619
2026-02-26,AST-0005,39.1357
2026-02-27,AST-0005,39.0046
2026-03-02,AST-0005,39.7804
2026-03-03,AST-0005,39.863
2026-03-04,AST-0005,40.1118
2026-03-05,AST-0005,39.6999
2026-03-06,AST-0005,41.1155
2026-03-09,AST-0005,40.9936
2026-03-10,AST-0005,41.2991
2026-03-11,AST-0005,40.5038
2026-03-12,AST-0005,40.9239
2026-03-13,AST-0005,40.7202
2026-03-16,AST-0005,41.5067
2026-03-17,AST-0005,41.9212
2026-03-18,AST-0005,41.8951
2026-03-19,AST-0005,41.8437
2026-03-20,AST-0005,41.1267
2026-03-23,AST-0005,39.9706
2026-03-24,AST-0005,41.052
2026-03-25,AST-0005,40.7805
2026-03-26,AST-0005,40.8201
2026-03-27,AST-0005,39.7471
2026-03-30,AST-0005,39.7532
2026-03-31,AST-0005,39.4832
2026-04-01,AST-0005,38.1541
2026-04-02,AST-0005,38.1485
2026-04-03,AST-0005,38.9152
2026-04-06,AST-0005,39.1424
2026-04-07,AST-0005,40.139
2026-04-08,AST-0005,39.5939
2026-04-09,AST-0005,39.5941
2026-04-10,AST-0005,39.257
2026-04-13,AST-0005,38.6587
2026-04-14,AST-0005,38.3669
2026-04-15,AST-0005,39.0575
2026-04-16,AST-0005,40.0239
2026-04-17,AST-0005,40.3532
2026-04-20,AST-0005,40.9498
2026-04-21,AST-0005,40.6227
2026-04-22,AST-0005,41.151
2026-04-23,AST-0005,41.5381
2026-04-24,AST-0005,41.5741
2026-04-27,AST-0005,40.7729
2026-04-28,AST-0005,40.5135
2026-04-29,AST-0005,39.9819
2026-04-30,AST-0005,39.807
2026-05-01,AST-0005,39.2253
2026-05-04,AST-0005,39.2485
2026-05-05,AST-0005,39.7304
2026-05-06,AST-0005,39.4951
2026-05-07,AST-0005,39.9606
2026-05-08,AST-0005,40.6338
2026-05-11,AST-0005,40.3328
2026-05-12,AST-0005,39.6053
2026-05-13,AST-0005,40.5951
2026-05-14,AST-0005,41.0663
2026-05-15,AST-0005,41.0106
2026-05-18,AST-0005,41.0155
2026-05-19,AST-0005,40.3417
2026-05-20,AST-0005,40.2088
2026-05-21,AST-0005,39.2212
2026-05-22,AST-0005,39.04
2026-05-25,AST-0005,38.4086
2026-05-26,AST-0005,39.7262
2026-05-27,AST-0005,40.6591
2026-05-28,AST-0005,40.4499
2026-05-29,AST-0005,41.6158
2026-06-01,AST-0005,41.6605
2026-06-02,AST-0005,42.1575
2026-06-03,AST-0005,41.857
2026-06-04,AST-0005,43.0211
2026-06-05,AST-0005,44.2175
2026-06-08,AST-0005,44.6454
2026-06-09,AST-0005,44.2762
2026-06-10,AST-0005,43.4052
2026-06-11,AST-0005,42.7379
2026-06-12,AST-0005,43.7767
2026-06-15,AST-0005,44.2737
2026-06-16,AST-0005,44.4283
2026-06-17,AST-0005,45.0961
2026-06-18,AST-0005,45.9402
2026-06-19,AST-0005,46.0492
2026-06-22,AST-0005,46.065
2026-06-23,AST-0005,46.6389
2026-06-24,AST-0005,46.3773
2026-06-25,AST-0005,46.9768
2026-06-26,AST-0005,48.3796
2026-06-29,AST-0005,49.5028
2026-06-30,AST-0005,49.7657
2026-07-01,AST-0005,49.1263
2026-07-02,AST-0005,50.0088
2026-07-03,AST-0005,50.2483
2026-07-06,AST-0005,51.2262
2026-07-07,AST-0005,51.8864
2026-07-08,AST-0005,51.1987
2026-07-09,AST-0005,50.9157
2026-07-10,AST-0005,48.8943
2026-07-13,AST-0005,49.4217
2026-07-14,AST-0005,47.2614
2026-07-15,AST-0005,47.6793
2026-07-16,AST-0005,47.8099
2026-07-17,AST-0005,48.2889
2026-07-20,AST-0005,48.5224
2026-07-21,AST-0005,48.5362
2026-07-22,AST-0005,47.888
2026-07-23,AST-0005,47.2711
2026-07-24,AST-0005,46.9558
2026-07-27,AST-0005,46.1626
2026-07-28,AST-0005,46.3321
2026-07-29,AST-0005,44.4714
2026-07-30,AST-0005,44.0003
2026-07-31,AST-0005,43.3844
2026-08-03,AST-0005,44.6467
2026-08-04,AST-0005,44.2606
2026-08-05,AST-0005,44.8384
2026-08-06,AST-0005,44.8836
2026-08-07,AST-0005,43.0132
2025-07-28,AST-0006,261.2333
2025-07-29,AST-0006,259.7275
2025-07-30,AST-0006,251.7222
2025-07-31,AST-0006,251.7497
2025-08-01,AST-0006,255.8269
2025-08-04,AST-0006,259.3215
2025-08-05,AST-0006,258.4542
2025-08-06,AST-0006,254.6203
2025-08-07,AST-0006,255.4725
2025-08-08,AST-0006,261.5164
2025-08-11,AST-0006,259.3155
2025-08-12,AST-0006,255.7104
2025-08-13,AST-0006,258.8248
2025-08-14,AST-0006,257.6922
2025-08-15,AST-0006,250.3687
2025-08-18,AST-0006,249.204
2025-08-19,AST-0006,249.6926
2025-08-20,AST-0006,250.8469
2025-08-21,AST-0006,244.6913
2025-08-22,AST-0006,248.0084
2025-08-25,AST-0006,247.649
2025-08-26,AST-0006,243.6792
2025-08-27,AST-0006,244.904
2025-08-28,AST-0006,247.9336
2025-08-29,AST-0006,248.9851
2025-09-01,AST-0006,246.6448
2025-09-02,AST-0006,245.7047
2025-09-03,AST-0006,249.338
2025-09-04,AST-0006,244.8353
2025-09-05,AST-0006,243.2683
2025-09-08,AST-0006,239.0908
2025-09-09,AST-0006,239.9432
2025-09-10,AST-0006,245.176
2025-09-11,AST-0006,250.5571
2025-09-12,AST-0006,255.5793
2025-09-15,AST-0006,262.4615
2025-09-16,AST-0006,259.1404
2025-09-17,AST-0006,262.2023
2025-09-18,AST-0006,262.9821
2025-09-19,AST-0006,262.014
2025-09-22,AST-0006,262.228
2025-09-23,AST-0006,258.954
2025-09-24,AST-0006,252.9529
2025-09-25,AST-0006,248.6465
2025-09-26,AST-0006,250.7835
2025-09-29,AST-0006,246.0186
2025-09-30,AST-0006,242.5832
2025-10-01,AST-0006,243.548
2025-10-02,AST-0006,238.3881
2025-10-03,AST-0006,240.7198
2025-10-06,AST-0006,243.8868
2025-10-07,AST-0006,243.5485
2025-10-08,AST-0006,245.3947
2025-10-09,AST-0006,244.6511
2025-10-10,AST-0006,236.3792
2025-10-13,AST-0006,237.8408
2025-10-14,AST-0006,236.7041
2025-10-15,AST-0006,236.2253
2025-10-16,AST-0006,238.1666
2025-10-17,AST-0006,238.0733
2025-10-20,AST-0006,240.2384
2025-10-21,AST-0006,243.5087
2025-10-22,AST-0006,244.7579
2025-10-23,AST-0006,244.0729
2025-10-24,AST-0006,235.2491
2025-10-27,AST-0006,240.1611
2025-10-28,AST-0006,244.2781
2025-10-29,AST-0006,240.7737
2025-10-30,AST-0006,239.2561
2025-10-31,AST-0006,240.4443
2025-11-03,AST-0006,242.5562
2025-11-04,AST-0006,246.4003
2025-11-05,AST-0006,246.4562
2025-11-06,AST-0006,241.2379
2025-11-07,AST-0006,245.4543
2025-11-10,AST-0006,231.75
2025-11-11,AST-0006,227.1829
2025-11-12,AST-0006,227.166
2025-11-13,AST-0006,232.5214
2025-11-14,AST-0006,229.3304
2025-11-17,AST-0006,229.5153
2025-11-18,AST-0006,227.4075
2025-11-19,AST-0006,228.8313
2025-11-20,AST-0006,220.471
2025-11-21,AST-0006,222.5057
2025-11-24,AST-0006,229.4911
2025-11-25,AST-0006,227.698
2025-11-26,AST-0006,235.9491
2025-11-27,AST-0006,237.7646
2025-11-28,AST-0006,228.5908
2025-12-01,AST-0006,226.9114
2025-12-02,AST-0006,219.8728
2025-12-03,AST-0006,212.3518
2025-12-04,AST-0006,211.0627
2025-12-05,AST-0006,212.6028
2025-12-08,AST-0006,206.9306
2025-12-09,AST-0006,207.8856
2025-12-10,AST-0006,203.5768
2025-12-11,AST-0006,198.802
2025-12-12,AST-0006,196.3914
2025-12-15,AST-0006,203.7514
2025-12-16,AST-0006,200.0998
2025-12-17,AST-0006,203.8788
2025-12-18,AST-0006,202.9708
2025-12-19,AST-0006,206.5225
2025-12-22,AST-0006,210.5537
2025-12-23,AST-0006,210.4563
2025-12-24,AST-0006,212.251
2025-12-25,AST-0006,211.1191
2025-12-26,AST-0006,216.2198
2025-12-29,AST-0006,213.4826
2025-12-30,AST-0006,216.5412
2025-12-31,AST-0006,218.212
2026-01-01,AST-0006,221.1042
2026-01-02,AST-0006,215.8023
2026-01-05,AST-0006,217.4834
2026-01-06,AST-0006,221.256
2026-01-07,AST-0006,225.9572
2026-01-08,AST-0006,228.9978
2026-01-09,AST-0006,235.2361
2026-01-12,AST-0006,230.7036
2026-01-13,AST-0006,227.9492
2026-01-14,AST-0006,224.674
2026-01-15,AST-0006,220.8737
2026-01-16,AST-0006,220.2381
2026-01-19,AST-0006,227.4534
2026-01-20,AST-0006,225.6123
2026-01-21,AST-0006,223.2126
2026-01-22,AST-0006,223.4686
2026-01-23,AST-0006,215.996
2026-01-26,AST-0006,218.0612
2026-01-27,AST-0006,217.0188
2026-01-28,AST-0006,214.2314
2026-01-29,AST-0006,211.7339
2026-01-30,AST-0006,206.916
2026-02-02,AST-0006,207.6709
2026-02-03,AST-0006,208.0384
2026-02-04,AST-0006,203.9965
2026-02-05,AST-0006,208.0258
2026-02-06,AST-0006,214.5688
2026-02-09,AST-0006,210.1866
2026-02-10,AST-0006,215.1698
2026-02-11,AST-0006,219.3248
2026-02-12,AST-0006,225.1415
2026-02-13,AST-0006,232.8061
2026-02-16,AST-0006,237.289
2026-02-17,AST-0006,236.6107
2026-02-18,AST-0006,238.9861
2026-02-19,AST-0006,238.5328
2026-02-20,AST-0006,240.1806
2026-02-23,AST-0006,240.8759
2026-02-24,AST-0006,245.5736
2026-02-25,AST-0006,240.1671
2026-02-26,AST-0006,239.0689
2026-02-27,AST-0006,235.6686
2026-03-02,AST-0006,236.5079
2026-03-03,AST-0006,240.8659
2026-03-04,AST-0006,237.4302
2026-03-05,AST-0006,236.2164
2026-03-06,AST-0006,242.2696
2026-03-09,AST-0006,244.2891
2026-03-10,AST-0006,242.0849
2026-03-11,AST-0006,242.2093
2026-03-12,AST-0006,244.4079
2026-03-13,AST-0006,241.8927
2026-03-16,AST-0006,236.7194
2026-03-17,AST-0006,238.1503
2026-03-18,AST-0006,236.9218
2026-03-19,AST-0006,229.9909
2026-03-20,AST-0006,224.0387
2026-03-23,AST-0006,225.0676
2026-03-24,AST-0006,225.3487
2026-03-25,AST-0006,227.7301
2026-03-26,AST-0006,233.1308
2026-03-27,AST-0006,238.8351
2026-03-30,AST-0006,238.1172
2026-03-31,AST-0006,238.8556
2026-04-01,AST-0006,239.0912
2026-04-02,AST-0006,235.6446
2026-04-03,AST-0006,233.1186
2026-04-06,AST-0006,233.0469
2026-04-07,AST-0006,229.4591
2026-04-08,AST-0006,227.0845
2026-04-09,AST-0006,229.8326
2026-04-10,AST-0006,230.298
2026-04-13,AST-0006,231.6973
2026-04-14,AST-0006,234.5016
2026-04-15,AST-0006,236.0542
2026-04-16,AST-0006,235.3944
2026-04-17,AST-0006,231.9951
2026-04-20,AST-0006,231.9338
2026-04-21,AST-0006,233.5035
2026-04-22,AST-0006,235.4423
2026-04-23,AST-0006,238.7303
2026-04-24,AST-0006,248.116
2026-04-27,AST-0006,240.3675
2026-04-28,AST-0006,242.3946
2026-04-29,AST-0006,243.538
2026-04-30,AST-0006,250.2309
2026-05-01,AST-0006,257.0032
2026-05-04,AST-0006,265.6314
2026-05-05,AST-0006,276.2004
2026-05-06,AST-0006,265.2717
2026-05-07,AST-0006,261.6284
2026-05-08,AST-0006,257.7302
2026-05-11,AST-0006,248.7429
2026-05-12,AST-0006,250.6063
2026-05-13,AST-0006,252.1689
2026-05-14,AST-0006,257.7531
2026-05-15,AST-0006,256.7264
2026-05-18,AST-0006,259.6379
2026-05-19,AST-0006,263.2288
2026-05-20,AST-0006,266.8079
2026-05-21,AST-0006,260.5807
2026-05-22,AST-0006,257.6325
2026-05-25,AST-0006,250.4108
2026-05-26,AST-0006,245.146
2026-05-27,AST-0006,241.6636
2026-05-28,AST-0006,237.1272
2026-05-29,AST-0006,235.8785
2026-06-01,AST-0006,233.2455
2026-06-02,AST-0006,236.1874
2026-06-03,AST-0006,237.1706
2026-06-04,AST-0006,235.334
2026-06-05,AST-0006,237.6616
2026-06-08,AST-0006,240.721
2026-06-09,AST-0006,240.3524
2026-06-10,AST-0006,236.2915
2026-06-11,AST-0006,233.1935
2026-06-12,AST-0006,238.6244
2026-06-15,AST-0006,240.8186
2026-06-16,AST-0006,240.3146
2026-06-17,AST-0006,234.5209
2026-06-18,AST-0006,232.0646
2026-06-19,AST-0006,241.0342
2026-06-22,AST-0006,243.7738
2026-06-23,AST-0006,245.1986
2026-06-24,AST-0006,244.0007
2026-06-25,AST-0006,249.4767
2026-06-26,AST-0006,251.6859
2026-06-29,AST-0006,251.1297
2026-06-30,AST-0006,247.5855
2026-07-01,AST-0006,253.328
2026-07-02,AST-0006,251.5509
2026-07-03,AST-0006,252.1553
2026-07-06,AST-0006,249.9814
2026-07-07,AST-0006,251.5019
2026-07-08,AST-0006,245.799
2026-07-09,AST-0006,239.7612
2026-07-10,AST-0006,238.9902
2026-07-13,AST-0006,239.6625
2026-07-14,AST-0006,238.2918
2026-07-15,AST-0006,237.325
2026-07-16,AST-0006,240.9
2026-07-17,AST-0006,245.2468
2026-07-20,AST-0006,243.0986
2026-07-21,AST-0006,237.0504
2026-07-22,AST-0006,236.251
2026-07-23,AST-0006,229.5022
2026-07-24,AST-0006,227.3116
2026-07-27,AST-0006,223.7689
2026-07-28,AST-0006,219.3638
2026-07-29,AST-0006,222.2376
2026-07-30,AST-0006,215.0743
2026-07-31,AST-0006,218.8419
2026-08-03,AST-0006,218.3571
2026-08-04,AST-0006,222.595
2026-08-05,AST-0006,219.2796
2026-08-06,AST-0006,221.2534
2026-08-07,AST-0006,218.7673
2025-07-28,AST-0007,98.0325
2025-07-29,AST-0007,97.2766
2025-07-30,AST-0007,98.5388
2025-07-31,AST-0007,100.6773
2025-08-01,AST-0007,101.7466
2025-08-04,AST-0007,104.6026
2025-08-05,AST-0007,109.5649
2025-08-06,AST-0007,105.6568
2025-08-07,AST-0007,106.6868
2025-08-08,AST-0007,107.2836
2025-08-11,AST-0007,105.3654
2025-08-12,AST-0007,104.6524
2025-08-13,AST-0007,103.2008
2025-08-14,AST-0007,105.015
2025-08-15,AST-0007,103.0768
2025-08-18,AST-0007,103.8753
2025-08-19,AST-0007,102.1576
2025-08-20,AST-0007,103.709
2025-08-21,AST-0007,102.265
2025-08-22,AST-0007,103.6473
2025-08-25,AST-0007,102.1493
2025-08-26,AST-0007,103.0104
2025-08-27,AST-0007,100.9435
2025-08-28,AST-0007,96.9204
2025-08-29,AST-0007,98.8528
2025-09-01,AST-0007,99.4646
2025-09-02,AST-0007,99.0315
2025-09-03,AST-0007,96.7729
2025-09-04,AST-0007,94.9583
2025-09-05,AST-0007,94.7486
2025-09-08,AST-0007,95.0378
2025-09-09,AST-0007,97.9656
2025-09-10,AST-0007,98.5177
2025-09-11,AST-0007,98.9599
2025-09-12,AST-0007,97.1739
2025-09-15,AST-0007,98.5927
2025-09-16,AST-0007,98.7033
2025-09-17,AST-0007,100.1056
2025-09-18,AST-0007,101.3317
2025-09-19,AST-0007,100.9449
2025-09-22,AST-0007,105.5537
2025-09-23,AST-0007,104.8604
2025-09-24,AST-0007,109.808
2025-09-25,AST-0007,110.0801
2025-09-26,AST-0007,108.31
2025-09-29,AST-0007,105.0511
2025-09-30,AST-0007,102.7367
2025-10-01,AST-0007,102.4584
2025-10-02,AST-0007,100.6423
2025-10-03,AST-0007,98.4863
2025-10-06,AST-0007,98.161
2025-10-07,AST-0007,100.1181
2025-10-08,AST-0007,98.1747
2025-10-09,AST-0007,100.3558
2025-10-10,AST-0007,102.0532
2025-10-13,AST-0007,102.0013
2025-10-14,AST-0007,104.6867
2025-10-15,AST-0007,101.7664
2025-10-16,AST-0007,101.3276
2025-10-17,AST-0007,101.2468
2025-10-20,AST-0007,101.0315
2025-10-21,AST-0007,104.0713
2025-10-22,AST-0007,104.419
2025-10-23,AST-0007,105.7997
2025-10-24,AST-0007,102.1994
2025-10-27,AST-0007,103.0852
2025-10-28,AST-0007,103.2336
2025-10-29,AST-0007,104.3286
2025-10-30,AST-0007,103.9996
2025-10-31,AST-0007,104.0797
2025-11-03,AST-0007,105.653
2025-11-04,AST-0007,104.8399
2025-11-05,AST-0007,104.6224
2025-11-06,AST-0007,103.6225
2025-11-07,AST-0007,104.1633
2025-11-10,AST-0007,104.7574
2025-11-11,AST-0007,103.3359
2025-11-12,AST-0007,102.9499
2025-11-13,AST-0007,105.2874
2025-11-14,AST-0007,106.0456
2025-11-17,AST-0007,106.5514
2025-11-18,AST-0007,106.0398
2025-11-19,AST-0007,103.0706
2025-11-20,AST-0007,102.9377
2025-11-21,AST-0007,102.63
2025-11-24,AST-0007,100.7078
2025-11-25,AST-0007,101.4684
2025-11-26,AST-0007,102.1133
2025-11-27,AST-0007,100.9592
2025-11-28,AST-0007,99.512
2025-12-01,AST-0007,101.0719
2025-12-02,AST-0007,100.736
2025-12-03,AST-0007,101.3065
2025-12-04,AST-0007,99.4017
2025-12-05,AST-0007,97.7521
2025-12-08,AST-0007,97.4276
2025-12-09,AST-0007,98.9652
2025-12-10,AST-0007,98.5134
2025-12-11,AST-0007,100.897
2025-12-12,AST-0007,100.2172
2025-12-15,AST-0007,101.1469
2025-12-16,AST-0007,100.8771
2025-12-17,AST-0007,98.5707
2025-12-18,AST-0007,102.8298
2025-12-19,AST-0007,102.4119
2025-12-22,AST-0007,105.608
2025-12-23,AST-0007,105.6468
2025-12-24,AST-0007,103.7292
2025-12-25,AST-0007,104.3182
2025-12-26,AST-0007,108.0717
2025-12-29,AST-0007,111.2373
2025-12-30,AST-0007,111.8427
2025-12-31,AST-0007,113.301
2026-01-01,AST-0007,117.2706
2026-01-02,AST-0007,116.763
2026-01-05,AST-0007,117.7655
2026-01-06,AST-0007,117.4728
2026-01-07,AST-0007,113.2047
2026-01-08,AST-0007,114.2116
2026-01-09,AST-0007,117.4585
2026-01-12,AST-0007,115.3654
2026-01-13,AST-0007,118.4824
2026-01-14,AST-0007,120.3513
2026-01-15,AST-0007,120.9635
2026-01-16,AST-0007,119.3271
2026-01-19,AST-0007,117.2871
2026-01-20,AST-0007,115.7387
2026-01-21,AST-0007,116.4906
2026-01-22,AST-0007,118.9223
2026-01-23,AST-0007,114.728
2026-01-26,AST-0007,118.9722
2026-01-27,AST-0007,121.4364
2026-01-28,AST-0007,118.3322
2026-01-29,AST-0007,121.5605
2026-01-30,AST-0007,123.6458
2026-02-02,AST-0007,122.0367
2026-02-03,AST-0007,122.6519
2026-02-04,AST-0007,123.1698
2026-02-05,AST-0007,121.185
2026-02-06,AST-0007,121.9612
2026-02-09,AST-0007,120.3592
2026-02-10,AST-0007,119.092
2026-02-11,AST-0007,119.7181
2026-02-12,AST-0007,121.4136
2026-02-13,AST-0007,120.4677
2026-02-16,AST-0007,119.0431
2026-02-17,AST-0007,117.8694
2026-02-18,AST-0007,121.1114
2026-02-19,AST-0007,118.1597
2026-02-20,AST-0007,120.5256
2026-02-23,AST-0007,119.048
2026-02-24,AST-0007,116.7549
2026-02-25,AST-0007,116.9219
2026-02-26,AST-0007,115.0436
2026-02-27,AST-0007,119.6547
2026-03-02,AST-0007,122.562
2026-03-03,AST-0007,122.2089
2026-03-04,AST-0007,115.6279
2026-03-05,AST-0007,116.5146
2026-03-06,AST-0007,118.5762
2026-03-09,AST-0007,117.7217
2026-03-10,AST-0007,118.5104
2026-03-11,AST-0007,120.1037
2026-03-12,AST-0007,121.3383
2026-03-13,AST-0007,122.8959
2026-03-16,AST-0007,123.8295
2026-03-17,AST-0007,123.7503
2026-03-18,AST-0007,123.9342
2026-03-19,AST-0007,127.822
2026-03-20,AST-0007,126.743
2026-03-23,AST-0007,129.618
2026-03-24,AST-0007,129.397
2026-03-25,AST-0007,131.954
2026-03-26,AST-0007,133.4308
2026-03-27,AST-0007,133.1045
2026-03-30,AST-0007,131.9229
2026-03-31,AST-0007,134.209
2026-04-01,AST-0007,136.0213
2026-04-02,AST-0007,134.29
2026-04-03,AST-0007,136.8155
2026-04-06,AST-0007,137.1222
2026-04-07,AST-0007,134.9987
2026-04-08,AST-0007,132.6492
2026-04-09,AST-0007,131.978
2026-04-10,AST-0007,134.8296
2026-04-13,AST-0007,135.0127
2026-04-14,AST-0007,134.7539
2026-04-15,AST-0007,139.7587
2026-04-16,AST-0007,138.8999
2026-04-17,AST-0007,141.1551
2026-04-20,AST-0007,140.3653
2026-04-21,AST-0007,141.1598
2026-04-22,AST-0007,142.4518
2026-04-23,AST-0007,144.5003
2026-04-24,AST-0007,146.3565
2026-04-27,AST-0007,146.2958
2026-04-28,AST-0007,146.643
2026-04-29,AST-0007,147.558
2026-04-30,AST-0007,150.6028
2026-05-01,AST-0007,150.1373
2026-05-04,AST-0007,151.1357
2026-05-05,AST-0007,153.0212
2026-05-06,AST-0007,145.6172
2026-05-07,AST-0007,143.4483
2026-05-08,AST-0007,141.2843
2026-05-11,AST-0007,140.3958
2026-05-12,AST-0007,142.0226
2026-05-13,AST-0007,142.1411
2026-05-14,AST-0007,138.0002
2026-05-15,AST-0007,140.0321
2026-05-18,AST-0007,139.8845
2026-05-19,AST-0007,139.9906
2026-05-20,AST-0007,140.3566
2026-05-21,AST-0007,134.8129
2026-05-22,AST-0007,133.9755
2026-05-25,AST-0007,133.9801
2026-05-26,AST-0007,138.8696
2026-05-27,AST-0007,140.0783
2026-05-28,AST-0007,136.4959
2026-05-29,AST-0007,139.3391
2026-06-01,AST-0007,139.2231
2026-06-02,AST-0007,141.325
2026-06-03,AST-0007,138.4113
2026-06-04,AST-0007,140.2152
2026-06-05,AST-0007,138.0586
2026-06-08,AST-0007,141.7146
2026-06-09,AST-0007,143.1224
2026-06-10,AST-0007,144.6822
2026-06-11,AST-0007,137.2388
2026-06-12,AST-0007,136.7484
2026-06-15,AST-0007,137.2962
2026-06-16,AST-0007,134.8364
2026-06-17,AST-0007,132.0991
2026-06-18,AST-0007,131.1263
2026-06-19,AST-0007,131.0608
2026-06-22,AST-0007,132.6409
2026-06-23,AST-0007,131.2428
2026-06-24,AST-0007,133.6561
2026-06-25,AST-0007,134.1914
2026-06-26,AST-0007,135.8439
2026-06-29,AST-0007,134.4937
2026-06-30,AST-0007,142.6078
2026-07-01,AST-0007,139.9168
2026-07-02,AST-0007,141.4046
2026-07-03,AST-0007,144.1286
2026-07-06,AST-0007,141.8618
2026-07-07,AST-0007,139.8234
2026-07-08,AST-0007,137.2172
2026-07-09,AST-0007,140.0397
2026-07-10,AST-0007,139.2575
2026-07-13,AST-0007,136.607
2026-07-14,AST-0007,134.9358
2026-07-15,AST-0007,135.3471
2026-07-16,AST-0007,131.7254
2026-07-17,AST-0007,136.3389
2026-07-20,AST-0007,134.0587
2026-07-21,AST-0007,131.9934
2026-07-22,AST-0007,131.9819
2026-07-23,AST-0007,130.6958
2026-07-24,AST-0007,133.9813
2026-07-27,AST-0007,133.6426
2026-07-28,AST-0007,129.5434
2026-07-29,AST-0007,128.2008
2026-07-30,AST-0007,124.6587
2026-07-31,AST-0007,125.2955
2026-08-03,AST-0007,125.7059
2026-08-04,AST-0007,125.2031
2026-08-05,AST-0007,122.0648
2026-08-06,AST-0007,125.5827
2026-08-07,AST-0007,121.3592
2025-07-28,AST-0008,65.5307
2025-07-29,AST-0008,64.2889
2025-07-30,AST-0008,65.2208
2025-07-31,AST-0008,66.6679
2025-08-01,AST-0008,65.3354
2025-08-04,AST-0008,64.853
2025-08-05,AST-0008,63.8105
2025-08-06,AST-0008,62.9598
2025-08-07,AST-0008,62.4236
2025-08-08,AST-0008,62.1751
2025-08-11,AST-0008,61.6684
2025-08-12,AST-0008,61.2663
2025-08-13,AST-0008,60.2477
2025-08-14,AST-0008,58.5083
2025-08-15,AST-0008,56.9342
2025-08-18,AST-0008,56.3236
2025-08-19,AST-0008,54.9086
2025-08-20,AST-0008,54.0325
2025-08-21,AST-0008,53.2646
2025-08-22,AST-0008,54.2159
2025-08-25,AST-0008,54.2562
2025-08-26,AST-0008,54.4906
2025-08-27,AST-0008,53.3356
2025-08-28,AST-0008,52.5209
2025-08-29,AST-0008,52.2701
2025-09-01,AST-0008,51.2275
2025-09-02,AST-0008,50.7371
2025-09-03,AST-0008,50.4747
2025-09-04,AST-0008,51.1699
2025-09-05,AST-0008,50.9088
2025-09-08,AST-0008,51.1003
2025-09-09,AST-0008,51.2636
2025-09-10,AST-0008,51.6031
2025-09-11,AST-0008,50.9732
2025-09-12,AST-0008,50.8583
2025-09-15,AST-0008,51.074
2025-09-16,AST-0008,51.3435
2025-09-17,AST-0008,51.8057
2025-09-18,AST-0008,53.5093
2025-09-19,AST-0008,52.7124
2025-09-22,AST-0008,55.4224
2025-09-23,AST-0008,54.6481
2025-09-24,AST-0008,54.6524
2025-09-25,AST-0008,54.7498
2025-09-26,AST-0008,53.3096
2025-09-29,AST-0008,52.8263
2025-09-30,AST-0008,51.6958
2025-10-01,AST-0008,51.321
2025-10-02,AST-0008,49.675
2025-10-03,AST-0008,49.4569
2025-10-06,AST-0008,47.6807
2025-10-07,AST-0008,47.546
2025-10-08,AST-0008,47.6984
2025-10-09,AST-0008,47.4724
2025-10-10,AST-0008,48.9368
2025-10-13,AST-0008,48.3789
2025-10-14,AST-0008,48.8938
2025-10-15,AST-0008,48.2389
2025-10-16,AST-0008,45.6683
2025-10-17,AST-0008,45.1339
2025-10-20,AST-0008,45.6379
2025-10-21,AST-0008,47.8865
2025-10-22,AST-0008,47.8996
2025-10-23,AST-0008,48.5262
2025-10-24,AST-0008,49.3774
2025-10-27,AST-0008,50.0543
2025-10-28,AST-0008,49.7191
2025-10-29,AST-0008,48.9428
2025-10-30,AST-0008,49.1991
2025-10-31,AST-0008,49.8756
2025-11-03,AST-0008,49.5279
2025-11-04,AST-0008,48.1275
2025-11-05,AST-0008,48.6645
2025-11-06,AST-0008,48.2398
2025-11-07,AST-0008,49.1921
2025-11-10,AST-0008,50.1342
2025-11-11,AST-0008,49.5981
2025-11-12,AST-0008,49.4225
2025-11-13,AST-0008,48.9392
2025-11-14,AST-0008,48.4506
2025-11-17,AST-0008,49.6246
2025-11-18,AST-0008,50.5947
2025-11-19,AST-0008,50.1372
2025-11-20,AST-0008,49.1667
2025-11-21,AST-0008,50.0748
2025-11-24,AST-0008,50.0232
2025-11-25,AST-0008,50.079
2025-11-26,AST-0008,50.5422
2025-11-27,AST-0008,50.123
2025-11-28,AST-0008,50.6866
2025-12-01,AST-0008,51.6935
2025-12-02,AST-0008,51.4018
2025-12-03,AST-0008,51.7784
2025-12-04,AST-0008,51.374
2025-12-05,AST-0008,51.1436
2025-12-08,AST-0008,49.4413
2025-12-09,AST-0008,48.3008
2025-12-10,AST-0008,48.6747
2025-12-11,AST-0008,49.276
2025-12-12,AST-0008,49.6423
2025-12-15,AST-0008,49.079
2025-12-16,AST-0008,49.4042
2025-12-17,AST-0008,49.6067
2025-12-18,AST-0008,50.4042
2025-12-19,AST-0008,51.1752
2025-12-22,AST-0008,52.8767
2025-12-23,AST-0008,54.6502
2025-12-24,AST-0008,55.0165
2025-12-25,AST-0008,55.6084
2025-12-26,AST-0008,56.4361
2025-12-29,AST-0008,57.0708
2025-12-30,AST-0008,56.5058
2025-12-31,AST-0008,56.4828
2026-01-01,AST-0008,56.8967
2026-01-02,AST-0008,58.0273
2026-01-05,AST-0008,57.2932
2026-01-06,AST-0008,56.6941
2026-01-07,AST-0008,55.8474
2026-01-08,AST-0008,55.5001
2026-01-09,AST-0008,54.6618
2026-01-12,AST-0008,53.8717
2026-01-13,AST-0008,53.1211
2026-01-14,AST-0008,51.4846
2026-01-15,AST-0008,51.7538
2026-01-16,AST-0008,52.8537
2026-01-19,AST-0008,53.7586
2026-01-20,AST-0008,54.9102
2026-01-21,AST-0008,52.9805
2026-01-22,AST-0008,52.5752
2026-01-23,AST-0008,53.0531
2026-01-26,AST-0008,53.7921
2026-01-27,AST-0008,54.4624
2026-01-28,AST-0008,54.2707
2026-01-29,AST-0008,53.598
2026-01-30,AST-0008,54.5623
2026-02-02,AST-0008,54.3826
2026-02-03,AST-0008,51.9211
2026-02-04,AST-0008,49.7731
2026-02-05,AST-0008,50.42
2026-02-06,AST-0008,48.6786
2026-02-09,AST-0008,47.4915
2026-02-10,AST-0008,48.9236
2026-02-11,AST-0008,49.6166
2026-02-12,AST-0008,49.8901
2026-02-13,AST-0008,48.6506
2026-02-16,AST-0008,49.9548
2026-02-17,AST-0008,49.8791
2026-02-18,AST-0008,51.5345
2026-02-19,AST-0008,51.3067
2026-02-20,AST-0008,51.4693
2026-02-23,AST-0008,50.758
2026-02-24,AST-0008,52.017
2026-02-25,AST-0008,51.457
2026-02-26,AST-0008,51.8691
2026-02-27,AST-0008,54.0824
2026-03-02,AST-0008,53.9284
2026-03-03,AST-0008,53.8669
2026-03-04,AST-0008,55.256
2026-03-05,AST-0008,55.4663
2026-03-06,AST-0008,54.2183
2026-03-09,AST-0008,53.8264
2026-03-10,AST-0008,53.8913
2026-03-11,AST-0008,54.1204
2026-03-12,AST-0008,55.6768
2026-03-13,AST-0008,55.7903
2026-03-16,AST-0008,55.048
2026-03-17,AST-0008,55.1682
2026-03-18,AST-0008,56.5627
2026-03-19,AST-0008,55.5453
2026-03-20,AST-0008,55.2185
2026-03-23,AST-0008,55.6398
2026-03-24,AST-0008,54.7603
2026-03-25,AST-0008,55.0665
2026-03-26,AST-0008,55.1778
2026-03-27,AST-0008,55.6093
2026-03-30,AST-0008,55.032
2026-03-31,AST-0008,55.1104
2026-04-01,AST-0008,55.2358
2026-04-02,AST-0008,54.1449
2026-04-03,AST-0008,54.8761
2026-04-06,AST-0008,55.8509
2026-04-07,AST-0008,55.1895
2026-04-08,AST-0008,55.0487
2026-04-09,AST-0008,54.8785
2026-04-10,AST-0008,55.7334
2026-04-13,AST-0008,56.3775
2026-04-14,AST-0008,55.8609
2026-04-15,AST-0008,55.3208
2026-04-16,AST-0008,55.7688
2026-04-17,AST-0008,54.4635
2026-04-20,AST-0008,54.5143
2026-04-21,AST-0008,55.6705
2026-04-22,AST-0008,57.4887
2026-04-23,AST-0008,57.8865
2026-04-24,AST-0008,59.2915
2026-04-27,AST-0008,59.9331
2026-04-28,AST-0008,62.2086
2026-04-29,AST-0008,61.7512
2026-04-30,AST-0008,62.7239
2026-05-01,AST-0008,62.5191
2026-05-04,AST-0008,64.0571
2026-05-05,AST-0008,62.7146
2026-05-06,AST-0008,62.4304
2026-05-07,AST-0008,61.8184
2026-05-08,AST-0008,61.7759
2026-05-11,AST-0008,61.6473
2026-05-12,AST-0008,61.9956
2026-05-13,AST-0008,61.9492
2026-05-14,AST-0008,62.338
2026-05-15,AST-0008,61.7761
2026-05-18,AST-0008,61.1109
2026-05-19,AST-0008,59.2479
2026-05-20,AST-0008,60.62
2026-05-21,AST-0008,58.9148
2026-05-22,AST-0008,57.9034
2026-05-25,AST-0008,58.4113
2026-05-26,AST-0008,59.8168
2026-05-27,AST-0008,61.7677
2026-05-28,AST-0008,62.3595
2026-05-29,AST-0008,64.0471
2026-06-01,AST-0008,64.2132
2026-06-02,AST-0008,65.5287
2026-06-03,AST-0008,66.7827
2026-06-04,AST-0008,65.863
2026-06-05,AST-0008,67.0077
2026-06-08,AST-0008,67.5968
2026-06-09,AST-0008,67.8806
2026-06-10,AST-0008,68.2569
2026-06-11,AST-0008,67.6092
2026-06-12,AST-0008,68.9882
2026-06-15,AST-0008,67.154
2026-06-16,AST-0008,67.2951
2026-06-17,AST-0008,66.2282
2026-06-18,AST-0008,65.7407
2026-06-19,AST-0008,66.6868
2026-06-22,AST-0008,66.3806
2026-06-23,AST-0008,65.7396
2026-06-24,AST-0008,63.6932
2026-06-25,AST-0008,65.1241
2026-06-26,AST-0008,66.9515
2026-06-29,AST-0008,67.7121
2026-06-30,AST-0008,67.1872
2026-07-01,AST-0008,67.614
2026-07-02,AST-0008,68.4648
2026-07-03,AST-0008,66.3098
2026-07-06,AST-0008,68.1084
2026-07-07,AST-0008,69.1268
2026-07-08,AST-0008,69.8441
2026-07-09,AST-0008,70.1299
2026-07-10,AST-0008,70.0555
2026-07-13,AST-0008,70.7159
2026-07-14,AST-0008,70.6898
2026-07-15,AST-0008,71.6029
2026-07-16,AST-0008,71.2413
2026-07-17,AST-0008,70.373
2026-07-20,AST-0008,71.5668
2026-07-21,AST-0008,71.4079
2026-07-22,AST-0008,70.8586
2026-07-23,AST-0008,68.4455
2026-07-24,AST-0008,65.5423
2026-07-27,AST-0008,64.8159
2026-07-28,AST-0008,64.085
2026-07-29,AST-0008,63.8519
2026-07-30,AST-0008,65.3471
2026-07-31,AST-0008,62.9005
2026-08-03,AST-0008,66.7167
2026-08-04,AST-0008,65.8958
2026-08-05,AST-0008,65.8573
2026-08-06,AST-0008,67.859
2026-08-07,AST-0008,66.1152
2025-07-28,AST-0009,86.9864
2025-07-29,AST-0009,90.2398
2025-07-30,AST-0009,91.4605
2025-07-31,AST-0009,89.9303
2025-08-01,AST-0009,90.1931
2025-08-04,AST-0009,91.9362
2025-08-05,AST-0009,90.8245
2025-08-06,AST-0009,89.4024
2025-08-07,AST-0009,88.7927
2025-08-08,AST-0009,88.6814
2025-08-11,AST-0009,88.8397
2025-08-12,AST-0009,88.9723
2025-08-13,AST-0009,89.1736
2025-08-14,AST-0009,88.8031
2025-08-15,AST-0009,89.5878
2025-08-18,AST-0009,87.742
2025-08-19,AST-0009,87.8447
2025-08-20,AST-0009,87.935
2025-08-21,AST-0009,88.336
2025-08-22,AST-0009,87.0516
2025-08-25,AST-0009,85.6092
2025-08-26,AST-0009,86.1924
2025-08-27,AST-0009,86.5497
2025-08-28,AST-0009,85.162
2025-08-29,AST-0009,84.8472
2025-09-01,AST-0009,85.1405
2025-09-02,AST-0009,85.6933
2025-09-03,AST-0009,83.5668
2025-09-04,AST-0009,84.0644
2025-09-05,AST-0009,84.8976
2025-09-08,AST-0009,84.2895
2025-09-09,AST-0009,82.3865
2025-09-10,AST-0009,81.9767
2025-09-11,AST-0009,80.6921
2025-09-12,AST-0009,80.8047
2025-09-15,AST-0009,80.3105
2025-09-16,AST-0009,81.8702
2025-09-17,AST-0009,82.2118
2025-09-18,AST-0009,84.1922
2025-09-19,AST-0009,83.4469
2025-09-22,AST-0009,84.6669
2025-09-23,AST-0009,83.4351
2025-09-24,AST-0009,83.4539
2025-09-25,AST-0009,84.0416
2025-09-26,AST-0009,83.2521
2025-09-29,AST-0009,82.2149
2025-09-30,AST-0009,80.1941
2025-10-01,AST-0009,82.1012
2025-10-02,AST-0009,79.6074
2025-10-03,AST-0009,81.9761
2025-10-06,AST-0009,82.2343
2025-10-07,AST-0009,82.31
2025-10-08,AST-0009,81.6514
2025-10-09,AST-0009,83.9965
2025-10-10,AST-0009,83.8374
2025-10-13,AST-0009,82.4307
2025-10-14,AST-0009,85.7773
2025-10-15,AST-0009,85.1332
2025-10-16,AST-0009,86.4927
2025-10-17,AST-0009,84.9549
2025-10-20,AST-0009,86.3198
2025-10-21,AST-0009,88.2336
2025-10-22,AST-0009,90.3047
2025-10-23,AST-0009,89.014
2025-10-24,AST-0009,90.5888
2025-10-27,AST-0009,91.5664
2025-10-28,AST-0009,94.444
2025-10-29,AST-0009,94.9325
2025-10-30,AST-0009,93.639
2025-10-31,AST-0009,92.1545
2025-11-03,AST-0009,93.1977
2025-11-04,AST-0009,94.6449
2025-11-05,AST-0009,95.0774
2025-11-06,AST-0009,96.7195
2025-11-07,AST-0009,95.6512
2025-11-10,AST-0009,95.2547
2025-11-11,AST-0009,95.8913
2025-11-12,AST-0009,93.6139
2025-11-13,AST-0009,92.4888
2025-11-14,AST-0009,91.5219
2025-11-17,AST-0009,92.8647
2025-11-18,AST-0009,92.5359
2025-11-19,AST-0009,92.649
2025-11-20,AST-0009,93.6312
2025-11-21,AST-0009,95.7576
2025-11-24,AST-0009,93.0453
2025-11-25,AST-0009,93.6148
2025-11-26,AST-0009,94.4633
2025-11-27,AST-0009,94.9896
2025-11-28,AST-0009,93.7215
2025-12-01,AST-0009,96.9699
2025-12-02,AST-0009,92.6397
2025-12-03,AST-0009,93.0023
2025-12-04,AST-0009,90.1868
2025-12-05,AST-0009,88.1636
2025-12-08,AST-0009,87.7768
2025-12-09,AST-0009,85.4884
2025-12-10,AST-0009,85.8682
2025-12-11,AST-0009,82.0566
2025-12-12,AST-0009,83.2356
2025-12-15,AST-0009,82.8094
2025-12-16,AST-0009,82.3294
2025-12-17,AST-0009,83.0976
2025-12-18,AST-0009,83.9799
2025-12-19,AST-0009,84.9627
2025-12-22,AST-0009,84.6895
2025-12-23,AST-0009,83.0788
2025-12-24,AST-0009,86.2858
2025-12-25,AST-0009,84.4577
2025-12-26,AST-0009,84.728
2025-12-29,AST-0009,88.0029
2025-12-30,AST-0009,88.1053
2025-12-31,AST-0009,88.6404
2026-01-01,AST-0009,89.0493
2026-01-02,AST-0009,91.6391
2026-01-05,AST-0009,93.0925
2026-01-06,AST-0009,90.8555
2026-01-07,AST-0009,92.5817
2026-01-08,AST-0009,91.0093
2026-01-09,AST-0009,93.2052
2026-01-12,AST-0009,94.6082
2026-01-13,AST-0009,94.3214
2026-01-14,AST-0009,93.8693
2026-01-15,AST-0009,94.3003
2026-01-16,AST-0009,92.9438
2026-01-19,AST-0009,93.1088
2026-01-20,AST-0009,89.8947
2026-01-21,AST-0009,90.4101
2026-01-22,AST-0009,93.4751
2026-01-23,AST-0009,91.3983
2026-01-26,AST-0009,92.6263
2026-01-27,AST-0009,93.9131
2026-01-28,AST-0009,91.7731
2026-01-29,AST-0009,94.6307
2026-01-30,AST-0009,94.6955
2026-02-02,AST-0009,95.492
2026-02-03,AST-0009,92.4916
2026-02-04,AST-0009,92.215
2026-02-05,AST-0009,94.803
2026-02-06,AST-0009,95.1645
2026-02-09,AST-0009,94.8725
2026-02-10,AST-0009,93.1044
2026-02-11,AST-0009,94.0221
2026-02-12,AST-0009,94.5937
2026-02-13,AST-0009,95.698
2026-02-16,AST-0009,94.9465
2026-02-17,AST-0009,90.0934
2026-02-18,AST-0009,89.3013
2026-02-19,AST-0009,89.1772
2026-02-20,AST-0009,90.2957
2026-02-23,AST-0009,90.3446
2026-02-24,AST-0009,89.9346
2026-02-25,AST-0009,89.8756
2026-02-26,AST-0009,89.3316
2026-02-27,AST-0009,87.5638
2026-03-02,AST-0009,87.9643
2026-03-03,AST-0009,85.9138
2026-03-04,AST-0009,84.3219
2026-03-05,AST-0009,86.5226
2026-03-06,AST-0009,88.6184
2026-03-09,AST-0009,87.4552
2026-03-10,AST-0009,85.3388
2026-03-11,AST-0009,84.4029
2026-03-12,AST-0009,84.9673
2026-03-13,AST-0009,83.9531
2026-03-16,AST-0009,84.5727
2026-03-17,AST-0009,85.279
2026-03-18,AST-0009,83.5302
2026-03-19,AST-0009,82.439
2026-03-20,AST-0009,83.0976
2026-03-23,AST-0009,85.5271
2026-03-24,AST-0009,83.8352
2026-03-25,AST-0009,84.017
2026-03-26,AST-0009,84.2891
2026-03-27,AST-0009,85.6389
2026-03-30,AST-0009,84.9148
2026-03-31,AST-0009,87.9816
2026-04-01,AST-0009,90.1321
2026-04-02,AST-0009,89.6706
2026-04-03,AST-0009,91.7171
2026-04-06,AST-0009,90.7011
2026-04-07,AST-0009,89.8618
2026-04-08,AST-0009,88.5712
2026-04-09,AST-0009,87.8814
2026-04-10,AST-0009,87.2833
2026-04-13,AST-0009,86.623
2026-04-14,AST-0009,87.185
2026-04-15,AST-0009,87.2129
2026-04-16,AST-0009,89.6648
2026-04-17,AST-0009,91.3453
2026-04-20,AST-0009,90.0951
2026-04-21,AST-0009,89.6643
2026-04-22,AST-0009,92.6111
2026-04-23,AST-0009,93.9055
2026-04-24,AST-0009,94.976
2026-04-27,AST-0009,94.7293
2026-04-28,AST-0009,93.7792
2026-04-29,AST-0009,97.3558
2026-04-30,AST-0009,97.5998
2026-05-01,AST-0009,96.8381
2026-05-04,AST-0009,96.3828
2026-05-05,AST-0009,96.5959
2026-05-06,AST-0009,95.6375
2026-05-07,AST-0009,97.9695
2026-05-08,AST-0009,97.8893
2026-05-11,AST-0009,97.151
2026-05-12,AST-0009,96.5891
2026-05-13,AST-0009,97.8036
2026-05-14,AST-0009,95.4763
2026-05-15,AST-0009,94.2944
2026-05-18,AST-0009,93.9453
2026-05-19,AST-0009,94.7289
2026-05-20,AST-0009,92.2853
2026-05-21,AST-0009,91.3947
2026-05-22,AST-0009,91.2205
2026-05-25,AST-0009,91.4897
2026-05-26,AST-0009,91.7452
2026-05-27,AST-0009,90.7668
2026-05-28,AST-0009,92.2353
2026-05-29,AST-0009,94.4653
2026-06-01,AST-0009,91.3292
2026-06-02,AST-0009,92.4747
2026-06-03,AST-0009,93.1703
2026-06-04,AST-0009,95.7537
2026-06-05,AST-0009,96.9343
2026-06-08,AST-0009,95.4857
2026-06-09,AST-0009,95.435
2026-06-10,AST-0009,95.901
2026-06-11,AST-0009,93.9739
2026-06-12,AST-0009,91.824
2026-06-15,AST-0009,92.2596
2026-06-16,AST-0009,92.0689
2026-06-17,AST-0009,91.4696
2026-06-18,AST-0009,90.5591
2026-06-19,AST-0009,91.0682
2026-06-22,AST-0009,89.2578
2026-06-23,AST-0009,89.1928
2026-06-24,AST-0009,88.8606
2026-06-25,AST-0009,91.7544
2026-06-26,AST-0009,95.6439
2026-06-29,AST-0009,95.6974
2026-06-30,AST-0009,95.9207
2026-07-01,AST-0009,93.5615
2026-07-02,AST-0009,93.7967
2026-07-03,AST-0009,96.2504
2026-07-06,AST-0009,97.1913
2026-07-07,AST-0009,95.2774
2026-07-08,AST-0009,95.1869
2026-07-09,AST-0009,94.1049
2026-07-10,AST-0009,95.0138
2026-07-13,AST-0009,95.1194
2026-07-14,AST-0009,93.6081
2026-07-15,AST-0009,97.5411
2026-07-16,AST-0009,96.9146
2026-07-17,AST-0009,97.1051
2026-07-20,AST-0009,96.2581
2026-07-21,AST-0009,93.6657
2026-07-22,AST-0009,94.3167
2026-07-23,AST-0009,94.3097
2026-07-24,AST-0009,94.3316
2026-07-27,AST-0009,92.9131
2026-07-28,AST-0009,94.4886
2026-07-29,AST-0009,95.9967
2026-07-30,AST-0009,97.0883
2026-07-31,AST-0009,96.5095
2026-08-03,AST-0009,94.4729
2026-08-04,AST-0009,94.1316
2026-08-05,AST-0009,92.1463
2026-08-06,AST-0009,91.6296
2026-08-07,AST-0009,88.6985
2025-07-28,AST-0010,246.6966
2025-07-29,AST-0010,249.1259
2025-07-30,AST-0010,248.3093
2025-07-31,AST-0010,243.8628
2025-08-01,AST-0010,242.2885
2025-08-04,AST-0010,249.2644
2025-08-05,AST-0010,252.2963
2025-08-06,AST-0010,247.3933
2025-08-07,AST-0010,248.2019
2025-08-08,AST-0010,246.0595
2025-08-11,AST-0010,244.8163
2025-08-12,AST-0010,237.1736
2025-08-13,AST-0010,240.3245
2025-08-14,AST-0010,230.2059
2025-08-15,AST-0010,234.1722
2025-08-18,AST-0010,243.191
2025-08-19,AST-0010,238.4732
2025-08-20,AST-0010,235.2444
2025-08-21,AST-0010,239.4832
2025-08-22,AST-0010,238.8054
2025-08-25,AST-0010,241.1476
2025-08-26,AST-0010,241.9168
2025-08-27,AST-0010,240.4226
2025-08-28,AST-0010,242.8245
2025-08-29,AST-0010,240.8765
2025-09-01,AST-0010,246.411
2025-09-02,AST-0010,244.4713
2025-09-03,AST-0010,243.1176
2025-09-04,AST-0010,238.2053
2025-09-05,AST-0010,229.3772
2025-09-08,AST-0010,231.8554
2025-09-09,AST-0010,223.8904
2025-09-10,AST-0010,219.2779
2025-09-11,AST-0010,216.3293
2025-09-12,AST-0010,214.4612
2025-09-15,AST-0010,216.3051
2025-09-16,AST-0010,212.7767
2025-09-17,AST-0010,217.227
2025-09-18,AST-0010,220.0572
2025-09-19,AST-0010,216.4905
2025-09-22,AST-0010,222.0875
2025-09-23,AST-0010,219.2651
2025-09-24,AST-0010,213.671
2025-09-25,AST-0010,224.4457
2025-09-26,AST-0010,230.0043
2025-09-29,AST-0010,236.5418
2025-09-30,AST-0010,234.6782
2025-10-01,AST-0010,235.4104
2025-10-02,AST-0010,222.878
2025-10-03,AST-0010,222.3347
2025-10-06,AST-0010,224.8825
2025-10-07,AST-0010,221.0469
2025-10-08,AST-0010,220.809
2025-10-09,AST-0010,225.152
2025-10-10,AST-0010,227.7917
2025-10-13,AST-0010,225.4616
2025-10-14,AST-0010,227.5853
2025-10-15,AST-0010,225.603
2025-10-16,AST-0010,223.6531
2025-10-17,AST-0010,224.402
2025-10-20,AST-0010,215.8776
2025-10-21,AST-0010,214.2023
2025-10-22,AST-0010,214.9255
2025-10-23,AST-0010,218.2968
2025-10-24,AST-0010,212.9297
2025-10-27,AST-0010,211.0894
2025-10-28,AST-0010,212.6756
2025-10-29,AST-0010,204.7957
2025-10-30,AST-0010,202.2214
2025-10-31,AST-0010,198.0345
2025-11-03,AST-0010,205.5652
2025-11-04,AST-0010,200.3757
2025-11-05,AST-0010,201.2919
2025-11-06,AST-0010,200.1502
2025-11-07,AST-0010,196.7235
2025-11-10,AST-0010,196.7841
2025-11-11,AST-0010,194.7766
2025-11-12,AST-0010,201.8956
2025-11-13,AST-0010,206.2229
2025-11-14,AST-0010,198.9312
2025-11-17,AST-0010,200.8266
2025-11-18,AST-0010,196.0809
2025-11-19,AST-0010,196.6701
2025-11-20,AST-0010,200.235
2025-11-21,AST-0010,200.6742
2025-11-24,AST-0010,198.3068
2025-11-25,AST-0010,202.5583
2025-11-26,AST-0010,202.8947
2025-11-27,AST-0010,199.1047
2025-11-28,AST-0010,199.7043
2025-12-01,AST-0010,197.2892
2025-12-02,AST-0010,197.2054
2025-12-03,AST-0010,196.0421
2025-12-04,AST-0010,196.7741
2025-12-05,AST-0010,190.0725
2025-12-08,AST-0010,186.4792
2025-12-09,AST-0010,182.9321
2025-12-10,AST-0010,175.0133
2025-12-11,AST-0010,176.101
2025-12-12,AST-0010,177.1827
2025-12-15,AST-0010,175.4299
2025-12-16,AST-0010,178.7196
2025-12-17,AST-0010,172.7722
2025-12-18,AST-0010,173.4921
2025-12-19,AST-0010,176.2585
2025-12-22,AST-0010,182.5417
2025-12-23,AST-0010,181.6822
2025-12-24,AST-0010,178.3031
2025-12-25,AST-0010,179.7814
2025-12-26,AST-0010,177.0506
2025-12-29,AST-0010,180.0673
2025-12-30,AST-0010,179.9783
2025-12-31,AST-0010,180.7343
2026-01-01,AST-0010,185.6926
2026-01-02,AST-0010,187.249
2026-01-05,AST-0010,183.1536
2026-01-06,AST-0010,184.2885
2026-01-07,AST-0010,185.0051
2026-01-08,AST-0010,187.5533
2026-01-09,AST-0010,183.8663
2026-01-12,AST-0010,189.5996
2026-01-13,AST-0010,194.6447
2026-01-14,AST-0010,193.4201
2026-01-15,AST-0010,191.6307
2026-01-16,AST-0010,193.1767
2026-01-19,AST-0010,189.6889
2026-01-20,AST-0010,188.0076
2026-01-21,AST-0010,185.6378
2026-01-22,AST-0010,189.9961
2026-01-23,AST-0010,181.7491
2026-01-26,AST-0010,191.6515
2026-01-27,AST-0010,189.052
2026-01-28,AST-0010,188.6555
2026-01-29,AST-0010,192.5206
2026-01-30,AST-0010,190.8259
2026-02-02,AST-0010,195.9383
2026-02-03,AST-0010,195.1255
2026-02-04,AST-0010,192.8906
2026-02-05,AST-0010,191.8755
2026-02-06,AST-0010,187.8217
2026-02-09,AST-0010,194.7221
2026-02-10,AST-0010,187.6058
2026-02-11,AST-0010,185.9346
2026-02-12,AST-0010,188.1588
2026-02-13,AST-0010,190.2941
2026-02-16,AST-0010,192.2755
2026-02-17,AST-0010,188.9069
2026-02-18,AST-0010,190.8151
2026-02-19,AST-0010,188.6725
2026-02-20,AST-0010,185.7578
2026-02-23,AST-0010,181.4837
2026-02-24,AST-0010,180.7138
2026-02-25,AST-0010,183.1126
2026-02-26,AST-0010,185.0465
2026-02-27,AST-0010,181.6481
2026-03-02,AST-0010,182.2897
2026-03-03,AST-0010,180.1464
2026-03-04,AST-0010,181.0677
2026-03-05,AST-0010,179.1885
2026-03-06,AST-0010,175.3182
2026-03-09,AST-0010,169.4928
2026-03-10,AST-0010,169.7716
2026-03-11,AST-0010,167.3459
2026-03-12,AST-0010,168.0026
2026-03-13,AST-0010,167.087
2026-03-16,AST-0010,169.9598
2026-03-17,AST-0010,173.0728
2026-03-18,AST-0010,173.087
2026-03-19,AST-0010,172.2945
2026-03-20,AST-0010,170.4113
2026-03-23,AST-0010,168.3036
2026-03-24,AST-0010,169.4282
2026-03-25,AST-0010,169.7923
2026-03-26,AST-0010,171.0864
2026-03-27,AST-0010,171.8469
2026-03-30,AST-0010,170.3151
2026-03-31,AST-0010,169.1
2026-04-01,AST-0010,168.2894
2026-04-02,AST-0010,167.7218
2026-04-03,AST-0010,163.9176
2026-04-06,AST-0010,164.3344
2026-04-07,AST-0010,163.0852
2026-04-08,AST-0010,160.8615
2026-04-09,AST-0010,161.5842
2026-04-10,AST-0010,160.1215
2026-04-13,AST-0010,159.4258
2026-04-14,AST-0010,164.537
2026-04-15,AST-0010,162.3961
2026-04-16,AST-0010,160.1202
2026-04-17,AST-0010,160.7058
2026-04-20,AST-0010,158.9078
2026-04-21,AST-0010,161.6063
2026-04-22,AST-0010,163.5937
2026-04-23,AST-0010,162.9419
2026-04-24,AST-0010,162.5199
2026-04-27,AST-0010,164.4116
2026-04-28,AST-0010,163.2917
2026-04-29,AST-0010,162.5065
2026-04-30,AST-0010,160.6599
2026-05-01,AST-0010,160.7471
2026-05-04,AST-0010,163.4036
2026-05-05,AST-0010,162.8654
2026-05-06,AST-0010,161.1353
2026-05-07,AST-0010,159.7723
2026-05-08,AST-0010,159.7655
2026-05-11,AST-0010,156.2445
2026-05-12,AST-0010,155.5859
2026-05-13,AST-0010,157.5162
2026-05-14,AST-0010,158.4384
2026-05-15,AST-0010,160.2137
2026-05-18,AST-0010,156.0442
2026-05-19,AST-0010,157.2606
2026-05-20,AST-0010,161.4824
2026-05-21,AST-0010,157.9272
2026-05-22,AST-0010,156.1804
2026-05-25,AST-0010,152.5495
2026-05-26,AST-0010,158.6226
2026-05-27,AST-0010,161.0385
2026-05-28,AST-0010,159.1255
2026-05-29,AST-0010,160.1005
2026-06-01,AST-0010,157.5195
2026-06-02,AST-0010,159.4294
2026-06-03,AST-0010,161.3977
2026-06-04,AST-0010,160.311
2026-06-05,AST-0010,157.649
2026-06-08,AST-0010,163.9108
2026-06-09,AST-0010,163.1227
2026-06-10,AST-0010,162.1605
2026-06-11,AST-0010,160.3542
2026-06-12,AST-0010,159.0181
2026-06-15,AST-0010,154.2904
2026-06-16,AST-0010,157.4729
2026-06-17,AST-0010,151.954
2026-06-18,AST-0010,153.1504
2026-06-19,AST-0010,151.8677
2026-06-22,AST-0010,154.3509
2026-06-23,AST-0010,154.8544
2026-06-24,AST-0010,152.479
2026-06-25,AST-0010,154.7414
2026-06-26,AST-0010,152.0222
2026-06-29,AST-0010,150.2167
2026-06-30,AST-0010,154.9186
2026-07-01,AST-0010,156.047
2026-07-02,AST-0010,155.9954
2026-07-03,AST-0010,153.7944
2026-07-06,AST-0010,152.8474
2026-07-07,AST-0010,154.9865
2026-07-08,AST-0010,156.0254
2026-07-09,AST-0010,151.0855
2026-07-10,AST-0010,150.5671
2026-07-13,AST-0010,154.3267
2026-07-14,AST-0010,153.0352
2026-07-15,AST-0010,152.6239
2026-07-16,AST-0010,150.5181
2026-07-17,AST-0010,152.0719
2026-07-20,AST-0010,158.7804
2026-07-21,AST-0010,152.794
2026-07-22,AST-0010,151.6408
2026-07-23,AST-0010,152.5578
2026-07-24,AST-0010,155.0948
2026-07-27,AST-0010,148.2495
2026-07-28,AST-0010,152.7538
2026-07-29,AST-0010,151.421
2026-07-30,AST-0010,150.2001
2026-07-31,AST-0010,149.1258
2026-08-03,AST-0010,148.4115
2026-08-04,AST-0010,147.1365
2026-08-05,AST-0010,150.0303
2026-08-06,AST-0010,144.8041
2026-08-07,AST-0010,148.2699
2025-07-28,AST-0011,46.1423
2025-07-29,AST-0011,46.1438
2025-07-30,AST-0011,45.877
2025-07-31,AST-0011,47.8991
2025-08-01,AST-0011,48.8359
2025-08-04,AST-0011,50.3854
2025-08-05,AST-0011,51.6293
2025-08-06,AST-0011,52.4483
2025-08-07,AST-0011,53.2412
2025-08-08,AST-0011,53.0538
2025-08-11,AST-0011,53.1241
2025-08-12,AST-0011,53.1715
2025-08-13,AST-0011,51.3998
2025-08-14,AST-0011,50.237
2025-08-15,AST-0011,50.7115
2025-08-18,AST-0011,51.0904
2025-08-19,AST-0011,49.9928
2025-08-20,AST-0011,49.5007
2025-08-21,AST-0011,48.8193
2025-08-22,AST-0011,47.8512
2025-08-25,AST-0011,48.0575
2025-08-26,AST-0011,46.7596
2025-08-27,AST-0011,46.9587
2025-08-28,AST-0011,46.6629
2025-08-29,AST-0011,46.8842
2025-09-01,AST-0011,47.0281
2025-09-02,AST-0011,46.4911
2025-09-03,AST-0011,47.6474
2025-09-04,AST-0011,47.4338
2025-09-05,AST-0011,46.769
2025-09-08,AST-0011,45.6191
2025-09-09,AST-0011,45.0305
2025-09-10,AST-0011,45.7182
2025-09-11,AST-0011,44.7847
2025-09-12,AST-0011,44.7416
2025-09-15,AST-0011,45.1446
2025-09-16,AST-0011,44.2541
2025-09-17,AST-0011,45.4583
2025-09-18,AST-0011,45.1428
2025-09-19,AST-0011,45.8591
2025-09-22,AST-0011,44.883
2025-09-23,AST-0011,44.8561
2025-09-24,AST-0011,45.3632
2025-09-25,AST-0011,43.7009
2025-09-26,AST-0011,42.453
2025-09-29,AST-0011,42.0259
2025-09-30,AST-0011,41.0731
2025-10-01,AST-0011,40.9539
2025-10-02,AST-0011,39.8823
2025-10-03,AST-0011,40.3736
2025-10-06,AST-0011,41.1403
2025-10-07,AST-0011,40.5169
2025-10-08,AST-0011,40.888
2025-10-09,AST-0011,41.3489
2025-10-10,AST-0011,40.65
2025-10-13,AST-0011,40.4575
2025-10-14,AST-0011,41.0791
2025-10-15,AST-0011,40.0442
2025-10-16,AST-0011,39.6048
2025-10-17,AST-0011,38.6583
2025-10-20,AST-0011,38.1839
2025-10-21,AST-0011,38.4642
2025-10-22,AST-0011,38.3736
2025-10-23,AST-0011,38.4101
2025-10-24,AST-0011,37.5575
2025-10-27,AST-0011,37.9364
2025-10-28,AST-0011,38.7864
2025-10-29,AST-0011,39.7227
2025-10-30,AST-0011,40.2736
2025-10-31,AST-0011,40.6682
2025-11-03,AST-0011,40.7889
2025-11-04,AST-0011,40.8478
2025-11-05,AST-0011,40.2072
2025-11-06,AST-0011,40.0132
2025-11-07,AST-0011,41.0492
2025-11-10,AST-0011,41.731
2025-11-11,AST-0011,41.0095
2025-11-12,AST-0011,40.4877
2025-11-13,AST-0011,40.4221
2025-11-14,AST-0011,40.9866
2025-11-17,AST-0011,41.3886
2025-11-18,AST-0011,41.6719
2025-11-19,AST-0011,40.605
2025-11-20,AST-0011,40.8898
2025-11-21,AST-0011,40.7277
2025-11-24,AST-0011,41.6964
2025-11-25,AST-0011,40.7712
2025-11-26,AST-0011,41.1472
2025-11-27,AST-0011,41.0558
2025-11-28,AST-0011,39.9853
2025-12-01,AST-0011,40.5503
2025-12-02,AST-0011,42.8399
2025-12-03,AST-0011,43.2711
2025-12-04,AST-0011,42.2063
2025-12-05,AST-0011,40.9649
2025-12-08,AST-0011,39.8899
2025-12-09,AST-0011,40.4289
2025-12-10,AST-0011,40.95
2025-12-11,AST-0011,40.6434
2025-12-12,AST-0011,42.316
2025-12-15,AST-0011,42.0841
2025-12-16,AST-0011,41.3951
2025-12-17,AST-0011,41.7359
2025-12-18,AST-0011,41.4818
2025-12-19,AST-0011,41.9921
2025-12-22,AST-0011,43.7549
2025-12-23,AST-0011,45.5185
2025-12-24,AST-0011,46.0581
2025-12-25,AST-0011,46.9926
2025-12-26,AST-0011,46.6401
2025-12-29,AST-0011,47.0015
2025-12-30,AST-0011,46.7491
2025-12-31,AST-0011,45.9188
2026-01-01,AST-0011,46.5236
2026-01-02,AST-0011,48.1093
2026-01-05,AST-0011,47.3781
2026-01-06,AST-0011,45.9687
2026-01-07,AST-0011,45.6053
2026-01-08,AST-0011,45.7558
2026-01-09,AST-0011,46.3465
2026-01-12,AST-0011,46.4725
2026-01-13,AST-0011,45.7118
2026-01-14,AST-0011,45.3312
2026-01-15,AST-0011,44.7437
2026-01-16,AST-0011,44.5689
2026-01-19,AST-0011,44.1565
2026-01-20,AST-0011,43.9933
2026-01-21,AST-0011,42.5112
2026-01-22,AST-0011,42.8356
2026-01-23,AST-0011,43.7331
2026-01-26,AST-0011,44.1407
2026-01-27,AST-0011,44.1407
2026-01-28,AST-0011,41.8645
2026-01-29,AST-0011,42.1598
2026-01-30,AST-0011,41.9616
2026-02-02,AST-0011,41.2668
2026-02-03,AST-0011,40.6486
2026-02-04,AST-0011,41.388
2026-02-05,AST-0011,42.0865
2026-02-06,AST-0011,42.3069
2026-02-09,AST-0011,41.7011
2026-02-10,AST-0011,43.1729
2026-02-11,AST-0011,42.8404
2026-02-12,AST-0011,41.569
2026-02-13,AST-0011,43.1642
2026-02-16,AST-0011,43.9252
2026-02-17,AST-0011,43.799
2026-02-18,AST-0011,43.6757
2026-02-19,AST-0011,44.1602
2026-02-20,AST-0011,43.6766
2026-02-23,AST-0011,42.6927
2026-02-24,AST-0011,43.06
2026-02-25,AST-0011,45.3737
2026-02-26,AST-0011,45.1045
2026-02-27,AST-0011,47.3001
2026-03-02,AST-0011,47.8842
2026-03-03,AST-0011,48.0974
2026-03-04,AST-0011,47.9988
2026-03-05,AST-0011,48.4001
2026-03-06,AST-0011,48.4489
2026-03-09,AST-0011,48.65
2026-03-10,AST-0011,49.2393
2026-03-11,AST-0011,50.9849
2026-03-12,AST-0011,52.454
2026-03-13,AST-0011,51.6517
2026-03-16,AST-0011,51.9542
2026-03-17,AST-0011,52.068
2026-03-18,AST-0011,51.7076
2026-03-19,AST-0011,51.4304
2026-03-20,AST-0011,53.3099
2026-03-23,AST-0011,54.0352
2026-03-24,AST-0011,53.5036
2026-03-25,AST-0011,54.8759
2026-03-26,AST-0011,54.8616
2026-03-27,AST-0011,55.3719
2026-03-30,AST-0011,55.7843
2026-03-31,AST-0011,56.5204
2026-04-01,AST-0011,55.2636
2026-04-02,AST-0011,52.7777
2026-04-03,AST-0011,53.2784
2026-04-06,AST-0011,55.648
2026-04-07,AST-0011,55.0919
2026-04-08,AST-0011,54.1892
2026-04-09,AST-0011,53.4993
2026-04-10,AST-0011,53.0579
2026-04-13,AST-0011,54.3735
2026-04-14,AST-0011,53.9506
2026-04-15,AST-0011,56.1198
2026-04-16,AST-0011,56.9688
2026-04-17,AST-0011,56.7356
2026-04-20,AST-0011,56.3388
2026-04-21,AST-0011,57.4936
2026-04-22,AST-0011,57.5751
2026-04-23,AST-0011,58.1323
2026-04-24,AST-0011,59.5504
2026-04-27,AST-0011,59.574
2026-04-28,AST-0011,60.1601
2026-04-29,AST-0011,60.5706
2026-04-30,AST-0011,60.1273
2026-05-01,AST-0011,61.407
2026-05-04,AST-0011,61.0871
2026-05-05,AST-0011,60.3017
2026-05-06,AST-0011,60.7032
2026-05-07,AST-0011,60.7149
2026-05-08,AST-0011,60.0461
2026-05-11,AST-0011,58.4695
2026-05-12,AST-0011,58.7011
2026-05-13,AST-0011,59.3451
2026-05-14,AST-0011,59.2783
2026-05-15,AST-0011,59.5877
2026-05-18,AST-0011,59.7886
2026-05-19,AST-0011,58.8583
2026-05-20,AST-0011,60.4636
2026-05-21,AST-0011,60.0661
2026-05-22,AST-0011,58.9172
2026-05-25,AST-0011,58.3732
2026-05-26,AST-0011,56.8341
2026-05-27,AST-0011,56.5673
2026-05-28,AST-0011,56.3365
2026-05-29,AST-0011,56.2854
2026-06-01,AST-0011,55.5587
2026-06-02,AST-0011,55.8641
2026-06-03,AST-0011,54.4524
2026-06-04,AST-0011,53.1732
2026-06-05,AST-0011,55.1164
2026-06-08,AST-0011,57.8812
2026-06-09,AST-0011,57.2022
2026-06-10,AST-0011,57.1453
2026-06-11,AST-0011,55.4274
2026-06-12,AST-0011,55.8191
2026-06-15,AST-0011,56.8863
2026-06-16,AST-0011,56.7929
2026-06-17,AST-0011,56.4949
2026-06-18,AST-0011,56.6067
2026-06-19,AST-0011,57.9557
2026-06-22,AST-0011,56.6846
2026-06-23,AST-0011,55.5079
2026-06-24,AST-0011,55.2007
2026-06-25,AST-0011,56.5116
2026-06-26,AST-0011,57.4353
2026-06-29,AST-0011,57.4682
2026-06-30,AST-0011,56.15
2026-07-01,AST-0011,55.9593
2026-07-02,AST-0011,56.1428
2026-07-03,AST-0011,54.3579
2026-07-06,AST-0011,56.8237
2026-07-07,AST-0011,55.7703
2026-07-08,AST-0011,53.945
2026-07-09,AST-0011,53.8299
2026-07-10,AST-0011,53.0156
2026-07-13,AST-0011,53.6346
2026-07-14,AST-0011,53.6745
2026-07-15,AST-0011,55.0108
2026-07-16,AST-0011,54.9661
2026-07-17,AST-0011,57.0807
2026-07-20,AST-0011,55.8498
2026-07-21,AST-0011,54.234
2026-07-22,AST-0011,54.7061
2026-07-23,AST-0011,55.9139
2026-07-24,AST-0011,58.7048
2026-07-27,AST-0011,59.6183
2026-07-28,AST-0011,59.7843
2026-07-29,AST-0011,62.5951
2026-07-30,AST-0011,61.2709
2026-07-31,AST-0011,61.071
2026-08-03,AST-0011,62.137
2026-08-04,AST-0011,61.4202
2026-08-05,AST-0011,62.0046
2026-08-06,AST-0011,62.1254
2026-08-07,AST-0011,60.5365
2025-07-28,AST-0012,203.0541
2025-07-29,AST-0012,205.1763
2025-07-30,AST-0012,210.6775
2025-07-31,AST-0012,214.6669
2025-08-01,AST-0012,216.1558
2025-08-04,AST-0012,217.9049
2025-08-05,AST-0012,212.8894
2025-08-06,AST-0012,216.1305
2025-08-07,AST-0012,214.1715
2025-08-08,AST-0012,212.7756
2025-08-11,AST-0012,211.1616
2025-08-12,AST-0012,214.0906
2025-08-13,AST-0012,203.9518
2025-08-14,AST-0012,200.815
2025-08-15,AST-0012,198.2658
2025-08-18,AST-0012,201.3031
2025-08-19,AST-0012,198.4617
2025-08-20,AST-0012,203.229
2025-08-21,AST-0012,202.7384
2025-08-22,AST-0012,209.0833
2025-08-25,AST-0012,209.8339
2025-08-26,AST-0012,207.6295
2025-08-27,AST-0012,213.1076
2025-08-28,AST-0012,216.52
2025-08-29,AST-0012,217.6654
2025-09-01,AST-0012,213.2513
2025-09-02,AST-0012,210.9361
2025-09-03,AST-0012,213.9277
2025-09-04,AST-0012,209.4441
2025-09-05,AST-0012,212.9598
2025-09-08,AST-0012,212.8915
2025-09-09,AST-0012,209.2703
2025-09-10,AST-0012,215.7472
2025-09-11,AST-0012,212.3955
2025-09-12,AST-0012,212.2273
2025-09-15,AST-0012,214.551
2025-09-16,AST-0012,211.8025
2025-09-17,AST-0012,219.3947
2025-09-18,AST-0012,224.7415
2025-09-19,AST-0012,223.1559
2025-09-22,AST-0012,219.5246
2025-09-23,AST-0012,220.0603
2025-09-24,AST-0012,209.1232
2025-09-25,AST-0012,206.8443
2025-09-26,AST-0012,201.2385
2025-09-29,AST-0012,201.0987
2025-09-30,AST-0012,199.8041
2025-10-01,AST-0012,208.2179
2025-10-02,AST-0012,204.4018
2025-10-03,AST-0012,202.3028
2025-10-06,AST-0012,204.6303
2025-10-07,AST-0012,212.1871
2025-10-08,AST-0012,212.8891
2025-10-09,AST-0012,206.7903
2025-10-10,AST-0012,208.9174
2025-10-13,AST-0012,207.002
2025-10-14,AST-0012,205.3227
2025-10-15,AST-0012,203.1886
2025-10-16,AST-0012,204.7912
2025-10-17,AST-0012,206.7973
2025-10-20,AST-0012,211.3989
2025-10-21,AST-0012,212.9122
2025-10-22,AST-0012,210.466
2025-10-23,AST-0012,208.9309
2025-10-24,AST-0012,200.483
2025-10-27,AST-0012,201.3084
2025-10-28,AST-0012,199.6119
2025-10-29,AST-0012,194.2555
2025-10-30,AST-0012,189.831
2025-10-31,AST-0012,187.7853
2025-11-03,AST-0012,191.5698
2025-11-04,AST-0012,188.4877
2025-11-05,AST-0012,190.1708
2025-11-06,AST-0012,191.0367
2025-11-07,AST-0012,191.8201
2025-11-10,AST-0012,192.4857
2025-11-11,AST-0012,188.2569
2025-11-12,AST-0012,186.2195
2025-11-13,AST-0012,190.8755
2025-11-14,AST-0012,193.0647
2025-11-17,AST-0012,190.7893
2025-11-18,AST-0012,186.9758
2025-11-19,AST-0012,188.8469
2025-11-20,AST-0012,185.9158
2025-11-21,AST-0012,189.837
2025-11-24,AST-0012,183.6612
2025-11-25,AST-0012,186.3672
2025-11-26,AST-0012,183.0805
2025-11-27,AST-0012,177.6992
2025-11-28,AST-0012,173.517
2025-12-01,AST-0012,171.4103
2025-12-02,AST-0012,172.2429
2025-12-03,AST-0012,171.7483
2025-12-04,AST-0012,170.0666
2025-12-05,AST-0012,166.7503
2025-12-08,AST-0012,168.5001
2025-12-09,AST-0012,167.9982
2025-12-10,AST-0012,164.7476
2025-12-11,AST-0012,160.3084
2025-12-12,AST-0012,158.0503
2025-12-15,AST-0012,154.3716
2025-12-16,AST-0012,151.7098
2025-12-17,AST-0012,152.6457
2025-12-18,AST-0012,149.0695
2025-12-19,AST-0012,147.9988
2025-12-22,AST-0012,149.8394
2025-12-23,AST-0012,148.0475
2025-12-24,AST-0012,146.2048
2025-12-25,AST-0012,149.8523
2025-12-26,AST-0012,151.829
2025-12-29,AST-0012,159.4594
2025-12-30,AST-0012,158.9868
2025-12-31,AST-0012,157.6583
2026-01-01,AST-0012,162.7905
2026-01-02,AST-0012,165.1273
2026-01-05,AST-0012,162.7824
2026-01-06,AST-0012,160.8419
2026-01-07,AST-0012,163.9705
2026-01-08,AST-0012,161.3659
2026-01-09,AST-0012,165.7233
2026-01-12,AST-0012,171.7772
2026-01-13,AST-0012,172.4506
2026-01-14,AST-0012,174.8294
2026-01-15,AST-0012,175.9902
2026-01-16,AST-0012,172.598
2026-01-19,AST-0012,172.3436
2026-01-20,AST-0012,168.0086
2026-01-21,AST-0012,166.5219
2026-01-22,AST-0012,165.6792
2026-01-23,AST-0012,165.9945
2026-01-26,AST-0012,168.1575
2026-01-27,AST-0012,170.7078
2026-01-28,AST-0012,170.6673
2026-01-29,AST-0012,169.2147
2026-01-30,AST-0012,168.7084
2026-02-02,AST-0012,169.4953
2026-02-03,AST-0012,165.7795
2026-02-04,AST-0012,165.1615
2026-02-05,AST-0012,166.4643
2026-02-06,AST-0012,164.9255
2026-02-09,AST-0012,165.5574
2026-02-10,AST-0012,166.6332
2026-02-11,AST-0012,169.3561
2026-02-12,AST-0012,174.1405
2026-02-13,AST-0012,170.6145
2026-02-16,AST-0012,169.0803
2026-02-17,AST-0012,168.7196
2026-02-18,AST-0012,170.3533
2026-02-19,AST-0012,168.4109
2026-02-20,AST-0012,165.5378
2026-02-23,AST-0012,166.6234
2026-02-24,AST-0012,167.2853
2026-02-25,AST-0012,163.8275
2026-02-26,AST-0012,159.8887
2026-02-27,AST-0012,158.5162
2026-03-02,AST-0012,155.992
2026-03-03,AST-0012,154.2673
2026-03-04,AST-0012,156.2687
2026-03-05,AST-0012,156.8597
2026-03-06,AST-0012,155.628
2026-03-09,AST-0012,156.3643
2026-03-10,AST-0012,158.4103
2026-03-11,AST-0012,156.607
2026-03-12,AST-0012,159.1306
2026-03-13,AST-0012,160.7329
2026-03-16,AST-0012,162.6603
2026-03-17,AST-0012,164.3134
2026-03-18,AST-0012,164.988
2026-03-19,AST-0012,162.0075
2026-03-20,AST-0012,165.7573
2026-03-23,AST-0012,168.4506
2026-03-24,AST-0012,167.9968
2026-03-25,AST-0012,173.3683
2026-03-26,AST-0012,173.7278
2026-03-27,AST-0012,175.2721
2026-03-30,AST-0012,180.1248
2026-03-31,AST-0012,176.4113
2026-04-01,AST-0012,177.0954
2026-04-02,AST-0012,173.0511
2026-04-03,AST-0012,180.7712
2026-04-06,AST-0012,182.433
2026-04-07,AST-0012,182.8841
2026-04-08,AST-0012,182.5761
2026-04-09,AST-0012,184.5295
2026-04-10,AST-0012,178.1525
2026-04-13,AST-0012,178.1422
2026-04-14,AST-0012,177.617
2026-04-15,AST-0012,179.8696
2026-04-16,AST-0012,179.7401
2026-04-17,AST-0012,173.1031
2026-04-20,AST-0012,174.9537
2026-04-21,AST-0012,175.1796
2026-04-22,AST-0012,183.3355
2026-04-23,AST-0012,188.062
2026-04-24,AST-0012,194.9607
2026-04-27,AST-0012,195.8271
2026-04-28,AST-0012,193.9397
2026-04-29,AST-0012,195.8529
2026-04-30,AST-0012,194.7294
2026-05-01,AST-0012,191.3357
2026-05-04,AST-0012,190.0628
2026-05-05,AST-0012,191.6218
2026-05-06,AST-0012,189.9466
2026-05-07,AST-0012,185.5211
2026-05-08,AST-0012,187.4666
2026-05-11,AST-0012,188.0002
2026-05-12,AST-0012,191.3021
2026-05-13,AST-0012,190.0854
2026-05-14,AST-0012,185.2776
2026-05-15,AST-0012,186.9688
2026-05-18,AST-0012,189.8596
2026-05-19,AST-0012,188.0142
2026-05-20,AST-0012,187.0704
2026-05-21,AST-0012,185.356
2026-05-22,AST-0012,181.9058
2026-05-25,AST-0012,188.0184
2026-05-26,AST-0012,192.7822
2026-05-27,AST-0012,194.1585
2026-05-28,AST-0012,195.0345
2026-05-29,AST-0012,189.6986
2026-06-01,AST-0012,192.4059
2026-06-02,AST-0012,191.3111
2026-06-03,AST-0012,188.884
2026-06-04,AST-0012,195.7342
2026-06-05,AST-0012,194.2275
2026-06-08,AST-0012,196.0543
2026-06-09,AST-0012,194.7082
2026-06-10,AST-0012,198.287
2026-06-11,AST-0012,202.8984
2026-06-12,AST-0012,196.3073
2026-06-15,AST-0012,195.0886
2026-06-16,AST-0012,198.2881
2026-06-17,AST-0012,199.2655
2026-06-18,AST-0012,204.142
2026-06-19,AST-0012,204.0196
2026-06-22,AST-0012,204.6008
2026-06-23,AST-0012,202.6295
2026-06-24,AST-0012,197.0042
2026-06-25,AST-0012,202.3131
2026-06-26,AST-0012,213.2449
2026-06-29,AST-0012,219.7545
2026-06-30,AST-0012,221.2746
2026-07-01,AST-0012,221.0356
2026-07-02,AST-0012,226.9182
2026-07-03,AST-0012,226.2107
2026-07-06,AST-0012,219.3442
2026-07-07,AST-0012,219.3118
2026-07-08,AST-0012,224.6749
2026-07-09,AST-0012,220.652
2026-07-10,AST-0012,223.7007
2026-07-13,AST-0012,223.2532
2026-07-14,AST-0012,229.2176
2026-07-15,AST-0012,222.6822
2026-07-16,AST-0012,221.5202
2026-07-17,AST-0012,222.2037
2026-07-20,AST-0012,220.8782
2026-07-21,AST-0012,215.9602
2026-07-22,AST-0012,220.4979
2026-07-23,AST-0012,220.8459
2026-07-24,AST-0012,218.9692
2026-07-27,AST-0012,222.0959
2026-07-28,AST-0012,222.2671
2026-07-29,AST-0012,219.2862
2026-07-30,AST-0012,213.8752
2026-07-31,AST-0012,217.8438
2026-08-03,AST-0012,218.1312
2026-08-04,AST-0012,212.7818
2026-08-05,AST-0012,216.3765
2026-08-06,AST-0012,212.74
2026-08-07,AST-0012,208.7419
2025-07-28,AST-0013,129.2724
2025-07-29,AST-0013,132.212
2025-07-30,AST-0013,132.5978
2025-07-31,AST-0013,134.0978
2025-08-01,AST-0013,136.0902
2025-08-04,AST-0013,141.0125
2025-08-05,AST-0013,141.8261
2025-08-06,AST-0013,140.4936
2025-08-07,AST-0013,141.5991
2025-08-08,AST-0013,140.602
2025-08-11,AST-0013,144.9665
2025-08-12,AST-0013,141.4021
2025-08-13,AST-0013,137.1368
2025-08-14,AST-0013,138.1958
2025-08-15,AST-0013,135.2906
2025-08-18,AST-0013,135.7898
2025-08-19,AST-0013,129.3494
2025-08-20,AST-0013,128.5002
2025-08-21,AST-0013,128.8404
2025-08-22,AST-0013,132.1645
2025-08-25,AST-0013,137.0802
2025-08-26,AST-0013,136.4557
2025-08-27,AST-0013,134.7346
2025-08-28,AST-0013,135.7173
2025-08-29,AST-0013,138.868
2025-09-01,AST-0013,137.9545
2025-09-02,AST-0013,142.2291
2025-09-03,AST-0013,143.4416
2025-09-04,AST-0013,143.092
2025-09-05,AST-0013,147.4908
2025-09-08,AST-0013,147.2659
2025-09-09,AST-0013,144.2972
2025-09-10,AST-0013,143.834
2025-09-11,AST-0013,143.1818
2025-09-12,AST-0013,140.4431
2025-09-15,AST-0013,141.8134
2025-09-16,AST-0013,143.2069
2025-09-17,AST-0013,144.7558
2025-09-18,AST-0013,146.034
2025-09-19,AST-0013,148.2745
2025-09-22,AST-0013,153.1197
2025-09-23,AST-0013,151.6439
2025-09-24,AST-0013,150.5652
2025-09-25,AST-0013,147.4021
2025-09-26,AST-0013,146.479
2025-09-29,AST-0013,145.3968
2025-09-30,AST-0013,146.1691
2025-10-01,AST-0013,146.4805
2025-10-02,AST-0013,146.7454
2025-10-03,AST-0013,147.243
2025-10-06,AST-0013,145.9125
2025-10-07,AST-0013,145.9171
2025-10-08,AST-0013,147.4754
2025-10-09,AST-0013,146.8062
2025-10-10,AST-0013,147.4484
2025-10-13,AST-0013,144.6612
2025-10-14,AST-0013,146.072
2025-10-15,AST-0013,145.8388
2025-10-16,AST-0013,149.3118
2025-10-17,AST-0013,149.9216
2025-10-20,AST-0013,148.611
2025-10-21,AST-0013,145.3838
2025-10-22,AST-0013,145.5386
2025-10-23,AST-0013,146.9405
2025-10-24,AST-0013,144.7508
2025-10-27,AST-0013,150.6217
2025-10-28,AST-0013,150.8364
2025-10-29,AST-0013,151.1477
2025-10-30,AST-0013,150.2383
2025-10-31,AST-0013,148.9882
2025-11-03,AST-0013,151.3647
2025-11-04,AST-0013,152.7202
2025-11-05,AST-0013,154.6279
2025-11-06,AST-0013,151.4113
2025-11-07,AST-0013,153.6741
2025-11-10,AST-0013,159.3288
2025-11-11,AST-0013,154.0222
2025-11-12,AST-0013,156.4238
2025-11-13,AST-0013,154.6431
2025-11-14,AST-0013,152.692
2025-11-17,AST-0013,153.9902
2025-11-18,AST-0013,156.4428
2025-11-19,AST-0013,154.0622
2025-11-20,AST-0013,153.0245
2025-11-21,AST-0013,152.2212
2025-11-24,AST-0013,149.6262
2025-11-25,AST-0013,144.8898
2025-11-26,AST-0013,145.1566
2025-11-27,AST-0013,145.4329
2025-11-28,AST-0013,144.1236
2025-12-01,AST-0013,145.6673
2025-12-02,AST-0013,142.3541
2025-12-03,AST-0013,144.9289
2025-12-04,AST-0013,143.1367
2025-12-05,AST-0013,145.1504
2025-12-08,AST-0013,144.0201
2025-12-09,AST-0013,144.1692
2025-12-10,AST-0013,145.6581
2025-12-11,AST-0013,139.8211
2025-12-12,AST-0013,135.4982
2025-12-15,AST-0013,142.1694
2025-12-16,AST-0013,142.0896
2025-12-17,AST-0013,139.7942
2025-12-18,AST-0013,136.4077
2025-12-19,AST-0013,139.3505
2025-12-22,AST-0013,145.064
2025-12-23,AST-0013,143.4192
2025-12-24,AST-0013,145.227
2025-12-25,AST-0013,144.946
2025-12-26,AST-0013,144.3342
2025-12-29,AST-0013,142.4084
2025-12-30,AST-0013,145.2972
2025-12-31,AST-0013,147.6014
2026-01-01,AST-0013,153.5401
2026-01-02,AST-0013,156.4886
2026-01-05,AST-0013,156.2797
2026-01-06,AST-0013,154.662
2026-01-07,AST-0013,154.9669
2026-01-08,AST-0013,155.9853
2026-01-09,AST-0013,158.3418
2026-01-12,AST-0013,159.0317
2026-01-13,AST-0013,156.7185
2026-01-14,AST-0013,154.8149
2026-01-15,AST-0013,157.2138
2026-01-16,AST-0013,156.5417
2026-01-19,AST-0013,156.6883
2026-01-20,AST-0013,157.4757
2026-01-21,AST-0013,157.9134
2026-01-22,AST-0013,157.0646
2026-01-23,AST-0013,156.631
2026-01-26,AST-0013,155.7647
2026-01-27,AST-0013,150.3456
2026-01-28,AST-0013,151.2345
2026-01-29,AST-0013,151.5018
2026-01-30,AST-0013,152.5898
2026-02-02,AST-0013,150.0816
2026-02-03,AST-0013,148.3309
2026-02-04,AST-0013,147.0611
2026-02-05,AST-0013,145.134
2026-02-06,AST-0013,141.1225
2026-02-09,AST-0013,139.9402
2026-02-10,AST-0013,141.6097
2026-02-11,AST-0013,145.9403
2026-02-12,AST-0013,150.4645
2026-02-13,AST-0013,151.6897
2026-02-16,AST-0013,151.3781
2026-02-17,AST-0013,153.2824
2026-02-18,AST-0013,153.7703
2026-02-19,AST-0013,153.0356
2026-02-20,AST-0013,151.0078
2026-02-23,AST-0013,149.8029
2026-02-24,AST-0013,148.0909
2026-02-25,AST-0013,150.4784
2026-02-26,AST-0013,148.7474
2026-02-27,AST-0013,147.9822
2026-03-02,AST-0013,146.7001
2026-03-03,AST-0013,146.7961
2026-03-04,AST-0013,141.1909
2026-03-05,AST-0013,139.7617
2026-03-06,AST-0013,144.0794
2026-03-09,AST-0013,141.3224
2026-03-10,AST-0013,139.3644
2026-03-11,AST-0013,140.8698
2026-03-12,AST-0013,144.5223
2026-03-13,AST-0013,145.0157
2026-03-16,AST-0013,140.8573
2026-03-17,AST-0013,144.2317
2026-03-18,AST-0013,149.4359
2026-03-19,AST-0013,151.9612
2026-03-20,AST-0013,151.5603
2026-03-23,AST-0013,150.6893
2026-03-24,AST-0013,151.0461
2026-03-25,AST-0013,150.7402
2026-03-26,AST-0013,153.5445
2026-03-27,AST-0013,155.9003
2026-03-30,AST-0013,154.614
2026-03-31,AST-0013,152.947
2026-04-01,AST-0013,153.5076
2026-04-02,AST-0013,155.3661
2026-04-03,AST-0013,154.5375
2026-04-06,AST-0013,161.5282
2026-04-07,AST-0013,159.1889
2026-04-08,AST-0013,159.4324
2026-04-09,AST-0013,162.0819
2026-04-10,AST-0013,157.483
2026-04-13,AST-0013,154.6098
2026-04-14,AST-0013,154.6113
2026-04-15,AST-0013,159.2334
2026-04-16,AST-0013,158.4829
2026-04-17,AST-0013,161.6112
2026-04-20,AST-0013,160.2791
2026-04-21,AST-0013,157.9313
2026-04-22,AST-0013,159.2751
2026-04-23,AST-0013,161.4895
2026-04-24,AST-0013,162.8728
2026-04-27,AST-0013,157.4272
2026-04-28,AST-0013,162.8241
2026-04-29,AST-0013,166.3036
2026-04-30,AST-0013,160.976
2026-05-01,AST-0013,161.4487
2026-05-04,AST-0013,158.8297
2026-05-05,AST-0013,161.5358
2026-05-06,AST-0013,157.3245
2026-05-07,AST-0013,161.2155
2026-05-08,AST-0013,160.7478
2026-05-11,AST-0013,156.556
2026-05-12,AST-0013,153.4798
2026-05-13,AST-0013,152.7005
2026-05-14,AST-0013,149.5084
2026-05-15,AST-0013,143.3634
2026-05-18,AST-0013,142.7683
2026-05-19,AST-0013,142.4335
2026-05-20,AST-0013,146.0768
2026-05-21,AST-0013,144.0586
2026-05-22,AST-0013,142.101
2026-05-25,AST-0013,141.328
2026-05-26,AST-0013,145.6156
2026-05-27,AST-0013,147.2184
2026-05-28,AST-0013,150.3834
2026-05-29,AST-0013,151.2409
2026-06-01,AST-0013,151.7453
2026-06-02,AST-0013,156.2329
2026-06-03,AST-0013,154.1529
2026-06-04,AST-0013,155.9753
2026-06-05,AST-0013,158.3363
2026-06-08,AST-0013,160.2993
2026-06-09,AST-0013,160.4685
2026-06-10,AST-0013,163.8117
2026-06-11,AST-0013,165.2226
2026-06-12,AST-0013,167.7265
2026-06-15,AST-0013,169.2948
2026-06-16,AST-0013,168.6723
2026-06-17,AST-0013,169.8877
2026-06-18,AST-0013,165.5533
2026-06-19,AST-0013,167.2072
2026-06-22,AST-0013,172.0414
2026-06-23,AST-0013,172.3926
2026-06-24,AST-0013,170.2631
2026-06-25,AST-0013,175.5389
2026-06-26,AST-0013,175.3527
2026-06-29,AST-0013,177.1974
2026-06-30,AST-0013,175.7548
2026-07-01,AST-0013,170.4703
2026-07-02,AST-0013,167.7228
2026-07-03,AST-0013,167.6669
2026-07-06,AST-0013,166.5486
2026-07-07,AST-0013,170.3814
2026-07-08,AST-0013,165.912
2026-07-09,AST-0013,166.6669
2026-07-10,AST-0013,176.1937
2026-07-13,AST-0013,178.4294
2026-07-14,AST-0013,179.4297
2026-07-15,AST-0013,182.5545
2026-07-16,AST-0013,181.3918
2026-07-17,AST-0013,183.309
2026-07-20,AST-0013,186.9714
2026-07-21,AST-0013,186.2539
2026-07-22,AST-0013,185.3514
2026-07-23,AST-0013,185.0053
2026-07-24,AST-0013,185.765
2026-07-27,AST-0013,185.2761
2026-07-28,AST-0013,185.0557
2026-07-29,AST-0013,183.4378
2026-07-30,AST-0013,184.6992
2026-07-31,AST-0013,191.1785
2026-08-03,AST-0013,189.2167
2026-08-04,AST-0013,186.9126
2026-08-05,AST-0013,187.1688
2026-08-06,AST-0013,191.1929
2026-08-07,AST-0013,187.3573
2025-07-28,AST-0014,222.8737
2025-07-29,AST-0014,220.8559
2025-07-30,AST-0014,224.7224
2025-07-31,AST-0014,223.9585
2025-08-01,AST-0014,225.491
2025-08-04,AST-0014,224.4289
2025-08-05,AST-0014,224.5505
2025-08-06,AST-0014,221.2798
2025-08-07,AST-0014,220.5281
2025-08-08,AST-0014,220.7792
2025-08-11,AST-0014,223.9382
2025-08-12,AST-0014,228.9219
2025-08-13,AST-0014,231.9398
2025-08-14,AST-0014,230.7106
2025-08-15,AST-0014,229.6188
2025-08-18,AST-0014,231.8222
2025-08-19,AST-0014,225.6054
2025-08-20,AST-0014,217.5093
2025-08-21,AST-0014,220.2344
2025-08-22,AST-0014,228.1746
2025-08-25,AST-0014,225.709
2025-08-26,AST-0014,230.3146
2025-08-27,AST-0014,226.9823
2025-08-28,AST-0014,229.4366
2025-08-29,AST-0014,225.9779
2025-09-01,AST-0014,228.9428
2025-09-02,AST-0014,219.7763
2025-09-03,AST-0014,217.3613
2025-09-04,AST-0014,216.7667
2025-09-05,AST-0014,218.5535
2025-09-08,AST-0014,217.4159
2025-09-09,AST-0014,219.2854
2025-09-10,AST-0014,222.8341
2025-09-11,AST-0014,218.5078
2025-09-12,AST-0014,221.5086
2025-09-15,AST-0014,217.9194
2025-09-16,AST-0014,218.6291
2025-09-17,AST-0014,222.9269
2025-09-18,AST-0014,223.4821
2025-09-19,AST-0014,220.0723
2025-09-22,AST-0014,222.9876
2025-09-23,AST-0014,219.0818
2025-09-24,AST-0014,221.442
2025-09-25,AST-0014,218.4442
2025-09-26,AST-0014,216.4289
2025-09-29,AST-0014,219.7921
2025-09-30,AST-0014,214.7014
2025-10-01,AST-0014,212.4514
2025-10-02,AST-0014,214.3624
2025-10-03,AST-0014,211.8128
2025-10-06,AST-0014,213.0634
2025-10-07,AST-0014,215.2347
2025-10-08,AST-0014,217.9476
2025-10-09,AST-0014,222.7454
2025-10-10,AST-0014,220.3213
2025-10-13,AST-0014,219.6582
2025-10-14,AST-0014,219.699
2025-10-15,AST-0014,219.7961
2025-10-16,AST-0014,220.3944
2025-10-17,AST-0014,220.1508
2025-10-20,AST-0014,220.1316
2025-10-21,AST-0014,216.9074
2025-10-22,AST-0014,217.5599
2025-10-23,AST-0014,217.5767
2025-10-24,AST-0014,216.0835
2025-10-27,AST-0014,214.4702
2025-10-28,AST-0014,215.6434
2025-10-29,AST-0014,210.5138
2025-10-30,AST-0014,208.0364
2025-10-31,AST-0014,205.239
2025-11-03,AST-0014,203.7941
2025-11-04,AST-0014,201.4417
2025-11-05,AST-0014,201.1007
2025-11-06,AST-0014,200.3023
2025-11-07,AST-0014,201.939
2025-11-10,AST-0014,209.4769
2025-11-11,AST-0014,207.0162
2025-11-12,AST-0014,208.0031
2025-11-13,AST-0014,208.0314
2025-11-14,AST-0014,208.2247
2025-11-17,AST-0014,209.5343
2025-11-18,AST-0014,210.7733
2025-11-19,AST-0014,212.3902
2025-11-20,AST-0014,210.6741
2025-11-21,AST-0014,212.7949
2025-11-24,AST-0014,205.4674
2025-11-25,AST-0014,207.2228
2025-11-26,AST-0014,204.6688
2025-11-27,AST-0014,199.0558
2025-11-28,AST-0014,199.1154
2025-12-01,AST-0014,204.3711
2025-12-02,AST-0014,203.2938
2025-12-03,AST-0014,202.9857
2025-12-04,AST-0014,205.017
2025-12-05,AST-0014,200.8644
2025-12-08,AST-0014,207.4922
2025-12-09,AST-0014,206.5877
2025-12-10,AST-0014,210.7545
2025-12-11,AST-0014,212.0933
2025-12-12,AST-0014,212.1901
2025-12-15,AST-0014,207.8811
2025-12-16,AST-0014,209.5121
2025-12-17,AST-0014,206.5013
2025-12-18,AST-0014,207.4634
2025-12-19,AST-0014,207.7482
2025-12-22,AST-0014,208.6235
2025-12-23,AST-0014,210.611
2025-12-24,AST-0014,205.0918
2025-12-25,AST-0014,206.2558
2025-12-26,AST-0014,213.3579
2025-12-29,AST-0014,208.876
2025-12-30,AST-0014,213.7343
2025-12-31,AST-0014,206.9653
2026-01-01,AST-0014,202.0629
2026-01-02,AST-0014,203.7011
2026-01-05,AST-0014,199.8704
2026-01-06,AST-0014,198.5006
2026-01-07,AST-0014,199.3918
2026-01-08,AST-0014,201.3258
2026-01-09,AST-0014,208.6176
2026-01-12,AST-0014,208.2883
2026-01-13,AST-0014,208.3529
2026-01-14,AST-0014,209.3914
2026-01-15,AST-0014,208.3066
2026-01-16,AST-0014,205.5127
2026-01-19,AST-0014,204.1219
2026-01-20,AST-0014,197.9563
2026-01-21,AST-0014,196.991
2026-01-22,AST-0014,193.5758
2026-01-23,AST-0014,194.0782
2026-01-26,AST-0014,205.478
2026-01-27,AST-0014,202.7669
2026-01-28,AST-0014,197.2529
2026-01-29,AST-0014,201.9771
2026-01-30,AST-0014,205.6808
2026-02-02,AST-0014,203.7188
2026-02-03,AST-0014,205.7652
2026-02-04,AST-0014,207.3146
2026-02-05,AST-0014,203.8277
2026-02-06,AST-0014,205.2892
2026-02-09,AST-0014,203.4051
2026-02-10,AST-0014,201.5716
2026-02-11,AST-0014,197.3982
2026-02-12,AST-0014,201.856
2026-02-13,AST-0014,206.2471
2026-02-16,AST-0014,204.7166
2026-02-17,AST-0014,203.4759
2026-02-18,AST-0014,204.2129
2026-02-19,AST-0014,202.6408
2026-02-20,AST-0014,199.6738
2026-02-23,AST-0014,195.9584
2026-02-24,AST-0014,197.526
2026-02-25,AST-0014,204.4154
2026-02-26,AST-0014,205.6754
2026-02-27,AST-0014,205.5776
2026-03-02,AST-0014,205.5204
2026-03-03,AST-0014,203.1914
2026-03-04,AST-0014,200.5094
2026-03-05,AST-0014,196.0166
2026-03-06,AST-0014,199.493
2026-03-09,AST-0014,195.139
2026-03-10,AST-0014,196.2131
2026-03-11,AST-0014,197.5923
2026-03-12,AST-0014,197.6214
2026-03-13,AST-0014,200.2554
2026-03-16,AST-0014,190.0967
2026-03-17,AST-0014,186.772
2026-03-18,AST-0014,189.0581
2026-03-19,AST-0014,188.6389
2026-03-20,AST-0014,188.8331
2026-03-23,AST-0014,189.0124
2026-03-24,AST-0014,187.9543
2026-03-25,AST-0014,180.1936
2026-03-26,AST-0014,184.0751
2026-03-27,AST-0014,183.3617
2026-03-30,AST-0014,184.1336
2026-03-31,AST-0014,190.2632
2026-04-01,AST-0014,193.4757
2026-04-02,AST-0014,190.7024
2026-04-03,AST-0014,193.7906
2026-04-06,AST-0014,191.4103
2026-04-07,AST-0014,192.289
2026-04-08,AST-0014,192.1448
2026-04-09,AST-0014,186.9271
2026-04-10,AST-0014,189.0364
2026-04-13,AST-0014,186.0187
2026-04-14,AST-0014,193.5457
2026-04-15,AST-0014,196.9495
2026-04-16,AST-0014,197.7825
2026-04-17,AST-0014,205.3511
2026-04-20,AST-0014,204.6303
2026-04-21,AST-0014,207.9897
2026-04-22,AST-0014,208.2072
2026-04-23,AST-0014,214.011
2026-04-24,AST-0014,216.4952
2026-04-27,AST-0014,216.1613
2026-04-28,AST-0014,215.094
2026-04-29,AST-0014,219.1729
2026-04-30,AST-0014,226.6568
2026-05-01,AST-0014,221.3026
2026-05-04,AST-0014,222.2531
2026-05-05,AST-0014,225.2474
2026-05-06,AST-0014,224.2991
2026-05-07,AST-0014,232.0475
2026-05-08,AST-0014,228.6722
2026-05-11,AST-0014,233.2482
2026-05-12,AST-0014,234.9115
2026-05-13,AST-0014,229.6464
2026-05-14,AST-0014,233.0226
2026-05-15,AST-0014,232.1001
2026-05-18,AST-0014,233.5306
2026-05-19,AST-0014,230.2447
2026-05-20,AST-0014,230.9403
2026-05-21,AST-0014,227.4968
2026-05-22,AST-0014,223.2875
2026-05-25,AST-0014,227.3437
2026-05-26,AST-0014,222.9479
2026-05-27,AST-0014,223.989
2026-05-28,AST-0014,221.6101
2026-05-29,AST-0014,223.448
2026-06-01,AST-0014,220.3448
2026-06-02,AST-0014,220.4624
2026-06-03,AST-0014,220.1535
2026-06-04,AST-0014,217.8755
2026-06-05,AST-0014,208.5898
2026-06-08,AST-0014,209.6123
2026-06-09,AST-0014,208.7127
2026-06-10,AST-0014,202.3233
2026-06-11,AST-0014,201.4612
2026-06-12,AST-0014,202.026
2026-06-15,AST-0014,202.5959
2026-06-16,AST-0014,198.1684
2026-06-17,AST-0014,200.0153
2026-06-18,AST-0014,196.3755
2026-06-19,AST-0014,192.5883
2026-06-22,AST-0014,195.4643
2026-06-23,AST-0014,196.7789
2026-06-24,AST-0014,189.8904
2026-06-25,AST-0014,193.7448
2026-06-26,AST-0014,203.8351
2026-06-29,AST-0014,203.0797
2026-06-30,AST-0014,201.9023
2026-07-01,AST-0014,204.9181
2026-07-02,AST-0014,201.6941
2026-07-03,AST-0014,195.0186
2026-07-06,AST-0014,197.6373
2026-07-07,AST-0014,195.0255
2026-07-08,AST-0014,194.2736
2026-07-09,AST-0014,189.2826
2026-07-10,AST-0014,189.0856
2026-07-13,AST-0014,191.399
2026-07-14,AST-0014,190.5464
2026-07-15,AST-0014,189.8448
2026-07-16,AST-0014,191.1531
2026-07-17,AST-0014,191.8409
2026-07-20,AST-0014,187.913
2026-07-21,AST-0014,187.8735
2026-07-22,AST-0014,183.5823
2026-07-23,AST-0014,180.6309
2026-07-24,AST-0014,184.0101
2026-07-27,AST-0014,180.234
2026-07-28,AST-0014,176.6722
2026-07-29,AST-0014,177.1928
2026-07-30,AST-0014,178.5025
2026-07-31,AST-0014,178.2048
2026-08-03,AST-0014,180.4113
2026-08-04,AST-0014,182.7651
2026-08-05,AST-0014,184.4427
2026-08-06,AST-0014,183.4066
2026-08-07,AST-0014,178.8429
2025-07-28,AST-0015,65.5756
2025-07-29,AST-0015,65.205
2025-07-30,AST-0015,62.5223
2025-07-31,AST-0015,63.8974
2025-08-01,AST-0015,64.8016
2025-08-04,AST-0015,65.8327
2025-08-05,AST-0015,67.875
2025-08-06,AST-0015,68.3174
2025-08-07,AST-0015,67.7271
2025-08-08,AST-0015,67.3354
2025-08-11,AST-0015,68.3003
2025-08-12,AST-0015,68.755
2025-08-13,AST-0015,67.192
2025-08-14,AST-0015,68.4049
2025-08-15,AST-0015,67.4111
2025-08-18,AST-0015,65.4233
2025-08-19,AST-0015,64.7107
2025-08-20,AST-0015,62.7819
2025-08-21,AST-0015,62.4611
2025-08-22,AST-0015,62.3892
2025-08-25,AST-0015,60.4283
2025-08-26,AST-0015,59.5341
2025-08-27,AST-0015,59.1556
2025-08-28,AST-0015,58.8803
2025-08-29,AST-0015,57.5751
2025-09-01,AST-0015,57.8392
2025-09-02,AST-0015,56.9635
2025-09-03,AST-0015,55.5095
2025-09-04,AST-0015,55.1134
2025-09-05,AST-0015,55.207
2025-09-08,AST-0015,55.5161
2025-09-09,AST-0015,56.6551
2025-09-10,AST-0015,56.0199
2025-09-11,AST-0015,55.0635
2025-09-12,AST-0015,54.0139
2025-09-15,AST-0015,54.9046
2025-09-16,AST-0015,54.7788
2025-09-17,AST-0015,55.7112
2025-09-18,AST-0015,56.7063
2025-09-19,AST-0015,55.8825
2025-09-22,AST-0015,55.7846
2025-09-23,AST-0015,55.4978
2025-09-24,AST-0015,55.2556
2025-09-25,AST-0015,55.2677
2025-09-26,AST-0015,55.8838
2025-09-29,AST-0015,56.0538
2025-09-30,AST-0015,55.4131
2025-10-01,AST-0015,55.0115
2025-10-02,AST-0015,55.1994
2025-10-03,AST-0015,56.0554
2025-10-06,AST-0015,56.2032
2025-10-07,AST-0015,58.8293
2025-10-08,AST-0015,60.261
2025-10-09,AST-0015,60.8562
2025-10-10,AST-0015,61.0923
2025-10-13,AST-0015,61.5162
2025-10-14,AST-0015,63.4144
2025-10-15,AST-0015,65.4498
2025-10-16,AST-0015,64.9899
2025-10-17,AST-0015,63.4567
2025-10-20,AST-0015,63.1226
2025-10-21,AST-0015,66.0024
2025-10-22,AST-0015,66.0917
2025-10-23,AST-0015,65.5146
2025-10-24,AST-0015,63.0865
2025-10-27,AST-0015,64.5189
2025-10-28,AST-0015,66.1667
2025-10-29,AST-0015,65.2383
2025-10-30,AST-0015,64.3954
2025-10-31,AST-0015,62.3376
2025-11-03,AST-0015,64.0562
2025-11-04,AST-0015,66.4297
2025-11-05,AST-0015,65.9689
2025-11-06,AST-0015,65.9986
2025-11-07,AST-0015,68.3947
2025-11-10,AST-0015,66.998
2025-11-11,AST-0015,65.7502
2025-11-12,AST-0015,65.264
2025-11-13,AST-0015,64.116
2025-11-14,AST-0015,64.5021
2025-11-17,AST-0015,64.4022
2025-11-18,AST-0015,64.2736
2025-11-19,AST-0015,64.6991
2025-11-20,AST-0015,66.2072
2025-11-21,AST-0015,66.6618
2025-11-24,AST-0015,67.5799
2025-11-25,AST-0015,68.1774
2025-11-26,AST-0015,71.235
2025-11-27,AST-0015,71.5266
2025-11-28,AST-0015,72.0434
2025-12-01,AST-0015,73.8759
2025-12-02,AST-0015,73.01
2025-12-03,AST-0015,74.0538
2025-12-04,AST-0015,74.4131
2025-12-05,AST-0015,73.0434
2025-12-08,AST-0015,72.3905
2025-12-09,AST-0015,72.4537
2025-12-10,AST-0015,72.6406
2025-12-11,AST-0015,72.6196
2025-12-12,AST-0015,72.2306
2025-12-15,AST-0015,72.2862
2025-12-16,AST-0015,76.3846
2025-12-17,AST-0015,76.2851
2025-12-18,AST-0015,76.088
2025-12-19,AST-0015,75.8438
2025-12-22,AST-0015,75.6133
2025-12-23,AST-0015,76.7976
2025-12-24,AST-0015,77.4197
2025-12-25,AST-0015,79.0581
2025-12-26,AST-0015,77.7614
2025-12-29,AST-0015,78.7691
2025-12-30,AST-0015,81.0981
2025-12-31,AST-0015,81.921
2026-01-01,AST-0015,83.0244
2026-01-02,AST-0015,84.5534
2026-01-05,AST-0015,84.4744
2026-01-06,AST-0015,82.2325
2026-01-07,AST-0015,81.4614
2026-01-08,AST-0015,85.7779
2026-01-09,AST-0015,85.8738
2026-01-12,AST-0015,84.4656
2026-01-13,AST-0015,85.6187
2026-01-14,AST-0015,86.4129
2026-01-15,AST-0015,87.8095
2026-01-16,AST-0015,88.2024
2026-01-19,AST-0015,88.7366
2026-01-20,AST-0015,91.5654
2026-01-21,AST-0015,89.9134
2026-01-22,AST-0015,90.1959
2026-01-23,AST-0015,88.5527
2026-01-26,AST-0015,92.1711
2026-01-27,AST-0015,92.3057
2026-01-28,AST-0015,91.8303
2026-01-29,AST-0015,89.3634
2026-01-30,AST-0015,93.7709
2026-02-02,AST-0015,94.4171
2026-02-03,AST-0015,94.6994
2026-02-04,AST-0015,92.7881
2026-02-05,AST-0015,94.2181
2026-02-06,AST-0015,95.0
2026-02-09,AST-0015,93.2807
2026-02-10,AST-0015,95.8979
2026-02-11,AST-0015,94.797
2026-02-12,AST-0015,98.428
2026-02-13,AST-0015,96.5846
2026-02-16,AST-0015,94.0131
2026-02-17,AST-0015,93.5574
2026-02-18,AST-0015,92.7042
2026-02-19,AST-0015,91.1173
2026-02-20,AST-0015,90.4091
2026-02-23,AST-0015,91.139
2026-02-24,AST-0015,92.8527
2026-02-25,AST-0015,92.4111
2026-02-26,AST-0015,92.7892
2026-02-27,AST-0015,93.3801
2026-03-02,AST-0015,91.7733
2026-03-03,AST-0015,91.2306
2026-03-04,AST-0015,91.3245
2026-03-05,AST-0015,93.4567
2026-03-06,AST-0015,92.9452
2026-03-09,AST-0015,91.6749
2026-03-10,AST-0015,89.9984
2026-03-11,AST-0015,87.0274
2026-03-12,AST-0015,86.0623
2026-03-13,AST-0015,87.818
2026-03-16,AST-0015,87.7857
2026-03-17,AST-0015,91.1899
2026-03-18,AST-0015,90.4129
2026-03-19,AST-0015,91.4715
2026-03-20,AST-0015,92.5779
2026-03-23,AST-0015,92.8435
2026-03-24,AST-0015,93.0774
2026-03-25,AST-0015,94.8065
2026-03-26,AST-0015,93.4604
2026-03-27,AST-0015,94.2327
2026-03-30,AST-0015,93.2674
2026-03-31,AST-0015,93.825
2026-04-01,AST-0015,96.2249
2026-04-02,AST-0015,91.6288
2026-04-03,AST-0015,91.7304
2026-04-06,AST-0015,91.8195
2026-04-07,AST-0015,91.2535
2026-04-08,AST-0015,93.4521
2026-04-09,AST-0015,92.2341
2026-04-10,AST-0015,93.4741
2026-04-13,AST-0015,97.3128
2026-04-14,AST-0015,98.8826
2026-04-15,AST-0015,100.4351
2026-04-16,AST-0015,104.0403
2026-04-17,AST-0015,105.8812
2026-04-20,AST-0015,109.5223
2026-04-21,AST-0015,110.2824
2026-04-22,AST-0015,109.1689
2026-04-23,AST-0015,108.0765
2026-04-24,AST-0015,110.316
2026-04-27,AST-0015,110.7706
2026-04-28,AST-0015,113.694
2026-04-29,AST-0015,113.7414
2026-04-30,AST-0015,113.4405
2026-05-01,AST-0015,111.2009
2026-05-04,AST-0015,111.6872
2026-05-05,AST-0015,114.3397
2026-05-06,AST-0015,114.32
2026-05-07,AST-0015,113.211
2026-05-08,AST-0015,111.687
2026-05-11,AST-0015,112.08
2026-05-12,AST-0015,107.6759
2026-05-13,AST-0015,110.263
2026-05-14,AST-0015,107.2001
2026-05-15,AST-0015,104.1679
2026-05-18,AST-0015,108.1901
2026-05-19,AST-0015,106.9276
2026-05-20,AST-0015,107.05
2026-05-21,AST-0015,107.8662
2026-05-22,AST-0015,109.0436
2026-05-25,AST-0015,107.7993
2026-05-26,AST-0015,104.5865
2026-05-27,AST-0015,106.9791
2026-05-28,AST-0015,104.2729
2026-05-29,AST-0015,104.2257
2026-06-01,AST-0015,105.2272
2026-06-02,AST-0015,104.2508
2026-06-03,AST-0015,106.0027
2026-06-04,AST-0015,105.7021
2026-06-05,AST-0015,103.5179
2026-06-08,AST-0015,102.9805
2026-06-09,AST-0015,105.2357
2026-06-10,AST-0015,105.5708
2026-06-11,AST-0015,107.0829
2026-06-12,AST-0015,111.2922
2026-06-15,AST-0015,111.5954
2026-06-16,AST-0015,110.7727
2026-06-17,AST-0015,107.0912
2026-06-18,AST-0015,106.1318
2026-06-19,AST-0015,105.3048
2026-06-22,AST-0015,106.9968
2026-06-23,AST-0015,104.7964
2026-06-24,AST-0015,104.3867
2026-06-25,AST-0015,108.7394
2026-06-26,AST-0015,110.241
2026-06-29,AST-0015,111.0988
2026-06-30,AST-0015,111.7334
2026-07-01,AST-0015,113.4771
2026-07-02,AST-0015,112.6481
2026-07-03,AST-0015,112.7323
2026-07-06,AST-0015,110.405
2026-07-07,AST-0015,105.9637
2026-07-08,AST-0015,104.9348
2026-07-09,AST-0015,106.5178
2026-07-10,AST-0015,105.4617
2026-07-13,AST-0015,105.8927
2026-07-14,AST-0015,103.2214
2026-07-15,AST-0015,101.9443
2026-07-16,AST-0015,104.3592
2026-07-17,AST-0015,107.1605
2026-07-20,AST-0015,105.8437
2026-07-21,AST-0015,106.7326
2026-07-22,AST-0015,106.3822
2026-07-23,AST-0015,107.5302
2026-07-24,AST-0015,107.6504
2026-07-27,AST-0015,109.401
2026-07-28,AST-0015,108.8927
2026-07-29,AST-0015,110.0594
2026-07-30,AST-0015,113.2942
2026-07-31,AST-0015,113.1669
2026-08-03,AST-0015,115.1242
2026-08-04,AST-0015,116.0572
2026-08-05,AST-0015,116.0136
2026-08-06,AST-0015,116.047
2026-08-07,AST-0015,116.1963
2025-07-28,AST-0016,203.2663
2025-07-29,AST-0016,200.134
2025-07-30,AST-0016,202.684
2025-07-31,AST-0016,206.7851
2025-08-01,AST-0016,209.9737
2025-08-04,AST-0016,208.4771
2025-08-05,AST-0016,205.2933
2025-08-06,AST-0016,205.4477
2025-08-07,AST-0016,206.0868
2025-08-08,AST-0016,210.4572
2025-08-11,AST-0016,209.594
2025-08-12,AST-0016,209.3098
2025-08-13,AST-0016,203.5378
2025-08-14,AST-0016,201.9441
2025-08-15,AST-0016,194.2272
2025-08-18,AST-0016,187.6587
2025-08-19,AST-0016,193.9818
2025-08-20,AST-0016,188.7009
2025-08-21,AST-0016,190.3183
2025-08-22,AST-0016,184.9457
2025-08-25,AST-0016,177.2297
2025-08-26,AST-0016,177.3778
2025-08-27,AST-0016,180.5068
2025-08-28,AST-0016,181.4531
2025-08-29,AST-0016,182.6366
2025-09-01,AST-0016,190.0639
2025-09-02,AST-0016,193.7437
2025-09-03,AST-0016,197.0276
2025-09-04,AST-0016,196.796
2025-09-05,AST-0016,197.0343
2025-09-08,AST-0016,195.4267
2025-09-09,AST-0016,192.3342
2025-09-10,AST-0016,193.0437
2025-09-11,AST-0016,185.8256
2025-09-12,AST-0016,185.2287
2025-09-15,AST-0016,182.7485
2025-09-16,AST-0016,185.052
2025-09-17,AST-0016,186.2908
2025-09-18,AST-0016,190.7517
2025-09-19,AST-0016,181.6639
2025-09-22,AST-0016,187.6066
2025-09-23,AST-0016,188.7611
2025-09-24,AST-0016,185.7073
2025-09-25,AST-0016,183.5808
2025-09-26,AST-0016,179.0736
2025-09-29,AST-0016,176.143
2025-09-30,AST-0016,174.3577
2025-10-01,AST-0016,174.1831
2025-10-02,AST-0016,167.6211
2025-10-03,AST-0016,169.0697
2025-10-06,AST-0016,170.8688
2025-10-07,AST-0016,179.6329
2025-10-08,AST-0016,179.448
2025-10-09,AST-0016,182.7113
2025-10-10,AST-0016,182.131
2025-10-13,AST-0016,186.9066
2025-10-14,AST-0016,187.3939
2025-10-15,AST-0016,187.794
2025-10-16,AST-0016,187.7076
2025-10-17,AST-0016,183.2448
2025-10-20,AST-0016,176.2235
2025-10-21,AST-0016,178.2122
2025-10-22,AST-0016,181.2446
2025-10-23,AST-0016,180.5696
2025-10-24,AST-0016,176.0098
2025-10-27,AST-0016,173.4662
2025-10-28,AST-0016,175.5912
2025-10-29,AST-0016,174.5828
2025-10-30,AST-0016,174.9276
2025-10-31,AST-0016,176.9207
2025-11-03,AST-0016,178.7977
2025-11-04,AST-0016,181.5
2025-11-05,AST-0016,176.3702
2025-11-06,AST-0016,175.6111
2025-11-07,AST-0016,179.774
2025-11-10,AST-0016,182.7195
2025-11-11,AST-0016,175.6641
2025-11-12,AST-0016,178.1495
2025-11-13,AST-0016,180.1822
2025-11-14,AST-0016,177.1837
2025-11-17,AST-0016,173.2074
2025-11-18,AST-0016,171.4965
2025-11-19,AST-0016,170.2378
2025-11-20,AST-0016,169.5672
2025-11-21,AST-0016,176.139
2025-11-24,AST-0016,175.3699
2025-11-25,AST-0016,176.9387
2025-11-26,AST-0016,176.0915
2025-11-27,AST-0016,174.6511
2025-11-28,AST-0016,172.5549
2025-12-01,AST-0016,169.1556
2025-12-02,AST-0016,163.9726
2025-12-03,AST-0016,163.7728
2025-12-04,AST-0016,163.5962
2025-12-05,AST-0016,160.3077
2025-12-08,AST-0016,161.3947
2025-12-09,AST-0016,158.1094
2025-12-10,AST-0016,155.7951
2025-12-11,AST-0016,156.5108
2025-12-12,AST-0016,155.532
2025-12-15,AST-0016,150.3392
2025-12-16,AST-0016,155.041
2025-12-17,AST-0016,150.6783
2025-12-18,AST-0016,152.9989
2025-12-19,AST-0016,150.7592
2025-12-22,AST-0016,151.2271
2025-12-23,AST-0016,151.388
2025-12-24,AST-0016,155.2248
2025-12-25,AST-0016,150.0373
2025-12-26,AST-0016,151.5448
2025-12-29,AST-0016,150.5401
2025-12-30,AST-0016,153.3718
2025-12-31,AST-0016,155.0649
2026-01-01,AST-0016,155.2735
2026-01-02,AST-0016,158.8374
2026-01-05,AST-0016,158.3679
2026-01-06,AST-0016,157.084
2026-01-07,AST-0016,159.55
2026-01-08,AST-0016,158.9184
2026-01-09,AST-0016,163.3292
2026-01-12,AST-0016,169.5463
2026-01-13,AST-0016,168.2178
2026-01-14,AST-0016,166.5976
2026-01-15,AST-0016,167.2428
2026-01-16,AST-0016,164.7725
2026-01-19,AST-0016,161.4336
2026-01-20,AST-0016,163.0116
2026-01-21,AST-0016,156.6475
2026-01-22,AST-0016,155.8122
2026-01-23,AST-0016,151.4026
2026-01-26,AST-0016,152.4754
2026-01-27,AST-0016,149.7065
2026-01-28,AST-0016,147.1925
2026-01-29,AST-0016,145.6857
2026-01-30,AST-0016,143.9149
2026-02-02,AST-0016,142.5726
2026-02-03,AST-0016,141.3259
2026-02-04,AST-0016,139.3605
2026-02-05,AST-0016,138.6467
2026-02-06,AST-0016,140.832
2026-02-09,AST-0016,138.656
2026-02-10,AST-0016,142.1428
2026-02-11,AST-0016,145.4212
2026-02-12,AST-0016,146.224
2026-02-13,AST-0016,147.1796
2026-02-16,AST-0016,146.1283
2026-02-17,AST-0016,144.0612
2026-02-18,AST-0016,141.6824
2026-02-19,AST-0016,142.6255
2026-02-20,AST-0016,143.2132
2026-02-23,AST-0016,143.6965
2026-02-24,AST-0016,141.2499
2026-02-25,AST-0016,141.0146
2026-02-26,AST-0016,138.2132
2026-02-27,AST-0016,138.7843
2026-03-02,AST-0016,137.5874
2026-03-03,AST-0016,137.3507
2026-03-04,AST-0016,140.6723
2026-03-05,AST-0016,141.9656
2026-03-06,AST-0016,142.925
2026-03-09,AST-0016,146.5313
2026-03-10,AST-0016,147.0033
2026-03-11,AST-0016,148.9184
2026-03-12,AST-0016,149.9269
2026-03-13,AST-0016,152.4491
2026-03-16,AST-0016,156.2047
2026-03-17,AST-0016,156.2793
2026-03-18,AST-0016,158.8024
2026-03-19,AST-0016,161.6616
2026-03-20,AST-0016,161.7342
2026-03-23,AST-0016,161.6753
2026-03-24,AST-0016,157.8549
2026-03-25,AST-0016,161.3617
2026-03-26,AST-0016,158.2551
2026-03-27,AST-0016,159.9999
2026-03-30,AST-0016,162.2052
2026-03-31,AST-0016,159.1039
2026-04-01,AST-0016,158.8662
2026-04-02,AST-0016,154.1629
2026-04-03,AST-0016,160.0004
2026-04-06,AST-0016,162.1213
2026-04-07,AST-0016,161.1917
2026-04-08,AST-0016,160.7487
2026-04-09,AST-0016,156.8891
2026-04-10,AST-0016,156.5871
2026-04-13,AST-0016,156.135
2026-04-14,AST-0016,156.9749
2026-04-15,AST-0016,164.0614
2026-04-16,AST-0016,165.4014
2026-04-17,AST-0016,160.879
2026-04-20,AST-0016,156.8248
2026-04-21,AST-0016,156.6382
2026-04-22,AST-0016,157.6045
2026-04-23,AST-0016,158.3687
2026-04-24,AST-0016,161.3146
2026-04-27,AST-0016,161.8834
2026-04-28,AST-0016,164.6807
2026-04-29,AST-0016,163.7317
2026-04-30,AST-0016,163.7995
2026-05-01,AST-0016,161.3904
2026-05-04,AST-0016,160.9058
2026-05-05,AST-0016,163.9198
2026-05-06,AST-0016,162.6666
2026-05-07,AST-0016,159.0147
2026-05-08,AST-0016,154.3254
2026-05-11,AST-0016,159.274
2026-05-12,AST-0016,154.5047
2026-05-13,AST-0016,152.4128
2026-05-14,AST-0016,153.7641
2026-05-15,AST-0016,150.9033
2026-05-18,AST-0016,154.3
2026-05-19,AST-0016,154.8885
2026-05-20,AST-0016,154.2687
2026-05-21,AST-0016,152.535
2026-05-22,AST-0016,148.7255
2026-05-25,AST-0016,151.6688
2026-05-26,AST-0016,155.865
2026-05-27,AST-0016,158.0351
2026-05-28,AST-0016,159.4022
2026-05-29,AST-0016,157.7035
2026-06-01,AST-0016,153.8786
2026-06-02,AST-0016,157.1766
2026-06-03,AST-0016,160.4356
2026-06-04,AST-0016,158.9342
2026-06-05,AST-0016,164.1654
2026-06-08,AST-0016,166.2124
2026-06-09,AST-0016,163.3754
2026-06-10,AST-0016,165.3669
2026-06-11,AST-0016,164.6266
2026-06-12,AST-0016,162.8446
2026-06-15,AST-0016,166.51
2026-06-16,AST-0016,162.8786
2026-06-17,AST-0016,162.4442
2026-06-18,AST-0016,162.0128
2026-06-19,AST-0016,164.5029
2026-06-22,AST-0016,159.4136
2026-06-23,AST-0016,155.5414
2026-06-24,AST-0016,153.3097
2026-06-25,AST-0016,156.4368
2026-06-26,AST-0016,163.2129
2026-06-29,AST-0016,164.0962
2026-06-30,AST-0016,166.27
2026-07-01,AST-0016,165.9342
2026-07-02,AST-0016,165.4551
2026-07-03,AST-0016,161.0313
2026-07-06,AST-0016,166.0082
2026-07-07,AST-0016,165.8704
2026-07-08,AST-0016,162.4071
2026-07-09,AST-0016,159.4198
2026-07-10,AST-0016,163.2288
2026-07-13,AST-0016,163.1304
2026-07-14,AST-0016,164.2131
2026-07-15,AST-0016,168.7259
2026-07-16,AST-0016,167.1919
2026-07-17,AST-0016,168.7929
2026-07-20,AST-0016,172.5573
2026-07-21,AST-0016,168.9465
2026-07-22,AST-0016,169.0018
2026-07-23,AST-0016,165.2213
2026-07-24,AST-0016,166.7768
2026-07-27,AST-0016,161.097
2026-07-28,AST-0016,158.5608
2026-07-29,AST-0016,160.8952
2026-07-30,AST-0016,159.0472
2026-07-31,AST-0016,160.3205
2026-08-03,AST-0016,161.2317
2026-08-04,AST-0016,159.0027
2026-08-05,AST-0016,160.1821
2026-08-06,AST-0016,160.3701
2026-08-07,AST-0016,158.7533
2025-07-28,AST-0017,109.2087
2025-07-29,AST-0017,111.0414
2025-07-30,AST-0017,111.048
2025-07-31,AST-0017,111.4346
2025-08-01,AST-0017,112.1737
2025-08-04,AST-0017,116.5262
2025-08-05,AST-0017,117.0117
2025-08-06,AST-0017,117.6311
2025-08-07,AST-0017,117.6513
2025-08-08,AST-0017,120.125
2025-08-11,AST-0017,124.1137
2025-08-12,AST-0017,124.1635
2025-08-13,AST-0017,123.3078
2025-08-14,AST-0017,121.5778
2025-08-15,AST-0017,121.1502
2025-08-18,AST-0017,120.791
2025-08-19,AST-0017,115.179
2025-08-20,AST-0017,117.4023
2025-08-21,AST-0017,117.0958
2025-08-22,AST-0017,118.7379
2025-08-25,AST-0017,116.9376
2025-08-26,AST-0017,112.6392
2025-08-27,AST-0017,115.4206
2025-08-28,AST-0017,113.6007
2025-08-29,AST-0017,113.7916
2025-09-01,AST-0017,114.8475
2025-09-02,AST-0017,118.6269
2025-09-03,AST-0017,119.1232
2025-09-04,AST-0017,117.0037
2025-09-05,AST-0017,118.8416
2025-09-08,AST-0017,118.4142
2025-09-09,AST-0017,116.2287
2025-09-10,AST-0017,116.7507
2025-09-11,AST-0017,117.1297
2025-09-12,AST-0017,115.7975
2025-09-15,AST-0017,111.6537
2025-09-16,AST-0017,111.0855
2025-09-17,AST-0017,112.2565
2025-09-18,AST-0017,112.6818
2025-09-19,AST-0017,111.5485
2025-09-22,AST-0017,111.5971
2025-09-23,AST-0017,111.8429
2025-09-24,AST-0017,110.9546
2025-09-25,AST-0017,112.0534
2025-09-26,AST-0017,110.0043
2025-09-29,AST-0017,108.8838
2025-09-30,AST-0017,107.4387
2025-10-01,AST-0017,111.7042
2025-10-02,AST-0017,110.647
2025-10-03,AST-0017,110.7833
2025-10-06,AST-0017,114.2886
2025-10-07,AST-0017,115.9278
2025-10-08,AST-0017,117.4558
2025-10-09,AST-0017,116.6756
2025-10-10,AST-0017,114.8068
2025-10-13,AST-0017,113.6285
2025-10-14,AST-0017,113.1434
2025-10-15,AST-0017,112.4891
2025-10-16,AST-0017,112.955
2025-10-17,AST-0017,112.643
2025-10-20,AST-0017,110.9474
2025-10-21,AST-0017,108.334
2025-10-22,AST-0017,108.4949
2025-10-23,AST-0017,107.7498
2025-10-24,AST-0017,105.1634
2025-10-27,AST-0017,106.8311
2025-10-28,AST-0017,105.7283
2025-10-29,AST-0017,107.532
2025-10-30,AST-0017,109.4487
2025-10-31,AST-0017,108.6615
2025-11-03,AST-0017,106.6486
2025-11-04,AST-0017,104.3775
2025-11-05,AST-0017,105.2835
2025-11-06,AST-0017,106.9706
2025-11-07,AST-0017,105.257
2025-11-10,AST-0017,107.1211
2025-11-11,AST-0017,104.1123
2025-11-12,AST-0017,105.7267
2025-11-13,AST-0017,102.6712
2025-11-14,AST-0017,100.9614
2025-11-17,AST-0017,104.5372
2025-11-18,AST-0017,107.1297
2025-11-19,AST-0017,109.7813
2025-11-20,AST-0017,110.5147
2025-11-21,AST-0017,114.7235
2025-11-24,AST-0017,115.1991
2025-11-25,AST-0017,112.2255
2025-11-26,AST-0017,112.839
2025-11-27,AST-0017,114.1693
2025-11-28,AST-0017,109.286
2025-12-01,AST-0017,110.7605
2025-12-02,AST-0017,108.6304
2025-12-03,AST-0017,108.2597
2025-12-04,AST-0017,106.077
2025-12-05,AST-0017,101.6225
2025-12-08,AST-0017,101.414
2025-12-09,AST-0017,100.1396
2025-12-10,AST-0017,99.6952
2025-12-11,AST-0017,99.2798
2025-12-12,AST-0017,97.5749
2025-12-15,AST-0017,100.1704
2025-12-16,AST-0017,98.3102
2025-12-17,AST-0017,99.7771
2025-12-18,AST-0017,98.5663
2025-12-19,AST-0017,100.6743
2025-12-22,AST-0017,98.813
2025-12-23,AST-0017,98.4595
2025-12-24,AST-0017,98.6923
2025-12-25,AST-0017,103.6986
2025-12-26,AST-0017,102.2573
2025-12-29,AST-0017,99.442
2025-12-30,AST-0017,99.2234
2025-12-31,AST-0017,100.8332
2026-01-01,AST-0017,99.8058
2026-01-02,AST-0017,103.6447
2026-01-05,AST-0017,104.978
2026-01-06,AST-0017,106.5564
2026-01-07,AST-0017,107.444
2026-01-08,AST-0017,108.8354
2026-01-09,AST-0017,109.6654
2026-01-12,AST-0017,109.8118
2026-01-13,AST-0017,109.4
2026-01-14,AST-0017,111.5501
2026-01-15,AST-0017,109.0703
2026-01-16,AST-0017,107.3203
2026-01-19,AST-0017,106.0772
2026-01-20,AST-0017,106.4321
2026-01-21,AST-0017,104.1483
2026-01-22,AST-0017,106.9857
2026-01-23,AST-0017,104.8743
2026-01-26,AST-0017,107.1723
2026-01-27,AST-0017,105.7923
2026-01-28,AST-0017,103.1113
2026-01-29,AST-0017,103.7518
2026-01-30,AST-0017,104.2658
2026-02-02,AST-0017,106.8912
2026-02-03,AST-0017,103.4073
2026-02-04,AST-0017,105.5064
2026-02-05,AST-0017,104.358
2026-02-06,AST-0017,104.7725
2026-02-09,AST-0017,105.3755
2026-02-10,AST-0017,105.9544
2026-02-11,AST-0017,106.056
2026-02-12,AST-0017,108.0923
2026-02-13,AST-0017,109.9174
2026-02-16,AST-0017,109.1018
2026-02-17,AST-0017,109.3672
2026-02-18,AST-0017,111.6217
2026-02-19,AST-0017,110.5594
2026-02-20,AST-0017,107.1492
2026-02-23,AST-0017,104.8456
2026-02-24,AST-0017,104.4621
2026-02-25,AST-0017,104.1671
2026-02-26,AST-0017,104.4699
2026-02-27,AST-0017,102.7928
2026-03-02,AST-0017,102.9484
2026-03-03,AST-0017,104.8324
2026-03-04,AST-0017,105.0296
2026-03-05,AST-0017,105.469
2026-03-06,AST-0017,106.193
2026-03-09,AST-0017,104.4398
2026-03-10,AST-0017,105.9669
2026-03-11,AST-0017,108.5058
2026-03-12,AST-0017,110.034
2026-03-13,AST-0017,111.2311
2026-03-16,AST-0017,109.0762
2026-03-17,AST-0017,103.7897
2026-03-18,AST-0017,104.9028
2026-03-19,AST-0017,106.483
2026-03-20,AST-0017,105.1924
2026-03-23,AST-0017,104.6011
2026-03-24,AST-0017,103.3673
2026-03-25,AST-0017,104.8621
2026-03-26,AST-0017,108.1898
2026-03-27,AST-0017,111.7246
2026-03-30,AST-0017,112.467
2026-03-31,AST-0017,112.5572
2026-04-01,AST-0017,111.1779
2026-04-02,AST-0017,108.603
2026-04-03,AST-0017,111.4964
2026-04-06,AST-0017,109.5924
2026-04-07,AST-0017,111.9199
2026-04-08,AST-0017,113.1904
2026-04-09,AST-0017,113.4243
2026-04-10,AST-0017,113.6402
2026-04-13,AST-0017,112.8398
2026-04-14,AST-0017,112.5553
2026-04-15,AST-0017,116.5338
2026-04-16,AST-0017,118.4355
2026-04-17,AST-0017,117.3534
2026-04-20,AST-0017,115.103
2026-04-21,AST-0017,115.658
2026-04-22,AST-0017,121.0566
2026-04-23,AST-0017,121.5287
2026-04-24,AST-0017,123.7058
2026-04-27,AST-0017,121.1944
2026-04-28,AST-0017,124.3875
2026-04-29,AST-0017,121.4752
2026-04-30,AST-0017,120.9573
2026-05-01,AST-0017,120.9267
2026-05-04,AST-0017,123.8152
2026-05-05,AST-0017,125.3198
2026-05-06,AST-0017,124.8246
2026-05-07,AST-0017,124.8151
2026-05-08,AST-0017,125.9783
2026-05-11,AST-0017,126.7491
2026-05-12,AST-0017,127.4
2026-05-13,AST-0017,129.109
2026-05-14,AST-0017,130.5576
2026-05-15,AST-0017,129.1761
2026-05-18,AST-0017,126.2086
2026-05-19,AST-0017,126.9726
2026-05-20,AST-0017,126.9064
2026-05-21,AST-0017,125.7629
2026-05-22,AST-0017,126.2425
2026-05-25,AST-0017,121.7666
2026-05-26,AST-0017,124.3737
2026-05-27,AST-0017,126.1101
2026-05-28,AST-0017,125.5168
2026-05-29,AST-0017,125.3973
2026-06-01,AST-0017,125.7984
2026-06-02,AST-0017,126.1112
2026-06-03,AST-0017,124.5595
2026-06-04,AST-0017,129.1142
2026-06-05,AST-0017,131.6001
2026-06-08,AST-0017,135.2084
2026-06-09,AST-0017,137.0993
2026-06-10,AST-0017,138.2879
2026-06-11,AST-0017,135.6945
2026-06-12,AST-0017,132.5937
2026-06-15,AST-0017,132.3861
2026-06-16,AST-0017,130.4502
2026-06-17,AST-0017,127.0508
2026-06-18,AST-0017,129.399
2026-06-19,AST-0017,134.9104
2026-06-22,AST-0017,137.1374
2026-06-23,AST-0017,141.0943
2026-06-24,AST-0017,139.5819
2026-06-25,AST-0017,138.617
2026-06-26,AST-0017,139.5954
2026-06-29,AST-0017,140.3771
2026-06-30,AST-0017,142.9887
2026-07-01,AST-0017,143.1656
2026-07-02,AST-0017,145.473
2026-07-03,AST-0017,143.4251
2026-07-06,AST-0017,145.5353
2026-07-07,AST-0017,142.1655
2026-07-08,AST-0017,142.3802
2026-07-09,AST-0017,143.2824
2026-07-10,AST-0017,141.3216
2026-07-13,AST-0017,144.0476
2026-07-14,AST-0017,143.2127
2026-07-15,AST-0017,140.39
2026-07-16,AST-0017,139.7309
2026-07-17,AST-0017,140.4136
2026-07-20,AST-0017,141.6069
2026-07-21,AST-0017,143.1315
2026-07-22,AST-0017,142.1457
2026-07-23,AST-0017,145.0009
2026-07-24,AST-0017,144.2804
2026-07-27,AST-0017,143.9916
2026-07-28,AST-0017,144.3935
2026-07-29,AST-0017,146.9798
2026-07-30,AST-0017,146.7405
2026-07-31,AST-0017,149.308
2026-08-03,AST-0017,149.088
2026-08-04,AST-0017,150.8128
2026-08-05,AST-0017,148.4246
2026-08-06,AST-0017,149.1643
2026-08-07,AST-0017,149.3334
2025-07-28,AST-0018,107.1459
2025-07-29,AST-0018,107.8778
2025-07-30,AST-0018,106.968
2025-07-31,AST-0018,109.7125
2025-08-01,AST-0018,108.4
2025-08-04,AST-0018,112.0655
2025-08-05,AST-0018,111.2853
2025-08-06,AST-0018,113.3063
2025-08-07,AST-0018,111.1776
2025-08-08,AST-0018,112.5559
2025-08-11,AST-0018,112.4288
2025-08-12,AST-0018,113.0361
2025-08-13,AST-0018,114.0837
2025-08-14,AST-0018,112.7673
2025-08-15,AST-0018,111.6657
2025-08-18,AST-0018,110.1104
2025-08-19,AST-0018,106.5285
2025-08-20,AST-0018,107.4955
2025-08-21,AST-0018,108.359
2025-08-22,AST-0018,107.2104
2025-08-25,AST-0018,106.8759
2025-08-26,AST-0018,105.0702
2025-08-27,AST-0018,105.3306
2025-08-28,AST-0018,105.9095
2025-08-29,AST-0018,107.1568
2025-09-01,AST-0018,106.7359
2025-09-02,AST-0018,105.8653
2025-09-03,AST-0018,102.6978
2025-09-04,AST-0018,101.6039
2025-09-05,AST-0018,105.2546
2025-09-08,AST-0018,105.8495
2025-09-09,AST-0018,106.2007
2025-09-10,AST-0018,108.9152
2025-09-11,AST-0018,105.2541
2025-09-12,AST-0018,102.8166
2025-09-15,AST-0018,102.3447
2025-09-16,AST-0018,100.6762
2025-09-17,AST-0018,102.2518
2025-09-18,AST-0018,101.8679
2025-09-19,AST-0018,99.6358
2025-09-22,AST-0018,98.6686
2025-09-23,AST-0018,102.0687
2025-09-24,AST-0018,102.4151
2025-09-25,AST-0018,103.3053
2025-09-26,AST-0018,104.2636
2025-09-29,AST-0018,103.9482
2025-09-30,AST-0018,103.3927
2025-10-01,AST-0018,106.6826
2025-10-02,AST-0018,105.9285
2025-10-03,AST-0018,107.0201
2025-10-06,AST-0018,109.9767
2025-10-07,AST-0018,110.4192
2025-10-08,AST-0018,111.452
2025-10-09,AST-0018,109.8625
2025-10-10,AST-0018,109.5689
2025-10-13,AST-0018,109.1564
2025-10-14,AST-0018,107.9544
2025-10-15,AST-0018,108.9178
2025-10-16,AST-0018,106.9636
2025-10-17,AST-0018,108.2034
2025-10-20,AST-0018,110.7793
2025-10-21,AST-0018,110.3243
2025-10-22,AST-0018,112.1204
2025-10-23,AST-0018,111.6227
2025-10-24,AST-0018,112.6942
2025-10-27,AST-0018,111.4074
2025-10-28,AST-0018,110.9438
2025-10-29,AST-0018,112.5684
2025-10-30,AST-0018,113.0675
2025-10-31,AST-0018,111.1762
2025-11-03,AST-0018,112.6377
2025-11-04,AST-0018,111.4412
2025-11-05,AST-0018,109.1918
2025-11-06,AST-0018,108.8945
2025-11-07,AST-0018,108.7587
2025-11-10,AST-0018,107.0453
2025-11-11,AST-0018,107.9429
2025-11-12,AST-0018,109.1793
2025-11-13,AST-0018,107.6406
2025-11-14,AST-0018,107.1691
2025-11-17,AST-0018,104.38
2025-11-18,AST-0018,103.5089
2025-11-19,AST-0018,103.5091
2025-11-20,AST-0018,102.5627
2025-11-21,AST-0018,102.3212
2025-11-24,AST-0018,99.2313
2025-11-25,AST-0018,100.7009
2025-11-26,AST-0018,105.3953
2025-11-27,AST-0018,104.5912
2025-11-28,AST-0018,101.8669
2025-12-01,AST-0018,101.8679
2025-12-02,AST-0018,101.6842
2025-12-03,AST-0018,106.5106
2025-12-04,AST-0018,107.1076
2025-12-05,AST-0018,105.5061
2025-12-08,AST-0018,102.9778
2025-12-09,AST-0018,102.09
2025-12-10,AST-0018,100.8143
2025-12-11,AST-0018,100.9061
2025-12-12,AST-0018,99.2342
2025-12-15,AST-0018,101.8509
2025-12-16,AST-0018,102.2103
2025-12-17,AST-0018,98.9893
2025-12-18,AST-0018,97.9021
2025-12-19,AST-0018,97.1523
2025-12-22,AST-0018,98.0536
2025-12-23,AST-0018,101.5819
2025-12-24,AST-0018,99.8565
2025-12-25,AST-0018,100.5724
2025-12-26,AST-0018,101.86
2025-12-29,AST-0018,103.201
2025-12-30,AST-0018,101.8271
2025-12-31,AST-0018,104.082
2026-01-01,AST-0018,106.196
2026-01-02,AST-0018,107.8021
2026-01-05,AST-0018,109.3896
2026-01-06,AST-0018,108.7181
2026-01-07,AST-0018,110.2292
2026-01-08,AST-0018,110.4713
2026-01-09,AST-0018,114.9222
2026-01-12,AST-0018,116.7238
2026-01-13,AST-0018,114.7612
2026-01-14,AST-0018,117.9915
2026-01-15,AST-0018,115.0795
2026-01-16,AST-0018,115.7945
2026-01-19,AST-0018,113.32
2026-01-20,AST-0018,110.7096
2026-01-21,AST-0018,110.8916
2026-01-22,AST-0018,112.3315
2026-01-23,AST-0018,111.7005
2026-01-26,AST-0018,113.5548
2026-01-27,AST-0018,111.7968
2026-01-28,AST-0018,111.4174
2026-01-29,AST-0018,113.1299
2026-01-30,AST-0018,114.5828
2026-02-02,AST-0018,117.7993
2026-02-03,AST-0018,117.0008
2026-02-04,AST-0018,121.9139
2026-02-05,AST-0018,126.1436
2026-02-06,AST-0018,127.8766
2026-02-09,AST-0018,128.021
2026-02-10,AST-0018,129.5986
2026-02-11,AST-0018,132.7759
2026-02-12,AST-0018,138.3018
2026-02-13,AST-0018,139.2665
2026-02-16,AST-0018,143.126
2026-02-17,AST-0018,140.1362
2026-02-18,AST-0018,137.2061
2026-02-19,AST-0018,136.8307
2026-02-20,AST-0018,136.8122
2026-02-23,AST-0018,133.7547
2026-02-24,AST-0018,135.0305
2026-02-25,AST-0018,138.2181
2026-02-26,AST-0018,139.8178
2026-02-27,AST-0018,140.6845
2026-03-02,AST-0018,140.8194
2026-03-03,AST-0018,141.3057
2026-03-04,AST-0018,141.3652
2026-03-05,AST-0018,143.0361
2026-03-06,AST-0018,147.8185
2026-03-09,AST-0018,146.7431
2026-03-10,AST-0018,146.0511
2026-03-11,AST-0018,144.415
2026-03-12,AST-0018,143.6941
2026-03-13,AST-0018,146.0577
2026-03-16,AST-0018,147.0208
2026-03-17,AST-0018,147.0303
2026-03-18,AST-0018,145.1599
2026-03-19,AST-0018,144.6559
2026-03-20,AST-0018,147.9159
2026-03-23,AST-0018,146.4575
2026-03-24,AST-0018,151.4012
2026-03-25,AST-0018,154.6606
2026-03-26,AST-0018,153.1933
2026-03-27,AST-0018,157.7499
2026-03-30,AST-0018,158.2937
2026-03-31,AST-0018,163.6119
2026-04-01,AST-0018,168.7336
2026-04-02,AST-0018,165.0996
2026-04-03,AST-0018,164.607
2026-04-06,AST-0018,163.8583
2026-04-07,AST-0018,163.1633
2026-04-08,AST-0018,167.0562
2026-04-09,AST-0018,169.759
2026-04-10,AST-0018,175.0261
2026-04-13,AST-0018,171.3114
2026-04-14,AST-0018,172.0601
2026-04-15,AST-0018,175.5453
2026-04-16,AST-0018,177.5995
2026-04-17,AST-0018,181.2747
2026-04-20,AST-0018,179.2721
2026-04-21,AST-0018,177.29
2026-04-22,AST-0018,177.813
2026-04-23,AST-0018,179.4296
2026-04-24,AST-0018,183.5672
2026-04-27,AST-0018,178.2951
2026-04-28,AST-0018,179.2807
2026-04-29,AST-0018,179.4103
2026-04-30,AST-0018,179.8341
2026-05-01,AST-0018,181.1437
2026-05-04,AST-0018,186.7023
2026-05-05,AST-0018,183.7436
2026-05-06,AST-0018,182.5341
2026-05-07,AST-0018,184.305
2026-05-08,AST-0018,183.1399
2026-05-11,AST-0018,181.3738
2026-05-12,AST-0018,176.4489
2026-05-13,AST-0018,178.3151
2026-05-14,AST-0018,177.4008
2026-05-15,AST-0018,173.9753
2026-05-18,AST-0018,176.2967
2026-05-19,AST-0018,173.2701
2026-05-20,AST-0018,170.3826
2026-05-21,AST-0018,165.9291
2026-05-22,AST-0018,167.6499
2026-05-25,AST-0018,165.1865
2026-05-26,AST-0018,166.3423
2026-05-27,AST-0018,166.9507
2026-05-28,AST-0018,167.1662
2026-05-29,AST-0018,170.3039
2026-06-01,AST-0018,167.9418
2026-06-02,AST-0018,167.6833
2026-06-03,AST-0018,169.7242
2026-06-04,AST-0018,167.6545
2026-06-05,AST-0018,172.8265
2026-06-08,AST-0018,176.9633
2026-06-09,AST-0018,180.5304
2026-06-10,AST-0018,180.3446
2026-06-11,AST-0018,187.4576
2026-06-12,AST-0018,186.8465
2026-06-15,AST-0018,188.4681
2026-06-16,AST-0018,189.0361
2026-06-17,AST-0018,186.3573
2026-06-18,AST-0018,181.4436
2026-06-19,AST-0018,183.4971
2026-06-22,AST-0018,184.5375
2026-06-23,AST-0018,184.4245
2026-06-24,AST-0018,181.424
2026-06-25,AST-0018,184.2035
2026-06-26,AST-0018,186.4298
2026-06-29,AST-0018,190.9312
2026-06-30,AST-0018,187.5648
2026-07-01,AST-0018,194.4264
2026-07-02,AST-0018,195.5269
2026-07-03,AST-0018,200.9298
2026-07-06,AST-0018,201.3688
2026-07-07,AST-0018,197.7578
2026-07-08,AST-0018,198.0717
2026-07-09,AST-0018,189.9457
2026-07-10,AST-0018,186.1863
2026-07-13,AST-0018,188.4984
2026-07-14,AST-0018,187.5628
2026-07-15,AST-0018,191.1472
2026-07-16,AST-0018,187.064
2026-07-17,AST-0018,182.7267
2026-07-20,AST-0018,179.5998
2026-07-21,AST-0018,178.6122
2026-07-22,AST-0018,174.5479
2026-07-23,AST-0018,176.5961
2026-07-24,AST-0018,172.7281
2026-07-27,AST-0018,168.0713
2026-07-28,AST-0018,161.7059
2026-07-29,AST-0018,159.9977
2026-07-30,AST-0018,160.263
2026-07-31,AST-0018,160.452
2026-08-03,AST-0018,162.4917
2026-08-04,AST-0018,167.0244
2026-08-05,AST-0018,166.5803
2026-08-06,AST-0018,167.6026
2026-08-07,AST-0018,163.6666
2025-07-28,AST-0019,30.3359
2025-07-29,AST-0019,29.0377
2025-07-30,AST-0019,28.0424
2025-07-31,AST-0019,27.9303
2025-08-01,AST-0019,27.5812
2025-08-04,AST-0019,27.8066
2025-08-05,AST-0019,27.8312
2025-08-06,AST-0019,28.3577
2025-08-07,AST-0019,28.2579
2025-08-08,AST-0019,27.9644
2025-08-11,AST-0019,27.7328
2025-08-12,AST-0019,28.0306
2025-08-13,AST-0019,27.6216
2025-08-14,AST-0019,28.2702
2025-08-15,AST-0019,28.6399
2025-08-18,AST-0019,28.2842
2025-08-19,AST-0019,28.076
2025-08-20,AST-0019,28.8862
2025-08-21,AST-0019,28.0451
2025-08-22,AST-0019,27.9674
2025-08-25,AST-0019,27.0709
2025-08-26,AST-0019,27.6723
2025-08-27,AST-0019,28.4089
2025-08-28,AST-0019,28.7298
2025-08-29,AST-0019,28.7064
2025-09-01,AST-0019,28.4709
2025-09-02,AST-0019,28.6327
2025-09-03,AST-0019,28.3899
2025-09-04,AST-0019,28.3007
2025-09-05,AST-0019,28.5964
2025-09-08,AST-0019,28.542
2025-09-09,AST-0019,28.3284
2025-09-10,AST-0019,29.2532
2025-09-11,AST-0019,29.314
2025-09-12,AST-0019,29.5725
2025-09-15,AST-0019,30.4612
2025-09-16,AST-0019,30.667
2025-09-17,AST-0019,31.0286
2025-09-18,AST-0019,31.0508
2025-09-19,AST-0019,31.369
2025-09-22,AST-0019,31.4631
2025-09-23,AST-0019,31.4182
2025-09-24,AST-0019,30.9421
2025-09-25,AST-0019,30.6264
2025-09-26,AST-0019,31.3788
2025-09-29,AST-0019,31.2426
2025-09-30,AST-0019,31.6529
2025-10-01,AST-0019,31.5686
2025-10-02,AST-0019,30.8745
2025-10-03,AST-0019,30.1406
2025-10-06,AST-0019,30.3436
2025-10-07,AST-0019,30.6986
2025-10-08,AST-0019,30.538
2025-10-09,AST-0019,29.7292
2025-10-10,AST-0019,28.9292
2025-10-13,AST-0019,28.3683
2025-10-14,AST-0019,28.5838
2025-10-15,AST-0019,29.6731
2025-10-16,AST-0019,29.2369
2025-10-17,AST-0019,29.2341
2025-10-20,AST-0019,29.1719
2025-10-21,AST-0019,29.5124
2025-10-22,AST-0019,29.1848
2025-10-23,AST-0019,28.2842
2025-10-24,AST-0019,27.769
2025-10-27,AST-0019,27.7442
2025-10-28,AST-0019,27.9476
2025-10-29,AST-0019,28.1073
2025-10-30,AST-0019,28.5635
2025-10-31,AST-0019,28.7363
2025-11-03,AST-0019,29.7206
2025-11-04,AST-0019,28.7393
2025-11-05,AST-0019,29.0147
2025-11-06,AST-0019,29.0314
2025-11-07,AST-0019,30.0396
2025-11-10,AST-0019,30.1238
2025-11-11,AST-0019,30.1964
2025-11-12,AST-0019,29.7969
2025-11-13,AST-0019,29.4268
2025-11-14,AST-0019,29.3033
2025-11-17,AST-0019,29.3939
2025-11-18,AST-0019,28.7981
2025-11-19,AST-0019,29.087
2025-11-20,AST-0019,28.6237
2025-11-21,AST-0019,28.2674
2025-11-24,AST-0019,28.7356
2025-11-25,AST-0019,27.889
2025-11-26,AST-0019,27.8267
2025-11-27,AST-0019,28.1319
2025-11-28,AST-0019,27.431
2025-12-01,AST-0019,28.6372
2025-12-02,AST-0019,28.9857
2025-12-03,AST-0019,28.4307
2025-12-04,AST-0019,27.7925
2025-12-05,AST-0019,26.6626
2025-12-08,AST-0019,26.6901
2025-12-09,AST-0019,26.9209
2025-12-10,AST-0019,26.3176
2025-12-11,AST-0019,25.3491
2025-12-12,AST-0019,25.4759
2025-12-15,AST-0019,25.8471
2025-12-16,AST-0019,25.479
2025-12-17,AST-0019,25.4436
2025-12-18,AST-0019,25.2782
2025-12-19,AST-0019,25.893
2025-12-22,AST-0019,26.4206
2025-12-23,AST-0019,26.5905
2025-12-24,AST-0019,26.8174
2025-12-25,AST-0019,28.1055
2025-12-26,AST-0019,28.0845
2025-12-29,AST-0019,28.5898
2025-12-30,AST-0019,29.0304
2025-12-31,AST-0019,28.8138
2026-01-01,AST-0019,29.2245
2026-01-02,AST-0019,30.1504
2026-01-05,AST-0019,30.4227
2026-01-06,AST-0019,30.4363
2026-01-07,AST-0019,30.609
2026-01-08,AST-0019,31.3046
2026-01-09,AST-0019,31.6656
2026-01-12,AST-0019,31.8024
2026-01-13,AST-0019,31.5119
2026-01-14,AST-0019,31.9771
2026-01-15,AST-0019,33.2958
2026-01-16,AST-0019,32.9331
2026-01-19,AST-0019,32.0995
2026-01-20,AST-0019,31.3813
2026-01-21,AST-0019,30.8607
2026-01-22,AST-0019,30.5946
2026-01-23,AST-0019,30.2309
2026-01-26,AST-0019,30.4387
2026-01-27,AST-0019,30.064
2026-01-28,AST-0019,30.2636
2026-01-29,AST-0019,30.2474
2026-01-30,AST-0019,30.7274
2026-02-02,AST-0019,29.9923
2026-02-03,AST-0019,29.5746
2026-02-04,AST-0019,30.0808
2026-02-05,AST-0019,30.3549
2026-02-06,AST-0019,31.182
2026-02-09,AST-0019,30.7889
2026-02-10,AST-0019,30.5418
2026-02-11,AST-0019,30.4041
2026-02-12,AST-0019,31.2694
2026-02-13,AST-0019,30.574
2026-02-16,AST-0019,30.0374
2026-02-17,AST-0019,30.3138
2026-02-18,AST-0019,30.5195
2026-02-19,AST-0019,30.9226
2026-02-20,AST-0019,30.8468
2026-02-23,AST-0019,29.883
2026-02-24,AST-0019,28.952
2026-02-25,AST-0019,28.3206
2026-02-26,AST-0019,28.1618
2026-02-27,AST-0019,29.6665
2026-03-02,AST-0019,29.5366
2026-03-03,AST-0019,29.0529
2026-03-04,AST-0019,30.6814
2026-03-05,AST-0019,30.7926
2026-03-06,AST-0019,30.8237
2026-03-09,AST-0019,30.7599
2026-03-10,AST-0019,30.7503
2026-03-11,AST-0019,30.5371
2026-03-12,AST-0019,31.7933
2026-03-13,AST-0019,31.7588
2026-03-16,AST-0019,32.027
2026-03-17,AST-0019,32.3219
2026-03-18,AST-0019,32.906
2026-03-19,AST-0019,32.6428
2026-03-20,AST-0019,32.1159
2026-03-23,AST-0019,32.3748
2026-03-24,AST-0019,32.8582
2026-03-25,AST-0019,33.0571
2026-03-26,AST-0019,33.1824
2026-03-27,AST-0019,33.5872
2026-03-30,AST-0019,34.2525
2026-03-31,AST-0019,34.0092
2026-04-01,AST-0019,34.7075
2026-04-02,AST-0019,35.189
2026-04-03,AST-0019,34.8016
2026-04-06,AST-0019,33.8974
2026-04-07,AST-0019,33.8657
2026-04-08,AST-0019,34.4337
2026-04-09,AST-0019,35.7346
2026-04-10,AST-0019,35.6667
2026-04-13,AST-0019,36.5592
2026-04-14,AST-0019,36.906
2026-04-15,AST-0019,37.532
2026-04-16,AST-0019,37.6942
2026-04-17,AST-0019,38.3812
2026-04-20,AST-0019,38.6634
2026-04-21,AST-0019,39.9727
2026-04-22,AST-0019,40.6786
2026-04-23,AST-0019,39.764
2026-04-24,AST-0019,39.0148
2026-04-27,AST-0019,39.5734
2026-04-28,AST-0019,39.559
2026-04-29,AST-0019,38.6889
2026-04-30,AST-0019,38.2585
2026-05-01,AST-0019,37.5956
2026-05-04,AST-0019,38.4453
2026-05-05,AST-0019,38.9803
2026-05-06,AST-0019,38.4646
2026-05-07,AST-0019,38.8121
2026-05-08,AST-0019,38.4014
2026-05-11,AST-0019,40.5098
2026-05-12,AST-0019,40.1319
2026-05-13,AST-0019,39.6733
2026-05-14,AST-0019,40.6154
2026-05-15,AST-0019,39.9535
2026-05-18,AST-0019,39.9109
2026-05-19,AST-0019,39.6886
2026-05-20,AST-0019,40.4033
2026-05-21,AST-0019,39.2541
2026-05-22,AST-0019,38.9693
2026-05-25,AST-0019,39.3594
2026-05-26,AST-0019,41.2368
2026-05-27,AST-0019,40.4871
2026-05-28,AST-0019,40.0834
2026-05-29,AST-0019,41.1008
2026-06-01,AST-0019,40.8206
2026-06-02,AST-0019,41.9293
2026-06-03,AST-0019,40.9688
2026-06-04,AST-0019,41.16
2026-06-05,AST-0019,42.0343
2026-06-08,AST-0019,41.3987
2026-06-09,AST-0019,41.7645
2026-06-10,AST-0019,40.7332
2026-06-11,AST-0019,39.9838
2026-06-12,AST-0019,39.6707
2026-06-15,AST-0019,40.0549
2026-06-16,AST-0019,38.452
2026-06-17,AST-0019,38.8079
2026-06-18,AST-0019,38.5082
2026-06-19,AST-0019,38.408
2026-06-22,AST-0019,37.4138
2026-06-23,AST-0019,37.6075
2026-06-24,AST-0019,36.9696
2026-06-25,AST-0019,38.6562
2026-06-26,AST-0019,38.349
2026-06-29,AST-0019,38.8622
2026-06-30,AST-0019,38.6613
2026-07-01,AST-0019,38.0415
2026-07-02,AST-0019,37.7841
2026-07-03,AST-0019,37.4789
2026-07-06,AST-0019,37.3972
2026-07-07,AST-0019,36.8768
2026-07-08,AST-0019,37.0201
2026-07-09,AST-0019,36.4078
2026-07-10,AST-0019,35.6275
2026-07-13,AST-0019,35.2065
2026-07-14,AST-0019,34.8756
2026-07-15,AST-0019,35.665
2026-07-16,AST-0019,35.6755
2026-07-17,AST-0019,36.7487
2026-07-20,AST-0019,37.232
2026-07-21,AST-0019,37.2372
2026-07-22,AST-0019,37.3658
2026-07-23,AST-0019,38.1367
2026-07-24,AST-0019,38.2442
2026-07-27,AST-0019,38.1447
2026-07-28,AST-0019,38.9429
2026-07-29,AST-0019,39.3526
2026-07-30,AST-0019,40.1517
2026-07-31,AST-0019,40.3974
2026-08-03,AST-0019,41.216
2026-08-04,AST-0019,40.96
2026-08-05,AST-0019,40.6782
2026-08-06,AST-0019,41.127
2026-08-07,AST-0019,40.4089
2025-07-28,AST-0020,95.2461
2025-07-29,AST-0020,96.3922
2025-07-30,AST-0020,95.78
2025-07-31,AST-0020,95.4874
2025-08-01,AST-0020,95.5995
2025-08-04,AST-0020,97.5274
2025-08-05,AST-0020,97.6049
2025-08-06,AST-0020,95.8282
2025-08-07,AST-0020,95.8496
2025-08-08,AST-0020,96.0803
2025-08-11,AST-0020,95.8063
2025-08-12,AST-0020,94.1974
2025-08-13,AST-0020,92.4257
2025-08-14,AST-0020,95.1992
2025-08-15,AST-0020,93.6073
2025-08-18,AST-0020,94.1171
2025-08-19,AST-0020,92.0085
2025-08-20,AST-0020,91.9802
2025-08-21,AST-0020,92.959
2025-08-22,AST-0020,94.4558
2025-08-25,AST-0020,91.744
2025-08-26,AST-0020,93.0067
2025-08-27,AST-0020,92.9797
2025-08-28,AST-0020,91.8676
2025-08-29,AST-0020,92.9243
2025-09-01,AST-0020,89.5398
2025-09-02,AST-0020,88.0641
2025-09-03,AST-0020,85.7561
2025-09-04,AST-0020,83.7476
2025-09-05,AST-0020,82.7293
2025-09-08,AST-0020,82.4371
2025-09-09,AST-0020,82.2899
2025-09-10,AST-0020,83.9794
2025-09-11,AST-0020,81.9145
2025-09-12,AST-0020,80.544
2025-09-15,AST-0020,83.8654
2025-09-16,AST-0020,84.2064
2025-09-17,AST-0020,86.7703
2025-09-18,AST-0020,85.8267
2025-09-19,AST-0020,84.585
2025-09-22,AST-0020,86.5673
2025-09-23,AST-0020,87.8678
2025-09-24,AST-0020,87.4426
2025-09-25,AST-0020,86.8709
2025-09-26,AST-0020,87.1105
2025-09-29,AST-0020,90.5177
2025-09-30,AST-0020,89.3853
2025-10-01,AST-0020,90.9224
2025-10-02,AST-0020,88.6033
2025-10-03,AST-0020,88.8965
2025-10-06,AST-0020,89.2094
2025-10-07,AST-0020,88.0874
2025-10-08,AST-0020,87.2803
2025-10-09,AST-0020,84.2999
2025-10-10,AST-0020,85.7773
2025-10-13,AST-0020,86.9093
2025-10-14,AST-0020,86.4989
2025-10-15,AST-0020,87.8794
2025-10-16,AST-0020,89.2788
2025-10-17,AST-0020,90.109
2025-10-20,AST-0020,92.6672
2025-10-21,AST-0020,92.7992
2025-10-22,AST-0020,94.9327
2025-10-23,AST-0020,94.5933
2025-10-24,AST-0020,91.9307
2025-10-27,AST-0020,93.066
2025-10-28,AST-0020,94.0329
2025-10-29,AST-0020,94.6272
2025-10-30,AST-0020,96.254
2025-10-31,AST-0020,95.5841
2025-11-03,AST-0020,96.8184
2025-11-04,AST-0020,97.2621
2025-11-05,AST-0020,94.5
2025-11-06,AST-0020,95.3825
2025-11-07,AST-0020,94.6515
2025-11-10,AST-0020,94.6938
2025-11-11,AST-0020,93.8673
2025-11-12,AST-0020,94.0299
2025-11-13,AST-0020,94.0959
2025-11-14,AST-0020,95.0275
2025-11-17,AST-0020,95.311
2025-11-18,AST-0020,95.2179
2025-11-19,AST-0020,95.5478
2025-11-20,AST-0020,94.1912
2025-11-21,AST-0020,95.0337
2025-11-24,AST-0020,92.1868
2025-11-25,AST-0020,92.3124
2025-11-26,AST-0020,92.7845
2025-11-27,AST-0020,93.1044
2025-11-28,AST-0020,91.7914
2025-12-01,AST-0020,92.8222
2025-12-02,AST-0020,91.6117
2025-12-03,AST-0020,92.1772
2025-12-04,AST-0020,90.9397
2025-12-05,AST-0020,90.3352
2025-12-08,AST-0020,92.6462
2025-12-09,AST-0020,92.8665
2025-12-10,AST-0020,91.4778
2025-12-11,AST-0020,92.8806
2025-12-12,AST-0020,94.162
2025-12-15,AST-0020,93.0813
2025-12-16,AST-0020,91.8284
2025-12-17,AST-0020,90.6241
2025-12-18,AST-0020,91.7547
2025-12-19,AST-0020,90.2512
2025-12-22,AST-0020,91.9365
2025-12-23,AST-0020,92.7233
2025-12-24,AST-0020,94.751
2025-12-25,AST-0020,94.2734
2025-12-26,AST-0020,93.203
2025-12-29,AST-0020,94.7551
2025-12-30,AST-0020,92.6307
2025-12-31,AST-0020,90.9972
2026-01-01,AST-0020,91.974
2026-01-02,AST-0020,95.1214
2026-01-05,AST-0020,96.792
2026-01-06,AST-0020,96.4523
2026-01-07,AST-0020,96.321
2026-01-08,AST-0020,96.1972
2026-01-09,AST-0020,101.7472
2026-01-12,AST-0020,104.66
2026-01-13,AST-0020,103.8408
2026-01-14,AST-0020,104.45
2026-01-15,AST-0020,104.0504
2026-01-16,AST-0020,103.1279
2026-01-19,AST-0020,102.3767
2026-01-20,AST-0020,103.9728
2026-01-21,AST-0020,100.1581
2026-01-22,AST-0020,101.5881
2026-01-23,AST-0020,101.7158
2026-01-26,AST-0020,105.0993
2026-01-27,AST-0020,103.9734
2026-01-28,AST-0020,105.5999
2026-01-29,AST-0020,104.7966
2026-01-30,AST-0020,103.5287
2026-02-02,AST-0020,102.2155
2026-02-03,AST-0020,104.2163
2026-02-04,AST-0020,102.406
2026-02-05,AST-0020,103.2938
2026-02-06,AST-0020,102.564
2026-02-09,AST-0020,100.7817
2026-02-10,AST-0020,101.3715
2026-02-11,AST-0020,102.3446
2026-02-12,AST-0020,109.4348
2026-02-13,AST-0020,111.7447
2026-02-16,AST-0020,111.4934
2026-02-17,AST-0020,107.4781
2026-02-18,AST-0020,106.4669
2026-02-19,AST-0020,106.361
2026-02-20,AST-0020,105.8302
2026-02-23,AST-0020,107.9052
2026-02-24,AST-0020,107.4313
2026-02-25,AST-0020,107.7143
2026-02-26,AST-0020,110.4986
2026-02-27,AST-0020,112.0614
2026-03-02,AST-0020,107.9982
2026-03-03,AST-0020,110.169
2026-03-04,AST-0020,108.6466
2026-03-05,AST-0020,107.5103
2026-03-06,AST-0020,106.5231
2026-03-09,AST-0020,104.6845
2026-03-10,AST-0020,105.6086
2026-03-11,AST-0020,108.4965
2026-03-12,AST-0020,108.6677
2026-03-13,AST-0020,112.3141
2026-03-16,AST-0020,111.5874
2026-03-17,AST-0020,113.0513
2026-03-18,AST-0020,112.7689
2026-03-19,AST-0020,111.4124
2026-03-20,AST-0020,112.0435
2026-03-23,AST-0020,114.197
2026-03-24,AST-0020,108.7348
2026-03-25,AST-0020,112.0399
2026-03-26,AST-0020,112.9566
2026-03-27,AST-0020,113.175
2026-03-30,AST-0020,113.3747
2026-03-31,AST-0020,111.9243
2026-04-01,AST-0020,111.4602
2026-04-02,AST-0020,110.0386
2026-04-03,AST-0020,110.938
2026-04-06,AST-0020,110.6512
2026-04-07,AST-0020,112.2069
2026-04-08,AST-0020,111.9627
2026-04-09,AST-0020,112.6603
2026-04-10,AST-0020,111.1122
2026-04-13,AST-0020,111.4854
2026-04-14,AST-0020,111.2457
2026-04-15,AST-0020,114.238
2026-04-16,AST-0020,113.8829
2026-04-17,AST-0020,113.6466
2026-04-20,AST-0020,113.323
2026-04-21,AST-0020,112.5906
2026-04-22,AST-0020,109.4963
2026-04-23,AST-0020,107.8679
2026-04-24,AST-0020,110.9965
2026-04-27,AST-0020,108.7886
2026-04-28,AST-0020,107.451
2026-04-29,AST-0020,107.5379
2026-04-30,AST-0020,104.1035
2026-05-01,AST-0020,103.7358
2026-05-04,AST-0020,102.3969
2026-05-05,AST-0020,102.5763
2026-05-06,AST-0020,99.0551
2026-05-07,AST-0020,101.284
2026-05-08,AST-0020,103.3519
2026-05-11,AST-0020,104.4888
2026-05-12,AST-0020,104.5389
2026-05-13,AST-0020,100.5252
2026-05-14,AST-0020,101.5227
2026-05-15,AST-0020,100.5875
2026-05-18,AST-0020,101.041
2026-05-19,AST-0020,101.3828
2026-05-20,AST-0020,105.3658
2026-05-21,AST-0020,103.4043
2026-05-22,AST-0020,98.9424
2026-05-25,AST-0020,97.3988
2026-05-26,AST-0020,99.8959
2026-05-27,AST-0020,101.53
2026-05-28,AST-0020,101.0408
2026-05-29,AST-0020,102.5108
2026-06-01,AST-0020,102.6182
2026-06-02,AST-0020,105.6504
2026-06-03,AST-0020,103.7246
2026-06-04,AST-0020,107.1304
2026-06-05,AST-0020,106.5487
2026-06-08,AST-0020,106.5947
2026-06-09,AST-0020,109.2641
2026-06-10,AST-0020,110.2782
2026-06-11,AST-0020,109.6722
2026-06-12,AST-0020,110.0089
2026-06-15,AST-0020,109.6022
2026-06-16,AST-0020,110.3343
2026-06-17,AST-0020,110.9715
2026-06-18,AST-0020,112.8524
2026-06-19,AST-0020,113.4839
2026-06-22,AST-0020,113.9519
2026-06-23,AST-0020,116.3134
2026-06-24,AST-0020,114.2908
2026-06-25,AST-0020,116.5421
2026-06-26,AST-0020,117.028
2026-06-29,AST-0020,115.4996
2026-06-30,AST-0020,118.5013
2026-07-01,AST-0020,119.1546
2026-07-02,AST-0020,116.3511
2026-07-03,AST-0020,113.3021
2026-07-06,AST-0020,115.989
2026-07-07,AST-0020,117.1134
2026-07-08,AST-0020,119.9177
2026-07-09,AST-0020,119.19
2026-07-10,AST-0020,120.4531
2026-07-13,AST-0020,121.867
2026-07-14,AST-0020,119.626
2026-07-15,AST-0020,121.8787
2026-07-16,AST-0020,121.2175
2026-07-17,AST-0020,119.5943
2026-07-20,AST-0020,118.4064
2026-07-21,AST-0020,115.9146
2026-07-22,AST-0020,118.7445
2026-07-23,AST-0020,123.2017
2026-07-24,AST-0020,125.361
2026-07-27,AST-0020,124.8685
2026-07-28,AST-0020,122.0994
2026-07-29,AST-0020,120.2498
2026-07-30,AST-0020,116.2985
2026-07-31,AST-0020,114.3531
2026-08-03,AST-0020,116.2212
2026-08-04,AST-0020,115.8574
2026-08-05,AST-0020,113.6283
2026-08-06,AST-0020,116.0992
2026-08-07,AST-0020,112.646
2025-07-28,AST-0021,27.0351
2025-07-29,AST-0021,26.6658
2025-07-30,AST-0021,26.7836
2025-07-31,AST-0021,26.2737
2025-08-01,AST-0021,25.31
2025-08-04,AST-0021,26.7135
2025-08-05,AST-0021,26.6855
2025-08-06,AST-0021,27.1946
2025-08-07,AST-0021,27.1301
2025-08-08,AST-0021,27.0053
2025-08-11,AST-0021,27.2489
2025-08-12,AST-0021,27.6593
2025-08-13,AST-0021,27.189
2025-08-14,AST-0021,26.7318
2025-08-15,AST-0021,26.546
2025-08-18,AST-0021,25.9564
2025-08-19,AST-0021,26.4819
2025-08-20,AST-0021,26.8746
2025-08-21,AST-0021,26.5167
2025-08-22,AST-0021,26.5457
2025-08-25,AST-0021,25.9746
2025-08-26,AST-0021,25.7753
2025-08-27,AST-0021,26.1971
2025-08-28,AST-0021,26.8539
2025-08-29,AST-0021,27.171
2025-09-01,AST-0021,27.053
2025-09-02,AST-0021,26.7136
2025-09-03,AST-0021,26.3777
2025-09-04,AST-0021,26.8831
2025-09-05,AST-0021,27.153
2025-09-08,AST-0021,27.591
2025-09-09,AST-0021,27.8927
2025-09-10,AST-0021,28.2199
2025-09-11,AST-0021,28.8858
2025-09-12,AST-0021,29.0091
2025-09-15,AST-0021,27.654
2025-09-16,AST-0021,27.9734
2025-09-17,AST-0021,28.3995
2025-09-18,AST-0021,28.5166
2025-09-19,AST-0021,28.2437
2025-09-22,AST-0021,28.2529
2025-09-23,AST-0021,28.5108
2025-09-24,AST-0021,29.1091
2025-09-25,AST-0021,29.0776
2025-09-26,AST-0021,28.9149
2025-09-29,AST-0021,28.7834
2025-09-30,AST-0021,28.4285
2025-10-01,AST-0021,29.3812
2025-10-02,AST-0021,29.1671
2025-10-03,AST-0021,29.3509
2025-10-06,AST-0021,28.9542
2025-10-07,AST-0021,28.8255
2025-10-08,AST-0021,28.8907
2025-10-09,AST-0021,28.4751
2025-10-10,AST-0021,28.9043
2025-10-13,AST-0021,29.2976
2025-10-14,AST-0021,29.1423
2025-10-15,AST-0021,29.5999
2025-10-16,AST-0021,28.3658
2025-10-17,AST-0021,28.6621
2025-10-20,AST-0021,28.9474
2025-10-21,AST-0021,28.8544
2025-10-22,AST-0021,29.5592
2025-10-23,AST-0021,28.3868
2025-10-24,AST-0021,28.4837
2025-10-27,AST-0021,29.4117
2025-10-28,AST-0021,30.1218
2025-10-29,AST-0021,30.0225
2025-10-30,AST-0021,30.7521
2025-10-31,AST-0021,30.2294
2025-11-03,AST-0021,30.1428
2025-11-04,AST-0021,30.357
2025-11-05,AST-0021,30.719
2025-11-06,AST-0021,29.8422
2025-11-07,AST-0021,29.8571
2025-11-10,AST-0021,29.4646
2025-11-11,AST-0021,28.8972
2025-11-12,AST-0021,28.9888
2025-11-13,AST-0021,29.1115
2025-11-14,AST-0021,29.3843
2025-11-17,AST-0021,29.3841
2025-11-18,AST-0021,29.3069
2025-11-19,AST-0021,29.3513
2025-11-20,AST-0021,30.0766
2025-11-21,AST-0021,30.6856
2025-11-24,AST-0021,30.2813
2025-11-25,AST-0021,30.4394
2025-11-26,AST-0021,30.5017
2025-11-27,AST-0021,29.2482
2025-11-28,AST-0021,28.3797
2025-12-01,AST-0021,28.6338
2025-12-02,AST-0021,28.8766
2025-12-03,AST-0021,29.6149
2025-12-04,AST-0021,28.6905
2025-12-05,AST-0021,28.8269
2025-12-08,AST-0021,28.768
2025-12-09,AST-0021,28.9938
2025-12-10,AST-0021,28.1683
2025-12-11,AST-0021,28.1581
2025-12-12,AST-0021,27.9831
2025-12-15,AST-0021,28.1057
2025-12-16,AST-0021,26.8474
2025-12-17,AST-0021,25.8614
2025-12-18,AST-0021,26.5763
2025-12-19,AST-0021,26.2714
2025-12-22,AST-0021,26.9358
2025-12-23,AST-0021,27.2296
2025-12-24,AST-0021,26.7593
2025-12-25,AST-0021,26.3393
2025-12-26,AST-0021,26.122
2025-12-29,AST-0021,26.4254
2025-12-30,AST-0021,26.4295
2025-12-31,AST-0021,26.2321
2026-01-01,AST-0021,26.6535
2026-01-02,AST-0021,26.7504
2026-01-05,AST-0021,26.0959
2026-01-06,AST-0021,25.7587
2026-01-07,AST-0021,26.2824
2026-01-08,AST-0021,26.6307
2026-01-09,AST-0021,27.3318
2026-01-12,AST-0021,27.7926
2026-01-13,AST-0021,27.2488
2026-01-14,AST-0021,26.83
2026-01-15,AST-0021,27.5537
2026-01-16,AST-0021,28.0101
2026-01-19,AST-0021,28.0944
2026-01-20,AST-0021,28.6119
2026-01-21,AST-0021,28.5257
2026-01-22,AST-0021,28.7481
2026-01-23,AST-0021,28.3144
2026-01-26,AST-0021,29.0845
2026-01-27,AST-0021,29.6497
2026-01-28,AST-0021,29.3129
2026-01-29,AST-0021,29.9235
2026-01-30,AST-0021,30.6018
2026-02-02,AST-0021,30.4099
2026-02-03,AST-0021,29.3905
2026-02-04,AST-0021,29.4471
2026-02-05,AST-0021,28.9384
2026-02-06,AST-0021,28.8291
2026-02-09,AST-0021,29.1369
2026-02-10,AST-0021,29.5887
2026-02-11,AST-0021,29.762
2026-02-12,AST-0021,29.9809
2026-02-13,AST-0021,30.245
2026-02-16,AST-0021,30.5156
2026-02-17,AST-0021,30.5065
2026-02-18,AST-0021,30.2919
2026-02-19,AST-0021,30.363
2026-02-20,AST-0021,30.3644
2026-02-23,AST-0021,29.6807
2026-02-24,AST-0021,29.0598
2026-02-25,AST-0021,28.3288
2026-02-26,AST-0021,27.8347
2026-02-27,AST-0021,27.6837
2026-03-02,AST-0021,27.4798
2026-03-03,AST-0021,27.2358
2026-03-04,AST-0021,26.9613
2026-03-05,AST-0021,27.7536
2026-03-06,AST-0021,27.7894
2026-03-09,AST-0021,27.5979
2026-03-10,AST-0021,27.337
2026-03-11,AST-0021,27.819
2026-03-12,AST-0021,27.8079
2026-03-13,AST-0021,27.5531
2026-03-16,AST-0021,26.9269
2026-03-17,AST-0021,27.0776
2026-03-18,AST-0021,27.1034
2026-03-19,AST-0021,27.9554
2026-03-20,AST-0021,27.696
2026-03-23,AST-0021,27.8773
2026-03-24,AST-0021,27.5482
2026-03-25,AST-0021,27.2128
2026-03-26,AST-0021,27.8111
2026-03-27,AST-0021,28.8551
2026-03-30,AST-0021,29.1531
2026-03-31,AST-0021,28.7062
2026-04-01,AST-0021,28.786
2026-04-02,AST-0021,28.0875
2026-04-03,AST-0021,27.5035
2026-04-06,AST-0021,27.7372
2026-04-07,AST-0021,28.2399
2026-04-08,AST-0021,29.4058
2026-04-09,AST-0021,29.1752
2026-04-10,AST-0021,28.5834
2026-04-13,AST-0021,28.4796
2026-04-14,AST-0021,28.6471
2026-04-15,AST-0021,28.4708
2026-04-16,AST-0021,28.7226
2026-04-17,AST-0021,27.8071
2026-04-20,AST-0021,27.5292
2026-04-21,AST-0021,27.6357
2026-04-22,AST-0021,27.0322
2026-04-23,AST-0021,27.32
2026-04-24,AST-0021,27.5068
2026-04-27,AST-0021,27.6655
2026-04-28,AST-0021,28.4268
2026-04-29,AST-0021,28.6527
2026-04-30,AST-0021,28.6273
2026-05-01,AST-0021,28.5271
2026-05-04,AST-0021,28.0652
2026-05-05,AST-0021,27.3788
2026-05-06,AST-0021,27.345
2026-05-07,AST-0021,28.3464
2026-05-08,AST-0021,27.9162
2026-05-11,AST-0021,27.9518
2026-05-12,AST-0021,26.9498
2026-05-13,AST-0021,27.1736
2026-05-14,AST-0021,25.8427
2026-05-15,AST-0021,25.5755
2026-05-18,AST-0021,25.4842
2026-05-19,AST-0021,25.7255
2026-05-20,AST-0021,26.11
2026-05-21,AST-0021,25.9612
2026-05-22,AST-0021,25.7327
2026-05-25,AST-0021,26.3941
2026-05-26,AST-0021,27.0745
2026-05-27,AST-0021,27.732
2026-05-28,AST-0021,27.3484
2026-05-29,AST-0021,28.0321
2026-06-01,AST-0021,28.3802
2026-06-02,AST-0021,29.3488
2026-06-03,AST-0021,29.4728
2026-06-04,AST-0021,30.3718
2026-06-05,AST-0021,30.5781
2026-06-08,AST-0021,31.1927
2026-06-09,AST-0021,31.9513
2026-06-10,AST-0021,31.8634
2026-06-11,AST-0021,31.8237
2026-06-12,AST-0021,32.3755
2026-06-15,AST-0021,32.9047
2026-06-16,AST-0021,31.8624
2026-06-17,AST-0021,31.5469
2026-06-18,AST-0021,31.2189
2026-06-19,AST-0021,31.7079
2026-06-22,AST-0021,32.4093
2026-06-23,AST-0021,33.0907
2026-06-24,AST-0021,31.8078
2026-06-25,AST-0021,31.6976
2026-06-26,AST-0021,31.0317
2026-06-29,AST-0021,31.1054
2026-06-30,AST-0021,31.5933
2026-07-01,AST-0021,31.6365
2026-07-02,AST-0021,32.0041
2026-07-03,AST-0021,32.4281
2026-07-06,AST-0021,32.151
2026-07-07,AST-0021,32.1462
2026-07-08,AST-0021,32.2389
2026-07-09,AST-0021,32.2754
2026-07-10,AST-0021,32.0077
2026-07-13,AST-0021,32.8192
2026-07-14,AST-0021,32.7924
2026-07-15,AST-0021,32.9401
2026-07-16,AST-0021,33.1667
2026-07-17,AST-0021,33.4282
2026-07-20,AST-0021,33.8071
2026-07-21,AST-0021,33.3025
2026-07-22,AST-0021,32.0101
2026-07-23,AST-0021,30.8127
2026-07-24,AST-0021,30.6523
2026-07-27,AST-0021,30.8093
2026-07-28,AST-0021,29.3576
2026-07-29,AST-0021,29.5996
2026-07-30,AST-0021,29.2707
2026-07-31,AST-0021,29.4963
2026-08-03,AST-0021,30.4901
2026-08-04,AST-0021,30.369
2026-08-05,AST-0021,30.0955
2026-08-06,AST-0021,30.0724
2026-08-07,AST-0021,31.0719
2025-07-28,AST-0022,98.5108
2025-07-29,AST-0022,97.873
2025-07-30,AST-0022,97.7109
2025-07-31,AST-0022,93.4129
2025-08-01,AST-0022,93.0247
2025-08-04,AST-0022,92.6037
2025-08-05,AST-0022,91.3993
2025-08-06,AST-0022,93.5544
2025-08-07,AST-0022,93.3416
2025-08-08,AST-0022,95.0803
2025-08-11,AST-0022,98.9715
2025-08-12,AST-0022,100.508
2025-08-13,AST-0022,98.1166
2025-08-14,AST-0022,97.0402
2025-08-15,AST-0022,95.1858
2025-08-18,AST-0022,96.3104
2025-08-19,AST-0022,97.6371
2025-08-20,AST-0022,97.3841
2025-08-21,AST-0022,95.7808
2025-08-22,AST-0022,95.9719
2025-08-25,AST-0022,93.7206
2025-08-26,AST-0022,95.1027
2025-08-27,AST-0022,95.1004
2025-08-28,AST-0022,93.7783
2025-08-29,AST-0022,94.5422
2025-09-01,AST-0022,96.1687
2025-09-02,AST-0022,96.0751
2025-09-03,AST-0022,94.7226
2025-09-04,AST-0022,96.3714
2025-09-05,AST-0022,99.1647
2025-09-08,AST-0022,97.4305
2025-09-09,AST-0022,97.3658
2025-09-10,AST-0022,97.6155
2025-09-11,AST-0022,95.7786
2025-09-12,AST-0022,95.9302
2025-09-15,AST-0022,95.6204
2025-09-16,AST-0022,96.7441
2025-09-17,AST-0022,95.9614
2025-09-18,AST-0022,98.0097
2025-09-19,AST-0022,98.1576
2025-09-22,AST-0022,102.3147
2025-09-23,AST-0022,102.8056
2025-09-24,AST-0022,102.2033
2025-09-25,AST-0022,100.9866
2025-09-26,AST-0022,101.6423
2025-09-29,AST-0022,100.5157
2025-09-30,AST-0022,99.1994
2025-10-01,AST-0022,101.0669
2025-10-02,AST-0022,100.9857
2025-10-03,AST-0022,100.3688
2025-10-06,AST-0022,103.425
2025-10-07,AST-0022,102.1718
2025-10-08,AST-0022,99.8335
2025-10-09,AST-0022,100.8151
2025-10-10,AST-0022,101.5889
2025-10-13,AST-0022,100.7347
2025-10-14,AST-0022,99.7766
2025-10-15,AST-0022,101.3277
2025-10-16,AST-0022,101.0501
2025-10-17,AST-0022,102.8059
2025-10-20,AST-0022,102.433
2025-10-21,AST-0022,103.64
2025-10-22,AST-0022,103.21
2025-10-23,AST-0022,104.001
2025-10-24,AST-0022,105.7298
2025-10-27,AST-0022,106.4757
2025-10-28,AST-0022,103.9111
2025-10-29,AST-0022,105.075
2025-10-30,AST-0022,103.8036
2025-10-31,AST-0022,101.1301
2025-11-03,AST-0022,100.5161
2025-11-04,AST-0022,103.0755
2025-11-05,AST-0022,106.0109
2025-11-06,AST-0022,106.8859
2025-11-07,AST-0022,106.958
2025-11-10,AST-0022,107.3494
2025-11-11,AST-0022,103.7929
2025-11-12,AST-0022,105.7601
2025-11-13,AST-0022,108.3997
2025-11-14,AST-0022,110.9082
2025-11-17,AST-0022,108.4327
2025-11-18,AST-0022,110.8087
2025-11-19,AST-0022,113.1196
2025-11-20,AST-0022,113.3736
2025-11-21,AST-0022,113.6641
2025-11-24,AST-0022,111.2886
2025-11-25,AST-0022,111.688
2025-11-26,AST-0022,116.665
2025-11-27,AST-0022,117.2085
2025-11-28,AST-0022,116.8227
2025-12-01,AST-0022,115.3985
2025-12-02,AST-0022,117.7426
2025-12-03,AST-0022,118.0021
2025-12-04,AST-0022,117.2124
2025-12-05,AST-0022,117.8654
2025-12-08,AST-0022,114.1354
2025-12-09,AST-0022,111.2057
2025-12-10,AST-0022,108.9711
2025-12-11,AST-0022,107.1969
2025-12-12,AST-0022,106.1461
2025-12-15,AST-0022,101.9219
2025-12-16,AST-0022,102.6139
2025-12-17,AST-0022,104.1054
2025-12-18,AST-0022,101.8828
2025-12-19,AST-0022,101.5035
2025-12-22,AST-0022,103.6259
2025-12-23,AST-0022,100.7862
2025-12-24,AST-0022,101.0978
2025-12-25,AST-0022,99.6668
2025-12-26,AST-0022,101.6619
2025-12-29,AST-0022,104.5514
2025-12-30,AST-0022,103.8959
2025-12-31,AST-0022,105.599
2026-01-01,AST-0022,105.1646
2026-01-02,AST-0022,106.1772
2026-01-05,AST-0022,103.2564
2026-01-06,AST-0022,104.0576
2026-01-07,AST-0022,102.0722
2026-01-08,AST-0022,103.0822
2026-01-09,AST-0022,106.2517
2026-01-12,AST-0022,103.5137
2026-01-13,AST-0022,107.9981
2026-01-14,AST-0022,106.0471
2026-01-15,AST-0022,104.5536
2026-01-16,AST-0022,104.9759
2026-01-19,AST-0022,106.5288
2026-01-20,AST-0022,106.2299
2026-01-21,AST-0022,105.0746
2026-01-22,AST-0022,107.4506
2026-01-23,AST-0022,106.9992
2026-01-26,AST-0022,109.386
2026-01-27,AST-0022,109.254
2026-01-28,AST-0022,107.3494
2026-01-29,AST-0022,108.1057
2026-01-30,AST-0022,108.7679
2026-02-02,AST-0022,105.5521
2026-02-03,AST-0022,105.737
2026-02-04,AST-0022,103.301
2026-02-05,AST-0022,102.8083
2026-02-06,AST-0022,102.2035
2026-02-09,AST-0022,102.0886
2026-02-10,AST-0022,101.2148
2026-02-11,AST-0022,98.6094
2026-02-12,AST-0022,100.3006
2026-02-13,AST-0022,103.634
2026-02-16,AST-0022,101.8697
2026-02-17,AST-0022,100.4011
2026-02-18,AST-0022,99.6488
2026-02-19,AST-0022,101.9327
2026-02-20,AST-0022,102.2501
2026-02-23,AST-0022,102.6344
2026-02-24,AST-0022,102.5782
2026-02-25,AST-0022,102.5096
2026-02-26,AST-0022,98.8422
2026-02-27,AST-0022,98.2463
2026-03-02,AST-0022,100.0999
2026-03-03,AST-0022,99.6469
2026-03-04,AST-0022,99.8586
2026-03-05,AST-0022,100.7733
2026-03-06,AST-0022,100.6822
2026-03-09,AST-0022,103.0557
2026-03-10,AST-0022,107.4618
2026-03-11,AST-0022,110.1525
2026-03-12,AST-0022,114.8649
2026-03-13,AST-0022,118.0607
2026-03-16,AST-0022,119.0305
2026-03-17,AST-0022,117.0971
2026-03-18,AST-0022,118.7368
2026-03-19,AST-0022,121.4502
2026-03-20,AST-0022,122.2862
2026-03-23,AST-0022,128.1319
2026-03-24,AST-0022,128.7893
2026-03-25,AST-0022,130.6713
2026-03-26,AST-0022,133.4539
2026-03-27,AST-0022,135.4063
2026-03-30,AST-0022,137.3013
2026-03-31,AST-0022,134.8756
2026-04-01,AST-0022,138.7037
2026-04-02,AST-0022,135.6095
2026-04-03,AST-0022,135.6511
2026-04-06,AST-0022,136.2429
2026-04-07,AST-0022,135.8015
2026-04-08,AST-0022,137.3579
2026-04-09,AST-0022,135.0299
2026-04-10,AST-0022,134.8982
2026-04-13,AST-0022,138.1303
2026-04-14,AST-0022,136.0595
2026-04-15,AST-0022,136.2443
2026-04-16,AST-0022,140.1742
2026-04-17,AST-0022,140.1674
2026-04-20,AST-0022,140.9103
2026-04-21,AST-0022,145.0126
2026-04-22,AST-0022,148.8164
2026-04-23,AST-0022,152.695
2026-04-24,AST-0022,153.9207
2026-04-27,AST-0022,152.8572
2026-04-28,AST-0022,149.9291
2026-04-29,AST-0022,150.3162
2026-04-30,AST-0022,150.6617
2026-05-01,AST-0022,145.6524
2026-05-04,AST-0022,146.9784
2026-05-05,AST-0022,146.5399
2026-05-06,AST-0022,148.2044
2026-05-07,AST-0022,150.0704
2026-05-08,AST-0022,147.4559
2026-05-11,AST-0022,146.8281
2026-05-12,AST-0022,144.8763
2026-05-13,AST-0022,145.0081
2026-05-14,AST-0022,144.1331
2026-05-15,AST-0022,139.7802
2026-05-18,AST-0022,142.3108
2026-05-19,AST-0022,139.7135
2026-05-20,AST-0022,137.9679
2026-05-21,AST-0022,135.8961
2026-05-22,AST-0022,136.2904
2026-05-25,AST-0022,136.2551
2026-05-26,AST-0022,137.7501
2026-05-27,AST-0022,139.8139
2026-05-28,AST-0022,136.3531
2026-05-29,AST-0022,135.0027
2026-06-01,AST-0022,132.7819
2026-06-02,AST-0022,134.5675
2026-06-03,AST-0022,133.4806
2026-06-04,AST-0022,132.9791
2026-06-05,AST-0022,132.2943
2026-06-08,AST-0022,137.2111
2026-06-09,AST-0022,137.4435
2026-06-10,AST-0022,139.6839
2026-06-11,AST-0022,136.2283
2026-06-12,AST-0022,132.455
2026-06-15,AST-0022,132.2389
2026-06-16,AST-0022,128.9004
2026-06-17,AST-0022,125.7986
2026-06-18,AST-0022,124.1264
2026-06-19,AST-0022,123.6076
2026-06-22,AST-0022,126.9645
2026-06-23,AST-0022,122.3162
2026-06-24,AST-0022,121.7357
2026-06-25,AST-0022,122.716
2026-06-26,AST-0022,120.0128
2026-06-29,AST-0022,118.1145
2026-06-30,AST-0022,116.2798
2026-07-01,AST-0022,118.1319
2026-07-02,AST-0022,119.8727
2026-07-03,AST-0022,121.163
2026-07-06,AST-0022,124.5418
2026-07-07,AST-0022,123.2654
2026-07-08,AST-0022,121.7808
2026-07-09,AST-0022,121.5022
2026-07-10,AST-0022,122.432
2026-07-13,AST-0022,121.2181
2026-07-14,AST-0022,119.1782
2026-07-15,AST-0022,122.9557
2026-07-16,AST-0022,125.0136
2026-07-17,AST-0022,123.8223
2026-07-20,AST-0022,124.5519
2026-07-21,AST-0022,125.3472
2026-07-22,AST-0022,123.5377
2026-07-23,AST-0022,124.7909
2026-07-24,AST-0022,125.3341
2026-07-27,AST-0022,124.4875
2026-07-28,AST-0022,125.4729
2026-07-29,AST-0022,125.8119
2026-07-30,AST-0022,129.3321
2026-07-31,AST-0022,126.6512
2026-08-03,AST-0022,128.777
2026-08-04,AST-0022,129.4471
2026-08-05,AST-0022,130.113
2026-08-06,AST-0022,129.885
2026-08-07,AST-0022,129.69
2025-07-28,AST-0023,73.5686
2025-07-29,AST-0023,74.9402
2025-07-30,AST-0023,75.8177
2025-07-31,AST-0023,75.1947
2025-08-01,AST-0023,75.9665
2025-08-04,AST-0023,80.1449
2025-08-05,AST-0023,79.0869
2025-08-06,AST-0023,77.9103
2025-08-07,AST-0023,79.3682
2025-08-08,AST-0023,77.4593
2025-08-11,AST-0023,76.7709
2025-08-12,AST-0023,75.4574
2025-08-13,AST-0023,77.0274
2025-08-14,AST-0023,76.7437
2025-08-15,AST-0023,78.9167
2025-08-18,AST-0023,79.1269
2025-08-19,AST-0023,77.7067
2025-08-20,AST-0023,81.1001
2025-08-21,AST-0023,80.0715
2025-08-22,AST-0023,80.0739
2025-08-25,AST-0023,78.7528
2025-08-26,AST-0023,76.9906
2025-08-27,AST-0023,78.2878
2025-08-28,AST-0023,78.5635
2025-08-29,AST-0023,81.6549
2025-09-01,AST-0023,81.3253
2025-09-02,AST-0023,82.1282
2025-09-03,AST-0023,80.9539
2025-09-04,AST-0023,79.0568
2025-09-05,AST-0023,79.8928
2025-09-08,AST-0023,79.6556
2025-09-09,AST-0023,81.2733
2025-09-10,AST-0023,82.1163
2025-09-11,AST-0023,81.7935
2025-09-12,AST-0023,80.501
2025-09-15,AST-0023,78.8274
2025-09-16,AST-0023,78.6713
2025-09-17,AST-0023,78.2321
2025-09-18,AST-0023,79.0135
2025-09-19,AST-0023,78.2653
2025-09-22,AST-0023,82.2157
2025-09-23,AST-0023,83.2127
2025-09-24,AST-0023,83.9219
2025-09-25,AST-0023,84.8683
2025-09-26,AST-0023,85.3297
2025-09-29,AST-0023,85.8733
2025-09-30,AST-0023,84.1076
2025-10-01,AST-0023,85.4879
2025-10-02,AST-0023,82.4909
2025-10-03,AST-0023,82.1396
2025-10-06,AST-0023,81.3293
2025-10-07,AST-0023,80.5731
2025-10-08,AST-0023,78.3331
2025-10-09,AST-0023,76.7773
2025-10-10,AST-0023,76.8101
2025-10-13,AST-0023,76.0786
2025-10-14,AST-0023,75.9351
2025-10-15,AST-0023,77.301
2025-10-16,AST-0023,78.1025
2025-10-17,AST-0023,78.2369
2025-10-20,AST-0023,78.0485
2025-10-21,AST-0023,79.9847
2025-10-22,AST-0023,77.9216
2025-10-23,AST-0023,78.6591
2025-10-24,AST-0023,77.4919
2025-10-27,AST-0023,78.4103
2025-10-28,AST-0023,80.2651
2025-10-29,AST-0023,80.9782
2025-10-30,AST-0023,82.2292
2025-10-31,AST-0023,79.3027
2025-11-03,AST-0023,81.4293
2025-11-04,AST-0023,80.8403
2025-11-05,AST-0023,81.2974
2025-11-06,AST-0023,81.5489
2025-11-07,AST-0023,81.2409
2025-11-10,AST-0023,80.0526
2025-11-11,AST-0023,81.2864
2025-11-12,AST-0023,81.6015
2025-11-13,AST-0023,84.8292
2025-11-14,AST-0023,84.5056
2025-11-17,AST-0023,83.8602
2025-11-18,AST-0023,86.3871
2025-11-19,AST-0023,88.6683
2025-11-20,AST-0023,84.4547
2025-11-21,AST-0023,86.2425
2025-11-24,AST-0023,87.264
2025-11-25,AST-0023,88.0098
2025-11-26,AST-0023,86.4982
2025-11-27,AST-0023,88.3841
2025-11-28,AST-0023,86.2445
2025-12-01,AST-0023,85.1586
2025-12-02,AST-0023,85.1594
2025-12-03,AST-0023,86.2756
2025-12-04,AST-0023,84.6106
2025-12-05,AST-0023,84.8083
2025-12-08,AST-0023,86.6061
2025-12-09,AST-0023,83.083
2025-12-10,AST-0023,83.1952
2025-12-11,AST-0023,83.6781
2025-12-12,AST-0023,84.5181
2025-12-15,AST-0023,83.6242
2025-12-16,AST-0023,84.6372
2025-12-17,AST-0023,84.1915
2025-12-18,AST-0023,84.6599
2025-12-19,AST-0023,83.4153
2025-12-22,AST-0023,85.6493
2025-12-23,AST-0023,86.7383
2025-12-24,AST-0023,88.4296
2025-12-25,AST-0023,90.7863
2025-12-26,AST-0023,91.7208
2025-12-29,AST-0023,94.2799
2025-12-30,AST-0023,94.1774
2025-12-31,AST-0023,93.2692
2026-01-01,AST-0023,93.3417
2026-01-02,AST-0023,95.6535
2026-01-05,AST-0023,91.966
2026-01-06,AST-0023,92.2574
2026-01-07,AST-0023,92.2468
2026-01-08,AST-0023,92.1991
2026-01-09,AST-0023,96.6197
2026-01-12,AST-0023,96.4606
2026-01-13,AST-0023,98.4945
2026-01-14,AST-0023,98.5625
2026-01-15,AST-0023,97.6034
2026-01-16,AST-0023,98.3668
2026-01-19,AST-0023,98.8413
2026-01-20,AST-0023,98.4412
2026-01-21,AST-0023,97.6799
2026-01-22,AST-0023,99.3333
2026-01-23,AST-0023,99.5227
2026-01-26,AST-0023,98.2235
2026-01-27,AST-0023,100.1981
2026-01-28,AST-0023,99.1424
2026-01-29,AST-0023,100.0183
2026-01-30,AST-0023,99.3337
2026-02-02,AST-0023,102.0715
2026-02-03,AST-0023,102.0609
2026-02-04,AST-0023,100.5394
2026-02-05,AST-0023,103.0882
2026-02-06,AST-0023,103.3655
2026-02-09,AST-0023,102.788
2026-02-10,AST-0023,103.4104
2026-02-11,AST-0023,102.1424
2026-02-12,AST-0023,101.6069
2026-02-13,AST-0023,103.2653
2026-02-16,AST-0023,103.7355
2026-02-17,AST-0023,106.9511
2026-02-18,AST-0023,108.0565
2026-02-19,AST-0023,104.7037
2026-02-20,AST-0023,108.0588
2026-02-23,AST-0023,106.8014
2026-02-24,AST-0023,108.2278
2026-02-25,AST-0023,106.5992
2026-02-26,AST-0023,105.9733
2026-02-27,AST-0023,107.6498
2026-03-02,AST-0023,105.7151
2026-03-03,AST-0023,106.2754
2026-03-04,AST-0023,106.2095
2026-03-05,AST-0023,106.2934
2026-03-06,AST-0023,110.7635
2026-03-09,AST-0023,112.392
2026-03-10,AST-0023,111.2772
2026-03-11,AST-0023,115.3258
2026-03-12,AST-0023,114.9102
2026-03-13,AST-0023,117.8768
2026-03-16,AST-0023,115.7845
2026-03-17,AST-0023,113.8229
2026-03-18,AST-0023,110.0824
2026-03-19,AST-0023,108.0502
2026-03-20,AST-0023,108.5722
2026-03-23,AST-0023,107.5811
2026-03-24,AST-0023,108.1264
2026-03-25,AST-0023,107.2936
2026-03-26,AST-0023,108.7071
2026-03-27,AST-0023,109.022
2026-03-30,AST-0023,108.7717
2026-03-31,AST-0023,105.461
2026-04-01,AST-0023,104.9542
2026-04-02,AST-0023,102.8731
2026-04-03,AST-0023,103.4134
2026-04-06,AST-0023,103.2142
2026-04-07,AST-0023,102.5343
2026-04-08,AST-0023,104.6416
2026-04-09,AST-0023,102.0074
2026-04-10,AST-0023,100.3588
2026-04-13,AST-0023,102.8319
2026-04-14,AST-0023,105.0818
2026-04-15,AST-0023,108.8852
2026-04-16,AST-0023,107.2645
2026-04-17,AST-0023,109.8693
2026-04-20,AST-0023,107.5278
2026-04-21,AST-0023,107.233
2026-04-22,AST-0023,107.4734
2026-04-23,AST-0023,110.0942
2026-04-24,AST-0023,106.4561
2026-04-27,AST-0023,107.0539
2026-04-28,AST-0023,107.4784
2026-04-29,AST-0023,109.3804
2026-04-30,AST-0023,110.3907
2026-05-01,AST-0023,107.9904
2026-05-04,AST-0023,107.3936
2026-05-05,AST-0023,104.508
2026-05-06,AST-0023,100.5557
2026-05-07,AST-0023,102.4222
2026-05-08,AST-0023,104.9936
2026-05-11,AST-0023,105.5487
2026-05-12,AST-0023,105.4032
2026-05-13,AST-0023,111.0934
2026-05-14,AST-0023,110.4241
2026-05-15,AST-0023,110.3842
2026-05-18,AST-0023,112.1179
2026-05-19,AST-0023,109.3443
2026-05-20,AST-0023,108.0265
2026-05-21,AST-0023,108.4217
2026-05-22,AST-0023,110.3745
2026-05-25,AST-0023,106.8983
2026-05-26,AST-0023,105.511
2026-05-27,AST-0023,105.5906
2026-05-28,AST-0023,106.2744
2026-05-29,AST-0023,106.6737
2026-06-01,AST-0023,104.6121
2026-06-02,AST-0023,105.4263
2026-06-03,AST-0023,107.5623
2026-06-04,AST-0023,109.3855
2026-06-05,AST-0023,111.1295
2026-06-08,AST-0023,110.5645
2026-06-09,AST-0023,108.8628
2026-06-10,AST-0023,110.1934
2026-06-11,AST-0023,108.6105
2026-06-12,AST-0023,108.1917
2026-06-15,AST-0023,108.9007
2026-06-16,AST-0023,108.2905
2026-06-17,AST-0023,107.8257
2026-06-18,AST-0023,109.7051
2026-06-19,AST-0023,107.2695
2026-06-22,AST-0023,105.5553
2026-06-23,AST-0023,103.6861
2026-06-24,AST-0023,104.7145
2026-06-25,AST-0023,108.1562
2026-06-26,AST-0023,107.3564
2026-06-29,AST-0023,108.514
2026-06-30,AST-0023,108.7088
2026-07-01,AST-0023,109.3362
2026-07-02,AST-0023,109.3356
2026-07-03,AST-0023,107.5185
2026-07-06,AST-0023,108.3333
2026-07-07,AST-0023,107.8895
2026-07-08,AST-0023,103.8981
2026-07-09,AST-0023,104.6597
2026-07-10,AST-0023,102.7195
2026-07-13,AST-0023,100.0028
2026-07-14,AST-0023,97.1258
2026-07-15,AST-0023,97.2349
2026-07-16,AST-0023,96.7946
2026-07-17,AST-0023,97.3456
2026-07-20,AST-0023,96.7339
2026-07-21,AST-0023,96.6763
2026-07-22,AST-0023,97.4825
2026-07-23,AST-0023,95.8764
2026-07-24,AST-0023,93.4564
2026-07-27,AST-0023,95.6438
2026-07-28,AST-0023,96.4092
2026-07-29,AST-0023,95.5649
2026-07-30,AST-0023,94.108
2026-07-31,AST-0023,91.5459
2026-08-03,AST-0023,92.7282
2026-08-04,AST-0023,96.708
2026-08-05,AST-0023,94.7368
2026-08-06,AST-0023,94.6486
2026-08-07,AST-0023,93.9097
2025-07-28,AST-0024,65.0385
2025-07-29,AST-0024,64.2904
2025-07-30,AST-0024,63.4341
2025-07-31,AST-0024,63.4045
2025-08-01,AST-0024,63.7944
2025-08-04,AST-0024,63.3187
2025-08-05,AST-0024,64.4764
2025-08-06,AST-0024,63.2613
2025-08-07,AST-0024,63.5595
2025-08-08,AST-0024,63.9743
2025-08-11,AST-0024,65.8829
2025-08-12,AST-0024,65.3758
2025-08-13,AST-0024,64.3614
2025-08-14,AST-0024,64.6198
2025-08-15,AST-0024,63.6624
2025-08-18,AST-0024,61.9051
2025-08-19,AST-0024,60.389
2025-08-20,AST-0024,62.1113
2025-08-21,AST-0024,63.6383
2025-08-22,AST-0024,63.9208
2025-08-25,AST-0024,63.767
2025-08-26,AST-0024,63.573
2025-08-27,AST-0024,63.075
2025-08-28,AST-0024,64.1806
2025-08-29,AST-0024,62.4457
2025-09-01,AST-0024,63.2345
2025-09-02,AST-0024,61.6434
2025-09-03,AST-0024,61.2883
2025-09-04,AST-0024,62.6018
2025-09-05,AST-0024,61.8912
2025-09-08,AST-0024,62.8733
2025-09-09,AST-0024,63.7917
2025-09-10,AST-0024,65.5812
2025-09-11,AST-0024,64.5802
2025-09-12,AST-0024,64.1108
2025-09-15,AST-0024,63.4216
2025-09-16,AST-0024,63.1083
2025-09-17,AST-0024,63.3487
2025-09-18,AST-0024,61.9584
2025-09-19,AST-0024,62.1389
2025-09-22,AST-0024,62.3892
2025-09-23,AST-0024,61.5051
2025-09-24,AST-0024,60.2236
2025-09-25,AST-0024,59.1492
2025-09-26,AST-0024,59.3914
2025-09-29,AST-0024,59.285
2025-09-30,AST-0024,57.3999
2025-10-01,AST-0024,59.4141
2025-10-02,AST-0024,59.2929
2025-10-03,AST-0024,60.262
2025-10-06,AST-0024,59.7682
2025-10-07,AST-0024,59.2648
2025-10-08,AST-0024,58.5119
2025-10-09,AST-0024,57.5782
2025-10-10,AST-0024,56.624
2025-10-13,AST-0024,58.5468
2025-10-14,AST-0024,58.6932
2025-10-15,AST-0024,57.7415
2025-10-16,AST-0024,56.9239
2025-10-17,AST-0024,57.1534
2025-10-20,AST-0024,57.5354
2025-10-21,AST-0024,58.9485
2025-10-22,AST-0024,58.1368
2025-10-23,AST-0024,57.5945
2025-10-24,AST-0024,57.6762
2025-10-27,AST-0024,56.576
2025-10-28,AST-0024,57.1529
2025-10-29,AST-0024,56.4129
2025-10-30,AST-0024,55.3697
2025-10-31,AST-0024,55.3815
2025-11-03,AST-0024,56.1388
2025-11-04,AST-0024,55.5781
2025-11-05,AST-0024,54.616
2025-11-06,AST-0024,54.9041
2025-11-07,AST-0024,55.7063
2025-11-10,AST-0024,56.5028
2025-11-11,AST-0024,55.1157
2025-11-12,AST-0024,55.8666
2025-11-13,AST-0024,54.7
2025-11-14,AST-0024,55.38
2025-11-17,AST-0024,56.042
2025-11-18,AST-0024,55.1042
2025-11-19,AST-0024,55.7694
2025-11-20,AST-0024,56.9464
2025-11-21,AST-0024,55.8712
2025-11-24,AST-0024,53.967
2025-11-25,AST-0024,53.8503
2025-11-26,AST-0024,52.9515
2025-11-27,AST-0024,54.43
2025-11-28,AST-0024,52.0433
2025-12-01,AST-0024,52.8233
2025-12-02,AST-0024,53.1247
2025-12-03,AST-0024,54.0008
2025-12-04,AST-0024,52.6655
2025-12-05,AST-0024,52.8666
2025-12-08,AST-0024,51.519
2025-12-09,AST-0024,52.3859
2025-12-10,AST-0024,53.1349
2025-12-11,AST-0024,51.8037
2025-12-12,AST-0024,52.26
2025-12-15,AST-0024,51.7536
2025-12-16,AST-0024,51.4097
2025-12-17,AST-0024,50.4693
2025-12-18,AST-0024,49.9631
2025-12-19,AST-0024,50.9306
2025-12-22,AST-0024,50.9059
2025-12-23,AST-0024,50.266
2025-12-24,AST-0024,49.652
2025-12-25,AST-0024,48.8431
2025-12-26,AST-0024,48.6918
2025-12-29,AST-0024,49.2231
2025-12-30,AST-0024,49.0006
2025-12-31,AST-0024,49.2263
2026-01-01,AST-0024,49.6041
2026-01-02,AST-0024,50.329
2026-01-05,AST-0024,48.8169
2026-01-06,AST-0024,48.9674
2026-01-07,AST-0024,48.9502
2026-01-08,AST-0024,48.2999
2026-01-09,AST-0024,49.2782
2026-01-12,AST-0024,48.6261
2026-01-13,AST-0024,48.9662
2026-01-14,AST-0024,49.5983
2026-01-15,AST-0024,48.2758
2026-01-16,AST-0024,48.1943
2026-01-19,AST-0024,47.0605
2026-01-20,AST-0024,46.4475
2026-01-21,AST-0024,45.746
2026-01-22,AST-0024,45.1471
2026-01-23,AST-0024,44.3017
2026-01-26,AST-0024,46.2292
2026-01-27,AST-0024,44.936
2026-01-28,AST-0024,44.8584
2026-01-29,AST-0024,44.4229
2026-01-30,AST-0024,44.8403
2026-02-02,AST-0024,46.2011
2026-02-03,AST-0024,46.8865
2026-02-04,AST-0024,46.7737
2026-02-05,AST-0024,47.2894
2026-02-06,AST-0024,47.8627
2026-02-09,AST-0024,48.5723
2026-02-10,AST-0024,49.4487
2026-02-11,AST-0024,49.6841
2026-02-12,AST-0024,49.3703
2026-02-13,AST-0024,48.702
2026-02-16,AST-0024,48.6409
2026-02-17,AST-0024,48.3922
2026-02-18,AST-0024,48.1353
2026-02-19,AST-0024,46.4204
2026-02-20,AST-0024,46.3343
2026-02-23,AST-0024,46.6866
2026-02-24,AST-0024,45.9597
2026-02-25,AST-0024,45.0689
2026-02-26,AST-0024,43.4141
2026-02-27,AST-0024,43.1576
2026-03-02,AST-0024,42.3074
2026-03-03,AST-0024,43.1233
2026-03-04,AST-0024,43.0633
2026-03-05,AST-0024,42.8034
2026-03-06,AST-0024,41.3207
2026-03-09,AST-0024,41.1862
2026-03-10,AST-0024,40.5212
2026-03-11,AST-0024,40.9431
2026-03-12,AST-0024,40.4053
2026-03-13,AST-0024,39.8946
2026-03-16,AST-0024,39.6076
2026-03-17,AST-0024,39.6553
2026-03-18,AST-0024,39.6902
2026-03-19,AST-0024,40.4229
2026-03-20,AST-0024,41.3812
2026-03-23,AST-0024,42.1763
2026-03-24,AST-0024,42.6632
2026-03-25,AST-0024,42.833
2026-03-26,AST-0024,42.3605
2026-03-27,AST-0024,42.992
2026-03-30,AST-0024,43.6022
2026-03-31,AST-0024,43.9481
2026-04-01,AST-0024,43.7402
2026-04-02,AST-0024,44.2486
2026-04-03,AST-0024,44.8153
2026-04-06,AST-0024,44.635
2026-04-07,AST-0024,43.478
2026-04-08,AST-0024,43.4891
2026-04-09,AST-0024,43.127
2026-04-10,AST-0024,44.8455
2026-04-13,AST-0024,44.3326
2026-04-14,AST-0024,44.3378
2026-04-15,AST-0024,45.0739
2026-04-16,AST-0024,46.0126
2026-04-17,AST-0024,45.8057
2026-04-20,AST-0024,44.5434
2026-04-21,AST-0024,45.2256
2026-04-22,AST-0024,46.3295
2026-04-23,AST-0024,47.6197
2026-04-24,AST-0024,50.1429
2026-04-27,AST-0024,50.6358
2026-04-28,AST-0024,50.5022
2026-04-29,AST-0024,50.4036
2026-04-30,AST-0024,51.5061
2026-05-01,AST-0024,51.7016
2026-05-04,AST-0024,52.4294
2026-05-05,AST-0024,53.1792
2026-05-06,AST-0024,52.3162
2026-05-07,AST-0024,52.5466
2026-05-08,AST-0024,51.5678
2026-05-11,AST-0024,51.6018
2026-05-12,AST-0024,50.2343
2026-05-13,AST-0024,50.1213
2026-05-14,AST-0024,50.8591
2026-05-15,AST-0024,49.9495
2026-05-18,AST-0024,49.8843
2026-05-19,AST-0024,49.8533
2026-05-20,AST-0024,50.063
2026-05-21,AST-0024,48.7958
2026-05-22,AST-0024,48.3826
2026-05-25,AST-0024,48.4257
2026-05-26,AST-0024,49.2538
2026-05-27,AST-0024,47.5206
2026-05-28,AST-0024,49.0699
2026-05-29,AST-0024,49.8751
2026-06-01,AST-0024,48.5227
2026-06-02,AST-0024,50.766
2026-06-03,AST-0024,49.2557
2026-06-04,AST-0024,50.6058
2026-06-05,AST-0024,50.8225
2026-06-08,AST-0024,52.2143
2026-06-09,AST-0024,52.5677
2026-06-10,AST-0024,52.8923
2026-06-11,AST-0024,52.0708
2026-06-12,AST-0024,52.1977
2026-06-15,AST-0024,52.5522
2026-06-16,AST-0024,51.7953
2026-06-17,AST-0024,52.0453
2026-06-18,AST-0024,52.0304
2026-06-19,AST-0024,52.6051
2026-06-22,AST-0024,52.6565
2026-06-23,AST-0024,53.424
2026-06-24,AST-0024,52.8154
2026-06-25,AST-0024,53.2534
2026-06-26,AST-0024,53.2476
2026-06-29,AST-0024,52.8429
2026-06-30,AST-0024,50.1635
2026-07-01,AST-0024,51.449
2026-07-02,AST-0024,50.5732
2026-07-03,AST-0024,49.5225
2026-07-06,AST-0024,51.2333
2026-07-07,AST-0024,51.0842
2026-07-08,AST-0024,51.7197
2026-07-09,AST-0024,51.237
2026-07-10,AST-0024,51.6721
2026-07-13,AST-0024,51.8787
2026-07-14,AST-0024,51.4891
2026-07-15,AST-0024,50.5498
2026-07-16,AST-0024,50.175
2026-07-17,AST-0024,50.126
2026-07-20,AST-0024,50.6865
2026-07-21,AST-0024,50.4959
2026-07-22,AST-0024,52.0503
2026-07-23,AST-0024,53.1945
2026-07-24,AST-0024,54.1076
2026-07-27,AST-0024,54.3789
2026-07-28,AST-0024,54.6014
2026-07-29,AST-0024,54.1523
2026-07-30,AST-0024,53.175
2026-07-31,AST-0024,54.6147
2026-08-03,AST-0024,56.3694
2026-08-04,AST-0024,55.6674
2026-08-05,AST-0024,55.694
2026-08-06,AST-0024,55.7225
2026-08-07,AST-0024,53.5063
2025-07-28,AST-0025,46.2387
2025-07-29,AST-0025,46.3349
2025-07-30,AST-0025,46.5074
2025-07-31,AST-0025,45.6249
2025-08-01,AST-0025,46.8685
2025-08-04,AST-0025,45.9094
2025-08-05,AST-0025,46.18
2025-08-06,AST-0025,47.2701
2025-08-07,AST-0025,48.5723
2025-08-08,AST-0025,48.5775
2025-08-11,AST-0025,47.6167
2025-08-12,AST-0025,47.6183
2025-08-13,AST-0025,46.879
2025-08-14,AST-0025,47.6935
2025-08-15,AST-0025,47.9434
2025-08-18,AST-0025,48.0777
2025-08-19,AST-0025,46.0471
2025-08-20,AST-0025,46.1648
2025-08-21,AST-0025,46.8229
2025-08-22,AST-0025,47.4834
2025-08-25,AST-0025,46.4293
2025-08-26,AST-0025,45.5644
2025-08-27,AST-0025,44.6019
2025-08-28,AST-0025,45.0965
2025-08-29,AST-0025,45.3277
2025-09-01,AST-0025,45.8526
2025-09-02,AST-0025,45.6521
2025-09-03,AST-0025,45.3975
2025-09-04,AST-0025,43.7593
2025-09-05,AST-0025,45.4725
2025-09-08,AST-0025,45.3953
2025-09-09,AST-0025,45.2541
2025-09-10,AST-0025,45.94
2025-09-11,AST-0025,43.5768
2025-09-12,AST-0025,43.0263
2025-09-15,AST-0025,42.4662
2025-09-16,AST-0025,42.5832
2025-09-17,AST-0025,43.3496
2025-09-18,AST-0025,43.5466
2025-09-19,AST-0025,42.5125
2025-09-22,AST-0025,43.2652
2025-09-23,AST-0025,43.5949
2025-09-24,AST-0025,43.0839
2025-09-25,AST-0025,43.1166
2025-09-26,AST-0025,43.1018
2025-09-29,AST-0025,44.5214
2025-09-30,AST-0025,44.0599
2025-10-01,AST-0025,43.5657
2025-10-02,AST-0025,42.0045
2025-10-03,AST-0025,42.1031
2025-10-06,AST-0025,41.3832
2025-10-07,AST-0025,40.3946
2025-10-08,AST-0025,40.4362
2025-10-09,AST-0025,40.8133
2025-10-10,AST-0025,40.5888
2025-10-13,AST-0025,41.3212
2025-10-14,AST-0025,41.8265
2025-10-15,AST-0025,42.3957
2025-10-16,AST-0025,41.7055
2025-10-17,AST-0025,41.927
2025-10-20,AST-0025,40.264
2025-10-21,AST-0025,41.3295
2025-10-22,AST-0025,43.0521
2025-10-23,AST-0025,42.9692
2025-10-24,AST-0025,43.3189
2025-10-27,AST-0025,43.4951
2025-10-28,AST-0025,44.0715
2025-10-29,AST-0025,42.9092
2025-10-30,AST-0025,43.2875
2025-10-31,AST-0025,42.1858
2025-11-03,AST-0025,42.087
2025-11-04,AST-0025,41.1796
2025-11-05,AST-0025,42.5853
2025-11-06,AST-0025,42.559
2025-11-07,AST-0025,42.3036
2025-11-10,AST-0025,42.5589
2025-11-11,AST-0025,41.9299
2025-11-12,AST-0025,41.4693
2025-11-13,AST-0025,41.6478
2025-11-14,AST-0025,41.9724
2025-11-17,AST-0025,42.3594
2025-11-18,AST-0025,41.5514
2025-11-19,AST-0025,41.5172
2025-11-20,AST-0025,40.3373
2025-11-21,AST-0025,39.9334
2025-11-24,AST-0025,39.2902
2025-11-25,AST-0025,39.2733
2025-11-26,AST-0025,39.5602
2025-11-27,AST-0025,38.4311
2025-11-28,AST-0025,37.8965
2025-12-01,AST-0025,38.0266
2025-12-02,AST-0025,38.6493
2025-12-03,AST-0025,38.5794
2025-12-04,AST-0025,38.278
2025-12-05,AST-0025,39.5331
2025-12-08,AST-0025,38.5637
2025-12-09,AST-0025,38.807
2025-12-10,AST-0025,39.7491
2025-12-11,AST-0025,40.195
2025-12-12,AST-0025,38.7763
2025-12-15,AST-0025,39.3394
2025-12-16,AST-0025,39.5157
2025-12-17,AST-0025,38.5449
2025-12-18,AST-0025,38.6602
2025-12-19,AST-0025,39.234
2025-12-22,AST-0025,39.6253
2025-12-23,AST-0025,41.0177
2025-12-24,AST-0025,40.7802
2025-12-25,AST-0025,40.9666
2025-12-26,AST-0025,41.1378
2025-12-29,AST-0025,40.7172
2025-12-30,AST-0025,40.6433
2025-12-31,AST-0025,39.8806
2026-01-01,AST-0025,39.5244
2026-01-02,AST-0025,40.9172
2026-01-05,AST-0025,40.4265
2026-01-06,AST-0025,40.0944
2026-01-07,AST-0025,40.1915
2026-01-08,AST-0025,40.001
2026-01-09,AST-0025,39.98
2026-01-12,AST-0025,40.9198
2026-01-13,AST-0025,40.7401
2026-01-14,AST-0025,39.2976
2026-01-15,AST-0025,39.0833
2026-01-16,AST-0025,39.2226
2026-01-19,AST-0025,39.8843
2026-01-20,AST-0025,39.5963
2026-01-21,AST-0025,40.2183
2026-01-22,AST-0025,40.3783
2026-01-23,AST-0025,39.3204
2026-01-26,AST-0025,39.2576
2026-01-27,AST-0025,38.5938
2026-01-28,AST-0025,38.2737
2026-01-29,AST-0025,38.9314
2026-01-30,AST-0025,38.9801
2026-02-02,AST-0025,38.9358
2026-02-03,AST-0025,36.9263
2026-02-04,AST-0025,36.7693
2026-02-05,AST-0025,36.0426
2026-02-06,AST-0025,36.0774
2026-02-09,AST-0025,36.6746
2026-02-10,AST-0025,37.0931
2026-02-11,AST-0025,37.0568
2026-02-12,AST-0025,36.9509
2026-02-13,AST-0025,36.6569
2026-02-16,AST-0025,35.8916
2026-02-17,AST-0025,36.7434
2026-02-18,AST-0025,37.5706
2026-02-19,AST-0025,39.2293
2026-02-20,AST-0025,39.4071
2026-02-23,AST-0025,38.5987
2026-02-24,AST-0025,37.9182
2026-02-25,AST-0025,38.6785
2026-02-26,AST-0025,39.386
2026-02-27,AST-0025,39.953
2026-03-02,AST-0025,39.6452
2026-03-03,AST-0025,39.6376
2026-03-04,AST-0025,39.8642
2026-03-05,AST-0025,40.0616
2026-03-06,AST-0025,40.4261
2026-03-09,AST-0025,40.8421
2026-03-10,AST-0025,40.2934
2026-03-11,AST-0025,41.4692
2026-03-12,AST-0025,41.3716
2026-03-13,AST-0025,41.6804
2026-03-16,AST-0025,41.1053
2026-03-17,AST-0025,40.581
2026-03-18,AST-0025,41.549
2026-03-19,AST-0025,40.6112
2026-03-20,AST-0025,39.7562
2026-03-23,AST-0025,39.4874
2026-03-24,AST-0025,38.4878
2026-03-25,AST-0025,39.0558
2026-03-26,AST-0025,39.5114
2026-03-27,AST-0025,40.1379
2026-03-30,AST-0025,41.4898
2026-03-31,AST-0025,41.4815
2026-04-01,AST-0025,41.9757
2026-04-02,AST-0025,41.4549
2026-04-03,AST-0025,41.6373
2026-04-06,AST-0025,43.148
2026-04-07,AST-0025,42.1251
2026-04-08,AST-0025,41.6686
2026-04-09,AST-0025,41.7055
2026-04-10,AST-0025,42.254
2026-04-13,AST-0025,42.57
2026-04-14,AST-0025,43.2846
2026-04-15,AST-0025,43.7568
2026-04-16,AST-0025,45.4852
2026-04-17,AST-0025,45.9834
2026-04-20,AST-0025,45.832
2026-04-21,AST-0025,45.4251
2026-04-22,AST-0025,44.225
2026-04-23,AST-0025,44.8856
2026-04-24,AST-0025,43.9509
2026-04-27,AST-0025,44.8475
2026-04-28,AST-0025,45.7189
2026-04-29,AST-0025,45.6857
2026-04-30,AST-0025,44.2157
2026-05-01,AST-0025,43.4555
2026-05-04,AST-0025,44.1235
2026-05-05,AST-0025,45.2326
2026-05-06,AST-0025,44.821
2026-05-07,AST-0025,44.5249
2026-05-08,AST-0025,43.7605
2026-05-11,AST-0025,43.6046
2026-05-12,AST-0025,44.2032
2026-05-13,AST-0025,44.2152
2026-05-14,AST-0025,44.1782
2026-05-15,AST-0025,44.6143
2026-05-18,AST-0025,45.28
2026-05-19,AST-0025,44.9668
2026-05-20,AST-0025,45.4638
2026-05-21,AST-0025,45.2709
2026-05-22,AST-0025,44.1011
2026-05-25,AST-0025,43.562
2026-05-26,AST-0025,44.3242
2026-05-27,AST-0025,43.8982
2026-05-28,AST-0025,44.9364
2026-05-29,AST-0025,46.5075
2026-06-01,AST-0025,46.2529
2026-06-02,AST-0025,46.4324
2026-06-03,AST-0025,46.386
2026-06-04,AST-0025,46.6823
2026-06-05,AST-0025,47.8715
2026-06-08,AST-0025,49.3598
2026-06-09,AST-0025,48.8446
2026-06-10,AST-0025,48.4908
2026-06-11,AST-0025,47.9616
2026-06-12,AST-0025,50.1419
2026-06-15,AST-0025,49.6739
2026-06-16,AST-0025,48.5765
2026-06-17,AST-0025,47.5422
2026-06-18,AST-0025,47.6225
2026-06-19,AST-0025,46.6901
2026-06-22,AST-0025,46.5086
2026-06-23,AST-0025,46.8402
2026-06-24,AST-0025,46.924
2026-06-25,AST-0025,46.7636
2026-06-26,AST-0025,45.6291
2026-06-29,AST-0025,46.8405
2026-06-30,AST-0025,46.9679
2026-07-01,AST-0025,46.6679
2026-07-02,AST-0025,47.1133
2026-07-03,AST-0025,47.3968
2026-07-06,AST-0025,46.9193
2026-07-07,AST-0025,45.5193
2026-07-08,AST-0025,44.764
2026-07-09,AST-0025,43.5352
2026-07-10,AST-0025,45.0481
2026-07-13,AST-0025,45.2824
2026-07-14,AST-0025,45.6981
2026-07-15,AST-0025,45.4527
2026-07-16,AST-0025,44.2233
2026-07-17,AST-0025,44.2314
2026-07-20,AST-0025,43.5248
2026-07-21,AST-0025,43.2126
2026-07-22,AST-0025,42.2713
2026-07-23,AST-0025,42.5776
2026-07-24,AST-0025,42.8577
2026-07-27,AST-0025,43.2813
2026-07-28,AST-0025,43.1631
2026-07-29,AST-0025,43.7796
2026-07-30,AST-0025,43.0922
2026-07-31,AST-0025,44.0619
2026-08-03,AST-0025,44.7111
2026-08-04,AST-0025,43.3357
2026-08-05,AST-0025,43.3749
2026-08-06,AST-0025,44.4142
2026-08-07,AST-0025,44.5418
2025-07-28,AST-0026,135.1051
2025-07-29,AST-0026,136.4405
2025-07-30,AST-0026,136.1867
2025-07-31,AST-0026,137.6698
2025-08-01,AST-0026,138.4725
2025-08-04,AST-0026,137.9498
2025-08-05,AST-0026,139.2791
2025-08-06,AST-0026,140.8757
2025-08-07,AST-0026,140.9869
2025-08-08,AST-0026,139.854
2025-08-11,AST-0026,143.7319
2025-08-12,AST-0026,141.1557
2025-08-13,AST-0026,136.6211
2025-08-14,AST-0026,136.5478
2025-08-15,AST-0026,133.218
2025-08-18,AST-0026,136.4544
2025-08-19,AST-0026,130.8992
2025-08-20,AST-0026,130.2731
2025-08-21,AST-0026,131.4716
2025-08-22,AST-0026,129.5979
2025-08-25,AST-0026,127.6737
2025-08-26,AST-0026,127.1326
2025-08-27,AST-0026,126.5545
2025-08-28,AST-0026,123.6746
2025-08-29,AST-0026,125.2886
2025-09-01,AST-0026,128.7479
2025-09-02,AST-0026,126.8911
2025-09-03,AST-0026,126.8458
2025-09-04,AST-0026,125.7987
2025-09-05,AST-0026,128.6041
2025-09-08,AST-0026,126.1933
2025-09-09,AST-0026,127.879
2025-09-10,AST-0026,125.8946
2025-09-11,AST-0026,126.2749
2025-09-12,AST-0026,125.2071
2025-09-15,AST-0026,124.9008
2025-09-16,AST-0026,123.6913
2025-09-17,AST-0026,125.1842
2025-09-18,AST-0026,124.4178
2025-09-19,AST-0026,123.8427
2025-09-22,AST-0026,128.3075
2025-09-23,AST-0026,128.7189
2025-09-24,AST-0026,127.934
2025-09-25,AST-0026,128.4856
2025-09-26,AST-0026,125.3803
2025-09-29,AST-0026,126.9515
2025-09-30,AST-0026,127.0929
2025-10-01,AST-0026,131.502
2025-10-02,AST-0026,130.9591
2025-10-03,AST-0026,128.0741
2025-10-06,AST-0026,128.7695
2025-10-07,AST-0026,129.3731
2025-10-08,AST-0026,127.4255
2025-10-09,AST-0026,124.7806
2025-10-10,AST-0026,127.5059
2025-10-13,AST-0026,127.0131
2025-10-14,AST-0026,126.4616
2025-10-15,AST-0026,123.7095
2025-10-16,AST-0026,121.1767
2025-10-17,AST-0026,119.6341
2025-10-20,AST-0026,122.007
2025-10-21,AST-0026,122.6489
2025-10-22,AST-0026,121.2997
2025-10-23,AST-0026,123.5965
2025-10-24,AST-0026,122.8926
2025-10-27,AST-0026,122.1716
2025-10-28,AST-0026,123.7618
2025-10-29,AST-0026,126.8431
2025-10-30,AST-0026,123.8593
2025-10-31,AST-0026,125.6842
2025-11-03,AST-0026,126.8627
2025-11-04,AST-0026,126.9958
2025-11-05,AST-0026,126.4595
2025-11-06,AST-0026,127.5884
2025-11-07,AST-0026,129.4282
2025-11-10,AST-0026,133.2173
2025-11-11,AST-0026,132.8345
2025-11-12,AST-0026,134.5542
2025-11-13,AST-0026,134.1971
2025-11-14,AST-0026,132.8893
2025-11-17,AST-0026,135.998
2025-11-18,AST-0026,136.2795
2025-11-19,AST-0026,136.0221
2025-11-20,AST-0026,135.6142
2025-11-21,AST-0026,139.7716
2025-11-24,AST-0026,142.4331
2025-11-25,AST-0026,142.7658
2025-11-26,AST-0026,144.9007
2025-11-27,AST-0026,147.257
2025-11-28,AST-0026,148.737
2025-12-01,AST-0026,145.5733
2025-12-02,AST-0026,144.5252
2025-12-03,AST-0026,142.4663
2025-12-04,AST-0026,140.5163
2025-12-05,AST-0026,136.0161
2025-12-08,AST-0026,132.8606
2025-12-09,AST-0026,133.8991
2025-12-10,AST-0026,136.7128
2025-12-11,AST-0026,135.9479
2025-12-12,AST-0026,134.1208
2025-12-15,AST-0026,133.8633
2025-12-16,AST-0026,134.4134
2025-12-17,AST-0026,134.5523
2025-12-18,AST-0026,135.2317
2025-12-19,AST-0026,137.6639
2025-12-22,AST-0026,142.0039
2025-12-23,AST-0026,142.2047
2025-12-24,AST-0026,142.5396
2025-12-25,AST-0026,141.2729
2025-12-26,AST-0026,136.7644
2025-12-29,AST-0026,139.7628
2025-12-30,AST-0026,142.3591
2025-12-31,AST-0026,142.9594
2026-01-01,AST-0026,141.2221
2026-01-02,AST-0026,140.9912
2026-01-05,AST-0026,144.9545
2026-01-06,AST-0026,145.2838
2026-01-07,AST-0026,146.0972
2026-01-08,AST-0026,145.3526
2026-01-09,AST-0026,147.0972
2026-01-12,AST-0026,147.9976
2026-01-13,AST-0026,151.5457
2026-01-14,AST-0026,155.5788
2026-01-15,AST-0026,157.7775
2026-01-16,AST-0026,158.5434
2026-01-19,AST-0026,155.4826
2026-01-20,AST-0026,154.1997
2026-01-21,AST-0026,153.9972
2026-01-22,AST-0026,153.8906
2026-01-23,AST-0026,156.1094
2026-01-26,AST-0026,157.5126
2026-01-27,AST-0026,156.1028
2026-01-28,AST-0026,154.3704
2026-01-29,AST-0026,153.2955
2026-01-30,AST-0026,151.2533
2026-02-02,AST-0026,152.8715
2026-02-03,AST-0026,150.8792
2026-02-04,AST-0026,153.3103
2026-02-05,AST-0026,155.3633
2026-02-06,AST-0026,153.4114
2026-02-09,AST-0026,151.8335
2026-02-10,AST-0026,156.428
2026-02-11,AST-0026,158.6512
2026-02-12,AST-0026,156.8873
2026-02-13,AST-0026,157.8752
2026-02-16,AST-0026,160.407
2026-02-17,AST-0026,157.5602
2026-02-18,AST-0026,153.8161
2026-02-19,AST-0026,151.5769
2026-02-20,AST-0026,151.8988
2026-02-23,AST-0026,149.6798
2026-02-24,AST-0026,146.8073
2026-02-25,AST-0026,149.1583
2026-02-26,AST-0026,151.1078
2026-02-27,AST-0026,148.7851
2026-03-02,AST-0026,148.9918
2026-03-03,AST-0026,152.3025
2026-03-04,AST-0026,153.3986
2026-03-05,AST-0026,152.8721
2026-03-06,AST-0026,152.6554
2026-03-09,AST-0026,153.162
2026-03-10,AST-0026,152.1213
2026-03-11,AST-0026,151.2343
2026-03-12,AST-0026,149.6081
2026-03-13,AST-0026,151.6157
2026-03-16,AST-0026,147.6345
2026-03-17,AST-0026,145.7728
2026-03-18,AST-0026,143.7869
2026-03-19,AST-0026,143.695
2026-03-20,AST-0026,141.323
2026-03-23,AST-0026,143.1492
2026-03-24,AST-0026,141.178
2026-03-25,AST-0026,140.6394
2026-03-26,AST-0026,141.0296
2026-03-27,AST-0026,140.043
2026-03-30,AST-0026,141.9834
2026-03-31,AST-0026,139.6849
2026-04-01,AST-0026,137.9797
2026-04-02,AST-0026,135.2122
2026-04-03,AST-0026,135.6508
2026-04-06,AST-0026,131.1679
2026-04-07,AST-0026,126.3278
2026-04-08,AST-0026,125.1325
2026-04-09,AST-0026,126.0939
2026-04-10,AST-0026,126.4068
2026-04-13,AST-0026,125.8865
2026-04-14,AST-0026,126.434
2026-04-15,AST-0026,127.4088
2026-04-16,AST-0026,128.0784
2026-04-17,AST-0026,128.7868
2026-04-20,AST-0026,129.8651
2026-04-21,AST-0026,131.6462
2026-04-22,AST-0026,131.8562
2026-04-23,AST-0026,127.78
2026-04-24,AST-0026,126.8312
2026-04-27,AST-0026,123.7464
2026-04-28,AST-0026,122.8257
2026-04-29,AST-0026,121.5432
2026-04-30,AST-0026,117.2899
2026-05-01,AST-0026,115.6737
2026-05-04,AST-0026,115.6511
2026-05-05,AST-0026,114.606
2026-05-06,AST-0026,116.9428
2026-05-07,AST-0026,118.1539
2026-05-08,AST-0026,120.6922
2026-05-11,AST-0026,124.12
2026-05-12,AST-0026,126.082
2026-05-13,AST-0026,126.1716
2026-05-14,AST-0026,126.5887
2026-05-15,AST-0026,126.2288
2026-05-18,AST-0026,127.0849
2026-05-19,AST-0026,126.2945
2026-05-20,AST-0026,128.1657
2026-05-21,AST-0026,128.4496
2026-05-22,AST-0026,130.6138
2026-05-25,AST-0026,129.0258
2026-05-26,AST-0026,127.4391
2026-05-27,AST-0026,127.6735
2026-05-28,AST-0026,127.8796
2026-05-29,AST-0026,128.8327
2026-06-01,AST-0026,129.4053
2026-06-02,AST-0026,133.9743
2026-06-03,AST-0026,133.6863
2026-06-04,AST-0026,135.4601
2026-06-05,AST-0026,132.607
2026-06-08,AST-0026,136.4825
2026-06-09,AST-0026,134.9205
2026-06-10,AST-0026,135.5233
2026-06-11,AST-0026,132.286
2026-06-12,AST-0026,133.3986
2026-06-15,AST-0026,136.6583
2026-06-16,AST-0026,136.6896
2026-06-17,AST-0026,137.9879
2026-06-18,AST-0026,140.3017
2026-06-19,AST-0026,143.6413
2026-06-22,AST-0026,143.7467
2026-06-23,AST-0026,141.8741
2026-06-24,AST-0026,140.3636
2026-06-25,AST-0026,140.2951
2026-06-26,AST-0026,140.2998
2026-06-29,AST-0026,144.8285
2026-06-30,AST-0026,148.4464
2026-07-01,AST-0026,151.2269
2026-07-02,AST-0026,149.4371
2026-07-03,AST-0026,149.5444
2026-07-06,AST-0026,152.6964
2026-07-07,AST-0026,151.9711
2026-07-08,AST-0026,150.5722
2026-07-09,AST-0026,153.1559
2026-07-10,AST-0026,156.4192
2026-07-13,AST-0026,157.4633
2026-07-14,AST-0026,150.8967
2026-07-15,AST-0026,149.537
2026-07-16,AST-0026,156.9147
2026-07-17,AST-0026,154.7932
2026-07-20,AST-0026,152.8772
2026-07-21,AST-0026,155.004
2026-07-22,AST-0026,153.5561
2026-07-23,AST-0026,152.9143
2026-07-24,AST-0026,152.145
2026-07-27,AST-0026,147.9558
2026-07-28,AST-0026,147.3907
2026-07-29,AST-0026,145.4411
2026-07-30,AST-0026,146.6251
2026-07-31,AST-0026,147.8802
2026-08-03,AST-0026,147.1638
2026-08-04,AST-0026,147.7905
2026-08-05,AST-0026,150.6927
2026-08-06,AST-0026,152.0131
2026-08-07,AST-0026,150.1065
2025-07-28,AST-0027,52.1793
2025-07-29,AST-0027,51.0251
2025-07-30,AST-0027,49.5708
2025-07-31,AST-0027,50.2655
2025-08-01,AST-0027,51.0693
2025-08-04,AST-0027,50.847
2025-08-05,AST-0027,50.5736
2025-08-06,AST-0027,49.5581
2025-08-07,AST-0027,50.6303
2025-08-08,AST-0027,50.505
2025-08-11,AST-0027,49.8223
2025-08-12,AST-0027,48.9486
2025-08-13,AST-0027,48.4006
2025-08-14,AST-0027,48.3903
2025-08-15,AST-0027,48.0332
2025-08-18,AST-0027,47.8935
2025-08-19,AST-0027,46.9334
2025-08-20,AST-0027,47.165
2025-08-21,AST-0027,47.0643
2025-08-22,AST-0027,47.7646
2025-08-25,AST-0027,46.7711
2025-08-26,AST-0027,48.1011
2025-08-27,AST-0027,50.5884
2025-08-28,AST-0027,51.2796
2025-08-29,AST-0027,49.7429
2025-09-01,AST-0027,50.3448
2025-09-02,AST-0027,50.5599
2025-09-03,AST-0027,49.9106
2025-09-04,AST-0027,48.7697
2025-09-05,AST-0027,50.1837
2025-09-08,AST-0027,48.8821
2025-09-09,AST-0027,48.7759
2025-09-10,AST-0027,49.6099
2025-09-11,AST-0027,48.9966
2025-09-12,AST-0027,49.1914
2025-09-15,AST-0027,47.1777
2025-09-16,AST-0027,46.0149
2025-09-17,AST-0027,46.2688
2025-09-18,AST-0027,46.5166
2025-09-19,AST-0027,47.4899
2025-09-22,AST-0027,48.7276
2025-09-23,AST-0027,48.0745
2025-09-24,AST-0027,47.1178
2025-09-25,AST-0027,47.0242
2025-09-26,AST-0027,48.0134
2025-09-29,AST-0027,48.0274
2025-09-30,AST-0027,47.0861
2025-10-01,AST-0027,48.5708
2025-10-02,AST-0027,47.1438
2025-10-03,AST-0027,48.0589
2025-10-06,AST-0027,48.0406
2025-10-07,AST-0027,48.7652
2025-10-08,AST-0027,48.4715
2025-10-09,AST-0027,47.7376
2025-10-10,AST-0027,49.1873
2025-10-13,AST-0027,50.4023
2025-10-14,AST-0027,51.0002
2025-10-15,AST-0027,50.6227
2025-10-16,AST-0027,49.7508
2025-10-17,AST-0027,49.7382
2025-10-20,AST-0027,47.4469
2025-10-21,AST-0027,49.3941
2025-10-22,AST-0027,49.4478
2025-10-23,AST-0027,49.3136
2025-10-24,AST-0027,48.8281
2025-10-27,AST-0027,46.8578
2025-10-28,AST-0027,46.5379
2025-10-29,AST-0027,45.9384
2025-10-30,AST-0027,44.5501
2025-10-31,AST-0027,44.6921
2025-11-03,AST-0027,44.7468
2025-11-04,AST-0027,45.8518
2025-11-05,AST-0027,45.6473
2025-11-06,AST-0027,44.9901
2025-11-07,AST-0027,45.3054
2025-11-10,AST-0027,44.8623
2025-11-11,AST-0027,44.8384
2025-11-12,AST-0027,45.5382
2025-11-13,AST-0027,45.3315
2025-11-14,AST-0027,46.0559
2025-11-17,AST-0027,46.8058
2025-11-18,AST-0027,47.2865
2025-11-19,AST-0027,45.974
2025-11-20,AST-0027,47.3032
2025-11-21,AST-0027,47.3351
2025-11-24,AST-0027,47.7458
2025-11-25,AST-0027,47.3006
2025-11-26,AST-0027,47.3158
2025-11-27,AST-0027,47.0772
2025-11-28,AST-0027,46.1861
2025-12-01,AST-0027,47.5123
2025-12-02,AST-0027,47.0584
2025-12-03,AST-0027,47.7645
2025-12-04,AST-0027,45.5127
2025-12-05,AST-0027,46.2921
2025-12-08,AST-0027,45.8059
2025-12-09,AST-0027,45.1973
2025-12-10,AST-0027,43.5633
2025-12-11,AST-0027,42.5473
2025-12-12,AST-0027,42.9335
2025-12-15,AST-0027,42.8411
2025-12-16,AST-0027,43.4596
2025-12-17,AST-0027,43.4605
2025-12-18,AST-0027,43.2556
2025-12-19,AST-0027,42.7725
2025-12-22,AST-0027,43.2952
2025-12-23,AST-0027,42.2959
2025-12-24,AST-0027,41.85
2025-12-25,AST-0027,41.839
2025-12-26,AST-0027,41.4488
2025-12-29,AST-0027,40.3115
2025-12-30,AST-0027,39.4172
2025-12-31,AST-0027,39.0568
2026-01-01,AST-0027,39.6561
2026-01-02,AST-0027,39.2647
2026-01-05,AST-0027,39.5953
2026-01-06,AST-0027,40.4345
2026-01-07,AST-0027,40.3407
2026-01-08,AST-0027,40.6931
2026-01-09,AST-0027,42.2638
2026-01-12,AST-0027,43.0946
2026-01-13,AST-0027,42.7344
2026-01-14,AST-0027,41.1262
2026-01-15,AST-0027,42.3034
2026-01-16,AST-0027,42.7691
2026-01-19,AST-0027,42.6027
2026-01-20,AST-0027,42.652
2026-01-21,AST-0027,43.3431
2026-01-22,AST-0027,43.1135
2026-01-23,AST-0027,42.9516
2026-01-26,AST-0027,41.9702
2026-01-27,AST-0027,42.2032
2026-01-28,AST-0027,40.5545
2026-01-29,AST-0027,41.1437
2026-01-30,AST-0027,42.9878
2026-02-02,AST-0027,43.5551
2026-02-03,AST-0027,43.0899
2026-02-04,AST-0027,43.5675
2026-02-05,AST-0027,43.3849
2026-02-06,AST-0027,43.2037
2026-02-09,AST-0027,42.0507
2026-02-10,AST-0027,43.4176
2026-02-11,AST-0027,44.2126
2026-02-12,AST-0027,45.0327
2026-02-13,AST-0027,45.2757
2026-02-16,AST-0027,45.7938
2026-02-17,AST-0027,44.5245
2026-02-18,AST-0027,44.4509
2026-02-19,AST-0027,44.2153
2026-02-20,AST-0027,44.3313
2026-02-23,AST-0027,43.6741
2026-02-24,AST-0027,42.3953
2026-02-25,AST-0027,42.9402
2026-02-26,AST-0027,43.8154
2026-02-27,AST-0027,44.3498
2026-03-02,AST-0027,44.3367
2026-03-03,AST-0027,45.066
2026-03-04,AST-0027,45.2509
2026-03-05,AST-0027,45.6912
2026-03-06,AST-0027,45.5825
2026-03-09,AST-0027,45.169
2026-03-10,AST-0027,45.832
2026-03-11,AST-0027,46.3957
2026-03-12,AST-0027,49.247
2026-03-13,AST-0027,48.7476
2026-03-16,AST-0027,48.6004
2026-03-17,AST-0027,51.0281
2026-03-18,AST-0027,52.0225
2026-03-19,AST-0027,52.7064
2026-03-20,AST-0027,51.6684
2026-03-23,AST-0027,51.8766
2026-03-24,AST-0027,51.9298
2026-03-25,AST-0027,52.3747
2026-03-26,AST-0027,53.897
2026-03-27,AST-0027,54.0352
2026-03-30,AST-0027,54.3604
2026-03-31,AST-0027,54.6909
2026-04-01,AST-0027,53.6351
2026-04-02,AST-0027,53.2244
2026-04-03,AST-0027,51.3031
2026-04-06,AST-0027,50.794
2026-04-07,AST-0027,49.8228
2026-04-08,AST-0027,49.5482
2026-04-09,AST-0027,51.3135
2026-04-10,AST-0027,49.7996
2026-04-13,AST-0027,49.2564
2026-04-14,AST-0027,48.9964
2026-04-15,AST-0027,49.4674
2026-04-16,AST-0027,50.3133
2026-04-17,AST-0027,49.9539
2026-04-20,AST-0027,49.6184
2026-04-21,AST-0027,51.2414
2026-04-22,AST-0027,51.7501
2026-04-23,AST-0027,52.7812
2026-04-24,AST-0027,53.718
2026-04-27,AST-0027,51.9045
2026-04-28,AST-0027,51.5274
2026-04-29,AST-0027,53.1655
2026-04-30,AST-0027,51.3762
2026-05-01,AST-0027,52.4299
2026-05-04,AST-0027,53.1193
2026-05-05,AST-0027,53.5573
2026-05-06,AST-0027,52.1171
2026-05-07,AST-0027,52.2844
2026-05-08,AST-0027,52.6249
2026-05-11,AST-0027,52.2817
2026-05-12,AST-0027,51.5662
2026-05-13,AST-0027,51.2492
2026-05-14,AST-0027,51.2925
2026-05-15,AST-0027,50.9201
2026-05-18,AST-0027,51.2134
2026-05-19,AST-0027,52.3187
2026-05-20,AST-0027,52.1197
2026-05-21,AST-0027,50.6094
2026-05-22,AST-0027,51.6587
2026-05-25,AST-0027,51.4554
2026-05-26,AST-0027,51.958
2026-05-27,AST-0027,52.5283
2026-05-28,AST-0027,53.2545
2026-05-29,AST-0027,53.9485
2026-06-01,AST-0027,53.3398
2026-06-02,AST-0027,53.4404
2026-06-03,AST-0027,53.575
2026-06-04,AST-0027,54.153
2026-06-05,AST-0027,53.9017
2026-06-08,AST-0027,53.233
2026-06-09,AST-0027,54.3256
2026-06-10,AST-0027,54.6979
2026-06-11,AST-0027,54.7861
2026-06-12,AST-0027,54.3389
2026-06-15,AST-0027,53.2219
2026-06-16,AST-0027,51.8538
2026-06-17,AST-0027,51.7627
2026-06-18,AST-0027,51.1355
2026-06-19,AST-0027,51.4791
2026-06-22,AST-0027,50.6091
2026-06-23,AST-0027,49.8538
2026-06-24,AST-0027,50.0252
2026-06-25,AST-0027,51.7142
2026-06-26,AST-0027,52.107
2026-06-29,AST-0027,52.1283
2026-06-30,AST-0027,50.5105
2026-07-01,AST-0027,49.1936
2026-07-02,AST-0027,48.9577
2026-07-03,AST-0027,49.3013
2026-07-06,AST-0027,49.8453
2026-07-07,AST-0027,50.104
2026-07-08,AST-0027,50.7551
2026-07-09,AST-0027,51.3647
2026-07-10,AST-0027,52.5503
2026-07-13,AST-0027,54.6841
2026-07-14,AST-0027,54.067
2026-07-15,AST-0027,53.8562
2026-07-16,AST-0027,53.6014
2026-07-17,AST-0027,55.4898
2026-07-20,AST-0027,54.9839
2026-07-21,AST-0027,55.6413
2026-07-22,AST-0027,53.9327
2026-07-23,AST-0027,53.9491
2026-07-24,AST-0027,55.6504
2026-07-27,AST-0027,55.9104
2026-07-28,AST-0027,55.1332
2026-07-29,AST-0027,54.6806
2026-07-30,AST-0027,55.2125
2026-07-31,AST-0027,57.3832
2026-08-03,AST-0027,58.5986
2026-08-04,AST-0027,58.5063
2026-08-05,AST-0027,58.2633
2026-08-06,AST-0027,59.3156
2026-08-07,AST-0027,59.1893
2025-07-28,AST-0028,229.9107
2025-07-29,AST-0028,233.0029
2025-07-30,AST-0028,239.5594
2025-07-31,AST-0028,237.0567
2025-08-01,AST-0028,235.0278
2025-08-04,AST-0028,242.3321
2025-08-05,AST-0028,251.3776
2025-08-06,AST-0028,247.4844
2025-08-07,AST-0028,240.8718
2025-08-08,AST-0028,234.2863
2025-08-11,AST-0028,237.9088
2025-08-12,AST-0028,236.1258
2025-08-13,AST-0028,233.9205
2025-08-14,AST-0028,226.8305
2025-08-15,AST-0028,232.6469
2025-08-18,AST-0028,232.9594
2025-08-19,AST-0028,233.7913
2025-08-20,AST-0028,244.0341
2025-08-21,AST-0028,245.9119
2025-08-22,AST-0028,255.0173
2025-08-25,AST-0028,256.235
2025-08-26,AST-0028,252.742
2025-08-27,AST-0028,248.067
2025-08-28,AST-0028,247.5488
2025-08-29,AST-0028,247.5652
2025-09-01,AST-0028,240.0291
2025-09-02,AST-0028,242.0237
2025-09-03,AST-0028,235.5536
2025-09-04,AST-0028,234.7946
2025-09-05,AST-0028,239.1966
2025-09-08,AST-0028,238.7249
2025-09-09,AST-0028,238.9397
2025-09-10,AST-0028,238.2865
2025-09-11,AST-0028,232.8471
2025-09-12,AST-0028,226.4404
2025-09-15,AST-0028,226.1936
2025-09-16,AST-0028,226.5033
2025-09-17,AST-0028,232.4662
2025-09-18,AST-0028,235.4384
2025-09-19,AST-0028,238.856
2025-09-22,AST-0028,243.2905
2025-09-23,AST-0028,244.4681
2025-09-24,AST-0028,248.6101
2025-09-25,AST-0028,252.6499
2025-09-26,AST-0028,257.0991
2025-09-29,AST-0028,265.0376
2025-09-30,AST-0028,264.1346
2025-10-01,AST-0028,268.9333
2025-10-02,AST-0028,266.2513
2025-10-03,AST-0028,265.1588
2025-10-06,AST-0028,260.0179
2025-10-07,AST-0028,256.3152
2025-10-08,AST-0028,255.2763
2025-10-09,AST-0028,262.7607
2025-10-10,AST-0028,265.4376
2025-10-13,AST-0028,267.8666
2025-10-14,AST-0028,266.6806
2025-10-15,AST-0028,263.1032
2025-10-16,AST-0028,262.1678
2025-10-17,AST-0028,256.4088
2025-10-20,AST-0028,250.9149
2025-10-21,AST-0028,250.6372
2025-10-22,AST-0028,249.0364
2025-10-23,AST-0028,250.2442
2025-10-24,AST-0028,252.09
2025-10-27,AST-0028,252.5691
2025-10-28,AST-0028,255.262
2025-10-29,AST-0028,261.1198
2025-10-30,AST-0028,263.0333
2025-10-31,AST-0028,263.5818
2025-11-03,AST-0028,272.1028
2025-11-04,AST-0028,272.5228
2025-11-05,AST-0028,265.4149
2025-11-06,AST-0028,266.4852
2025-11-07,AST-0028,272.4922
2025-11-10,AST-0028,285.7239
2025-11-11,AST-0028,277.5822
2025-11-12,AST-0028,275.843
2025-11-13,AST-0028,269.1185
2025-11-14,AST-0028,273.9184
2025-11-17,AST-0028,282.1877
2025-11-18,AST-0028,285.2685
2025-11-19,AST-0028,286.6748
2025-11-20,AST-0028,283.9499
2025-11-21,AST-0028,290.2185
2025-11-24,AST-0028,288.5873
2025-11-25,AST-0028,286.6607
2025-11-26,AST-0028,283.0232
2025-11-27,AST-0028,286.5354
2025-11-28,AST-0028,283.6456
2025-12-01,AST-0028,279.1509
2025-12-02,AST-0028,281.2062
2025-12-03,AST-0028,287.6494
2025-12-04,AST-0028,280.0278
2025-12-05,AST-0028,275.5231
2025-12-08,AST-0028,267.2393
2025-12-09,AST-0028,267.5226
2025-12-10,AST-0028,261.7475
2025-12-11,AST-0028,252.4889
2025-12-12,AST-0028,250.0273
2025-12-15,AST-0028,243.1481
2025-12-16,AST-0028,243.6306
2025-12-17,AST-0028,241.6186
2025-12-18,AST-0028,235.8615
2025-12-19,AST-0028,235.8046
2025-12-22,AST-0028,230.6223
2025-12-23,AST-0028,232.1745
2025-12-24,AST-0028,232.2664
2025-12-25,AST-0028,230.8796
2025-12-26,AST-0028,229.8812
2025-12-29,AST-0028,232.2525
2025-12-30,AST-0028,229.7975
2025-12-31,AST-0028,229.2065
2026-01-01,AST-0028,226.7028
2026-01-02,AST-0028,232.1417
2026-01-05,AST-0028,232.1138
2026-01-06,AST-0028,238.9024
2026-01-07,AST-0028,236.9337
2026-01-08,AST-0028,241.4333
2026-01-09,AST-0028,244.474
2026-01-12,AST-0028,240.6787
2026-01-13,AST-0028,235.359
2026-01-14,AST-0028,240.7486
2026-01-15,AST-0028,238.3128
2026-01-16,AST-0028,237.1386
2026-01-19,AST-0028,234.1273
2026-01-20,AST-0028,232.141
2026-01-21,AST-0028,231.7663
2026-01-22,AST-0028,227.8003
2026-01-23,AST-0028,226.5687
2026-01-26,AST-0028,233.517
2026-01-27,AST-0028,230.0544
2026-01-28,AST-0028,227.8641
2026-01-29,AST-0028,228.4422
2026-01-30,AST-0028,220.8336
2026-02-02,AST-0028,220.7064
2026-02-03,AST-0028,219.1189
2026-02-04,AST-0028,212.251
2026-02-05,AST-0028,214.8479
2026-02-06,AST-0028,210.7592
2026-02-09,AST-0028,208.6386
2026-02-10,AST-0028,210.8579
2026-02-11,AST-0028,211.4835
2026-02-12,AST-0028,210.6982
2026-02-13,AST-0028,213.5579
2026-02-16,AST-0028,216.4905
2026-02-17,AST-0028,207.3656
2026-02-18,AST-0028,205.5813
2026-02-19,AST-0028,208.8839
2026-02-20,AST-0028,207.6381
2026-02-23,AST-0028,208.5441
2026-02-24,AST-0028,205.7177
2026-02-25,AST-0028,201.0306
2026-02-26,AST-0028,198.709
2026-02-27,AST-0028,196.2553
2026-03-02,AST-0028,200.3561
2026-03-03,AST-0028,198.338
2026-03-04,AST-0028,207.4048
2026-03-05,AST-0028,208.0686
2026-03-06,AST-0028,209.7082
2026-03-09,AST-0028,211.1348
2026-03-10,AST-0028,205.1018
2026-03-11,AST-0028,211.9648
2026-03-12,AST-0028,216.4834
2026-03-13,AST-0028,220.1109
2026-03-16,AST-0028,220.8405
2026-03-17,AST-0028,217.6294
2026-03-18,AST-0028,217.2542
2026-03-19,AST-0028,216.5607
2026-03-20,AST-0028,217.431
2026-03-23,AST-0028,216.8782
2026-03-24,AST-0028,214.605
2026-03-25,AST-0028,216.5788
2026-03-26,AST-0028,221.5254
2026-03-27,AST-0028,220.1837
2026-03-30,AST-0028,227.8884
2026-03-31,AST-0028,233.3177
2026-04-01,AST-0028,232.3136
2026-04-02,AST-0028,229.2219
2026-04-03,AST-0028,230.598
2026-04-06,AST-0028,221.9008
2026-04-07,AST-0028,220.0615
2026-04-08,AST-0028,221.6421
2026-04-09,AST-0028,225.1595
2026-04-10,AST-0028,231.9838
2026-04-13,AST-0028,230.893
2026-04-14,AST-0028,230.2383
2026-04-15,AST-0028,238.1466
2026-04-16,AST-0028,236.9565
2026-04-17,AST-0028,236.0445
2026-04-20,AST-0028,234.2316
2026-04-21,AST-0028,232.8901
2026-04-22,AST-0028,232.0132
2026-04-23,AST-0028,232.2148
2026-04-24,AST-0028,232.8352
2026-04-27,AST-0028,227.3399
2026-04-28,AST-0028,228.5213
2026-04-29,AST-0028,232.3067
2026-04-30,AST-0028,234.2903
2026-05-01,AST-0028,237.2529
2026-05-04,AST-0028,232.321
2026-05-05,AST-0028,230.7807
2026-05-06,AST-0028,230.9045
2026-05-07,AST-0028,233.2632
2026-05-08,AST-0028,232.2076
2026-05-11,AST-0028,234.0567
2026-05-12,AST-0028,235.4503
2026-05-13,AST-0028,237.2865
2026-05-14,AST-0028,232.3631
2026-05-15,AST-0028,230.3234
2026-05-18,AST-0028,235.5647
2026-05-19,AST-0028,233.4542
2026-05-20,AST-0028,229.5272
2026-05-21,AST-0028,222.412
2026-05-22,AST-0028,221.4498
2026-05-25,AST-0028,216.9498
2026-05-26,AST-0028,220.6868
2026-05-27,AST-0028,221.7611
2026-05-28,AST-0028,219.1349
2026-05-29,AST-0028,214.7836
2026-06-01,AST-0028,219.5891
2026-06-02,AST-0028,219.3791
2026-06-03,AST-0028,223.6953
2026-06-04,AST-0028,224.7467
2026-06-05,AST-0028,226.2258
2026-06-08,AST-0028,230.9328
2026-06-09,AST-0028,226.3427
2026-06-10,AST-0028,231.595
2026-06-11,AST-0028,229.8611
2026-06-12,AST-0028,222.2356
2026-06-15,AST-0028,221.2986
2026-06-16,AST-0028,223.9226
2026-06-17,AST-0028,224.7721
2026-06-18,AST-0028,225.4482
2026-06-19,AST-0028,220.1038
2026-06-22,AST-0028,219.2364
2026-06-23,AST-0028,218.5458
2026-06-24,AST-0028,215.888
2026-06-25,AST-0028,218.6892
2026-06-26,AST-0028,217.2025
2026-06-29,AST-0028,218.8598
2026-06-30,AST-0028,215.0047
2026-07-01,AST-0028,212.4006
2026-07-02,AST-0028,213.3027
2026-07-03,AST-0028,220.2122
2026-07-06,AST-0028,224.8295
2026-07-07,AST-0028,223.5602
2026-07-08,AST-0028,222.7688
2026-07-09,AST-0028,224.8814
2026-07-10,AST-0028,225.263
2026-07-13,AST-0028,220.6721
2026-07-14,AST-0028,220.8028
2026-07-15,AST-0028,220.8201
2026-07-16,AST-0028,222.5746
2026-07-17,AST-0028,227.7651
2026-07-20,AST-0028,233.221
2026-07-21,AST-0028,233.4172
2026-07-22,AST-0028,238.1295
2026-07-23,AST-0028,233.4055
2026-07-24,AST-0028,231.2051
2026-07-27,AST-0028,228.1937
2026-07-28,AST-0028,227.2028
2026-07-29,AST-0028,237.0795
2026-07-30,AST-0028,234.2645
2026-07-31,AST-0028,231.474
2026-08-03,AST-0028,235.3567
2026-08-04,AST-0028,234.2191
2026-08-05,AST-0028,227.6676
2026-08-06,AST-0028,226.4586
2026-08-07,AST-0028,223.6762
2025-07-28,AST-0029,131.6589
2025-07-29,AST-0029,134.3084
2025-07-30,AST-0029,132.7706
2025-07-31,AST-0029,133.9911
2025-08-01,AST-0029,134.0782
2025-08-04,AST-0029,137.7923
2025-08-05,AST-0029,136.0406
2025-08-06,AST-0029,133.5039
2025-08-07,AST-0029,133.4265
2025-08-08,AST-0029,133.6583
2025-08-11,AST-0029,132.9253
2025-08-12,AST-0029,132.0492
2025-08-13,AST-0029,129.8901
2025-08-14,AST-0029,128.9748
2025-08-15,AST-0029,129.3433
2025-08-18,AST-0029,125.72
2025-08-19,AST-0029,125.4767
2025-08-20,AST-0029,127.7696
2025-08-21,AST-0029,130.4188
2025-08-22,AST-0029,129.8336
2025-08-25,AST-0029,129.3834
2025-08-26,AST-0029,129.718
2025-08-27,AST-0029,129.099
2025-08-28,AST-0029,130.6342
2025-08-29,AST-0029,134.7023
2025-09-01,AST-0029,136.6325
2025-09-02,AST-0029,131.4243
2025-09-03,AST-0029,128.3814
2025-09-04,AST-0029,127.7991
2025-09-05,AST-0029,130.7519
2025-09-08,AST-0029,131.3691
2025-09-09,AST-0029,132.3342
2025-09-10,AST-0029,132.825
2025-09-11,AST-0029,131.4928
2025-09-12,AST-0029,135.2352
2025-09-15,AST-0029,135.0103
2025-09-16,AST-0029,137.0478
2025-09-17,AST-0029,140.8783
2025-09-18,AST-0029,145.6574
2025-09-19,AST-0029,142.5369
2025-09-22,AST-0029,145.3518
2025-09-23,AST-0029,138.9897
2025-09-24,AST-0029,137.5869
2025-09-25,AST-0029,137.4337
2025-09-26,AST-0029,136.614
2025-09-29,AST-0029,138.5759
2025-09-30,AST-0029,136.7319
2025-10-01,AST-0029,138.8025
2025-10-02,AST-0029,134.2229
2025-10-03,AST-0029,135.051
2025-10-06,AST-0029,135.9142
2025-10-07,AST-0029,138.9813
2025-10-08,AST-0029,140.6522
2025-10-09,AST-0029,141.8123
2025-10-10,AST-0029,145.4732
2025-10-13,AST-0029,141.1797
2025-10-14,AST-0029,143.9554
2025-10-15,AST-0029,143.5047
2025-10-16,AST-0029,139.6453
2025-10-17,AST-0029,140.3765
2025-10-20,AST-0029,139.6135
2025-10-21,AST-0029,142.2375
2025-10-22,AST-0029,138.9266
2025-10-23,AST-0029,139.4971
2025-10-24,AST-0029,139.4618
2025-10-27,AST-0029,141.5346
2025-10-28,AST-0029,140.5586
2025-10-29,AST-0029,138.8804
2025-10-30,AST-0029,140.3086
2025-10-31,AST-0029,143.9699
2025-11-03,AST-0029,139.2864
2025-11-04,AST-0029,138.0639
2025-11-05,AST-0029,138.7088
2025-11-06,AST-0029,137.7999
2025-11-07,AST-0029,138.0622
2025-11-10,AST-0029,138.9432
2025-11-11,AST-0029,140.9354
2025-11-12,AST-0029,138.4498
2025-11-13,AST-0029,139.4246
2025-11-14,AST-0029,136.9803
2025-11-17,AST-0029,135.5128
2025-11-18,AST-0029,132.3714
2025-11-19,AST-0029,132.8209
2025-11-20,AST-0029,132.2765
2025-11-21,AST-0029,130.5788
2025-11-24,AST-0029,129.7892
2025-11-25,AST-0029,130.8413
2025-11-26,AST-0029,130.0034
2025-11-27,AST-0029,132.3952
2025-11-28,AST-0029,130.2027
2025-12-01,AST-0029,131.301
2025-12-02,AST-0029,129.8652
2025-12-03,AST-0029,130.4938
2025-12-04,AST-0029,130.7392
2025-12-05,AST-0029,130.656
2025-12-08,AST-0029,128.1865
2025-12-09,AST-0029,124.6849
2025-12-10,AST-0029,128.6373
2025-12-11,AST-0029,127.3719
2025-12-12,AST-0029,129.323
2025-12-15,AST-0029,132.7288
2025-12-16,AST-0029,132.8813
2025-12-17,AST-0029,135.6583
2025-12-18,AST-0029,133.802
2025-12-19,AST-0029,134.0756
2025-12-22,AST-0029,135.0042
2025-12-23,AST-0029,130.1952
2025-12-24,AST-0029,129.4459
2025-12-25,AST-0029,129.3847
2025-12-26,AST-0029,130.2291
2025-12-29,AST-0029,131.9093
2025-12-30,AST-0029,132.917
2025-12-31,AST-0029,136.4328
2026-01-01,AST-0029,139.009
2026-01-02,AST-0029,144.2617
2026-01-05,AST-0029,142.337
2026-01-06,AST-0029,141.025
2026-01-07,AST-0029,139.4545
2026-01-08,AST-0029,137.7998
2026-01-09,AST-0029,140.8145
2026-01-12,AST-0029,140.5159
2026-01-13,AST-0029,142.7275
2026-01-14,AST-0029,140.6775
2026-01-15,AST-0029,140.8815
2026-01-16,AST-0029,142.8374
2026-01-19,AST-0029,140.2838
2026-01-20,AST-0029,138.7377
2026-01-21,AST-0029,139.4665
2026-01-22,AST-0029,143.3204
2026-01-23,AST-0029,143.055
2026-01-26,AST-0029,141.0265
2026-01-27,AST-0029,138.1867
2026-01-28,AST-0029,139.1726
2026-01-29,AST-0029,135.9715
2026-01-30,AST-0029,135.0514
2026-02-02,AST-0029,133.3432
2026-02-03,AST-0029,134.7659
2026-02-04,AST-0029,132.1998
2026-02-05,AST-0029,132.7177
2026-02-06,AST-0029,134.2041
2026-02-09,AST-0029,133.4494
2026-02-10,AST-0029,136.4146
2026-02-11,AST-0029,138.4654
2026-02-12,AST-0029,140.3197
2026-02-13,AST-0029,140.7557
2026-02-16,AST-0029,139.1885
2026-02-17,AST-0029,138.7692
2026-02-18,AST-0029,138.1574
2026-02-19,AST-0029,138.4224
2026-02-20,AST-0029,137.3924
2026-02-23,AST-0029,133.2721
2026-02-24,AST-0029,131.8833
2026-02-25,AST-0029,130.7493
2026-02-26,AST-0029,128.7919
2026-02-27,AST-0029,131.1389
2026-03-02,AST-0029,127.8835
2026-03-03,AST-0029,125.8927
2026-03-04,AST-0029,125.5913
2026-03-05,AST-0029,129.7759
2026-03-06,AST-0029,129.8235
2026-03-09,AST-0029,126.3774
2026-03-10,AST-0029,126.5864
2026-03-11,AST-0029,131.3078
2026-03-12,AST-0029,133.6108
2026-03-13,AST-0029,133.9105
2026-03-16,AST-0029,133.7111
2026-03-17,AST-0029,135.5683
2026-03-18,AST-0029,132.563
2026-03-19,AST-0029,134.3759
2026-03-20,AST-0029,133.8057
2026-03-23,AST-0029,134.2782
2026-03-24,AST-0029,134.3517
2026-03-25,AST-0029,132.4432
2026-03-26,AST-0029,132.3405
2026-03-27,AST-0029,134.6136
2026-03-30,AST-0029,133.4418
2026-03-31,AST-0029,132.2935
2026-04-01,AST-0029,132.2099
2026-04-02,AST-0029,132.4423
2026-04-03,AST-0029,132.6065
2026-04-06,AST-0029,129.1549
2026-04-07,AST-0029,125.6887
2026-04-08,AST-0029,125.8735
2026-04-09,AST-0029,122.9613
2026-04-10,AST-0029,125.8511
2026-04-13,AST-0029,125.0869
2026-04-14,AST-0029,124.3655
2026-04-15,AST-0029,128.9636
2026-04-16,AST-0029,134.1984
2026-04-17,AST-0029,135.9006
2026-04-20,AST-0029,136.0916
2026-04-21,AST-0029,134.6135
2026-04-22,AST-0029,136.0368
2026-04-23,AST-0029,137.8356
2026-04-24,AST-0029,141.0543
2026-04-27,AST-0029,137.5783
2026-04-28,AST-0029,143.2192
2026-04-29,AST-0029,143.2954
2026-04-30,AST-0029,141.7914
2026-05-01,AST-0029,139.5786
2026-05-04,AST-0029,145.7922
2026-05-05,AST-0029,145.7716
2026-05-06,AST-0029,143.169
2026-05-07,AST-0029,141.9697
2026-05-08,AST-0029,140.2562
2026-05-11,AST-0029,142.7898
2026-05-12,AST-0029,145.0873
2026-05-13,AST-0029,142.2574
2026-05-14,AST-0029,139.0254
2026-05-15,AST-0029,134.1549
2026-05-18,AST-0029,136.8445
2026-05-19,AST-0029,137.6132
2026-05-20,AST-0029,140.1955
2026-05-21,AST-0029,136.191
2026-05-22,AST-0029,136.7494
2026-05-25,AST-0029,136.9757
2026-05-26,AST-0029,137.7621
2026-05-27,AST-0029,134.4169
2026-05-28,AST-0029,137.965
2026-05-29,AST-0029,141.0547
2026-06-01,AST-0029,143.4325
2026-06-02,AST-0029,142.7471
2026-06-03,AST-0029,145.4658
2026-06-04,AST-0029,146.3443
2026-06-05,AST-0029,149.7932
2026-06-08,AST-0029,152.0311
2026-06-09,AST-0029,148.9611
2026-06-10,AST-0029,149.8574
2026-06-11,AST-0029,149.1891
2026-06-12,AST-0029,149.3078
2026-06-15,AST-0029,150.2487
2026-06-16,AST-0029,150.08
2026-06-17,AST-0029,146.8263
2026-06-18,AST-0029,149.2219
2026-06-19,AST-0029,148.3017
2026-06-22,AST-0029,144.862
2026-06-23,AST-0029,143.3004
2026-06-24,AST-0029,141.7393
2026-06-25,AST-0029,141.9696
2026-06-26,AST-0029,147.8451
2026-06-29,AST-0029,147.8745
2026-06-30,AST-0029,148.0742
2026-07-01,AST-0029,150.9219
2026-07-02,AST-0029,147.6134
2026-07-03,AST-0029,148.5216
2026-07-06,AST-0029,151.2015
2026-07-07,AST-0029,152.2824
2026-07-08,AST-0029,151.6702
2026-07-09,AST-0029,154.2559
2026-07-10,AST-0029,150.2942
2026-07-13,AST-0029,149.5233
2026-07-14,AST-0029,148.6375
2026-07-15,AST-0029,148.0164
2026-07-16,AST-0029,145.471
2026-07-17,AST-0029,146.5031
2026-07-20,AST-0029,149.6162
2026-07-21,AST-0029,151.4426
2026-07-22,AST-0029,149.7328
2026-07-23,AST-0029,148.9222
2026-07-24,AST-0029,153.4535
2026-07-27,AST-0029,151.6065
2026-07-28,AST-0029,151.5686
2026-07-29,AST-0029,152.0219
2026-07-30,AST-0029,152.6827
2026-07-31,AST-0029,151.3574
2026-08-03,AST-0029,150.5228
2026-08-04,AST-0029,149.9157
2026-08-05,AST-0029,146.6284
2026-08-06,AST-0029,149.6933
2026-08-07,AST-0029,148.6713
2025-07-28,AST-0030,70.0066
2025-07-29,AST-0030,68.5558
2025-07-30,AST-0030,69.1213
2025-07-31,AST-0030,69.0539
2025-08-01,AST-0030,70.9605
2025-08-04,AST-0030,74.1035
2025-08-05,AST-0030,74.499
2025-08-06,AST-0030,75.0364
2025-08-07,AST-0030,75.9788
2025-08-08,AST-0030,78.5159
2025-08-11,AST-0030,78.5489
2025-08-12,AST-0030,76.1778
2025-08-13,AST-0030,74.8665
2025-08-14,AST-0030,74.9327
2025-08-15,AST-0030,74.4874
2025-08-18,AST-0030,72.8087
2025-08-19,AST-0030,73.649
2025-08-20,AST-0030,71.4898
2025-08-21,AST-0030,71.2207
2025-08-22,AST-0030,71.0536
2025-08-25,AST-0030,69.4524
2025-08-26,AST-0030,69.9742
2025-08-27,AST-0030,70.4457
2025-08-28,AST-0030,72.6996
2025-08-29,AST-0030,71.5304
2025-09-01,AST-0030,71.6412
2025-09-02,AST-0030,71.0467
2025-09-03,AST-0030,71.7614
2025-09-04,AST-0030,71.2474
2025-09-05,AST-0030,72.6658
2025-09-08,AST-0030,72.2621
2025-09-09,AST-0030,74.6222
2025-09-10,AST-0030,74.2756
2025-09-11,AST-0030,73.2922
2025-09-12,AST-0030,73.1479
2025-09-15,AST-0030,71.7889
2025-09-16,AST-0030,72.9668
2025-09-17,AST-0030,73.5193
2025-09-18,AST-0030,72.3502
2025-09-19,AST-0030,72.8526
2025-09-22,AST-0030,76.1655
2025-09-23,AST-0030,75.4607
2025-09-24,AST-0030,73.1627
2025-09-25,AST-0030,74.0472
2025-09-26,AST-0030,74.0493
2025-09-29,AST-0030,74.1041
2025-09-30,AST-0030,76.5437
2025-10-01,AST-0030,76.2468
2025-10-02,AST-0030,77.0873
2025-10-03,AST-0030,76.9657
2025-10-06,AST-0030,78.6936
2025-10-07,AST-0030,77.3569
2025-10-08,AST-0030,77.8885
2025-10-09,AST-0030,78.7563
2025-10-10,AST-0030,77.7535
2025-10-13,AST-0030,77.4658
2025-10-14,AST-0030,78.801
2025-10-15,AST-0030,80.6308
2025-10-16,AST-0030,82.2721
2025-10-17,AST-0030,82.9567
2025-10-20,AST-0030,83.9675
2025-10-21,AST-0030,81.9921
2025-10-22,AST-0030,82.5656
2025-10-23,AST-0030,83.0076
2025-10-24,AST-0030,83.713
2025-10-27,AST-0030,85.013
2025-10-28,AST-0030,85.8475
2025-10-29,AST-0030,84.2766
2025-10-30,AST-0030,82.8955
2025-10-31,AST-0030,81.7385
2025-11-03,AST-0030,80.6579
2025-11-04,AST-0030,79.9113
2025-11-05,AST-0030,79.0267
2025-11-06,AST-0030,81.4741
2025-11-07,AST-0030,81.8072
2025-11-10,AST-0030,82.45
2025-11-11,AST-0030,82.6669
2025-11-12,AST-0030,85.4884
2025-11-13,AST-0030,87.4574
2025-11-14,AST-0030,89.3337
2025-11-17,AST-0030,91.9361
2025-11-18,AST-0030,92.0254
2025-11-19,AST-0030,91.9018
2025-11-20,AST-0030,91.7155
2025-11-21,AST-0030,93.3737
2025-11-24,AST-0030,93.8066
2025-11-25,AST-0030,93.6948
2025-11-26,AST-0030,94.2531
2025-11-27,AST-0030,92.0972
2025-11-28,AST-0030,91.5508
2025-12-01,AST-0030,94.7148
2025-12-02,AST-0030,97.3235
2025-12-03,AST-0030,98.2818
2025-12-04,AST-0030,96.8311
2025-12-05,AST-0030,96.4905
2025-12-08,AST-0030,95.2705
2025-12-09,AST-0030,93.5665
2025-12-10,AST-0030,91.1072
2025-12-11,AST-0030,88.3823
2025-12-12,AST-0030,88.0276
2025-12-15,AST-0030,86.5569
2025-12-16,AST-0030,85.0574
2025-12-17,AST-0030,87.895
2025-12-18,AST-0030,88.6246
2025-12-19,AST-0030,86.594
2025-12-22,AST-0030,89.2349
2025-12-23,AST-0030,89.6782
2025-12-24,AST-0030,88.0406
2025-12-25,AST-0030,88.4624
2025-12-26,AST-0030,89.7127
2025-12-29,AST-0030,90.8729
2025-12-30,AST-0030,89.7574
2025-12-31,AST-0030,86.9265
2026-01-01,AST-0030,89.0156
2026-01-02,AST-0030,90.5116
2026-01-05,AST-0030,89.0602
2026-01-06,AST-0030,89.1817
2026-01-07,AST-0030,87.47
2026-01-08,AST-0030,90.9855
2026-01-09,AST-0030,94.5674
2026-01-12,AST-0030,95.3767
2026-01-13,AST-0030,95.9574
2026-01-14,AST-0030,96.7297
2026-01-15,AST-0030,95.6982
2026-01-16,AST-0030,95.6195
2026-01-19,AST-0030,94.6003
2026-01-20,AST-0030,92.3335
2026-01-21,AST-0030,92.7194
2026-01-22,AST-0030,92.9158
2026-01-23,AST-0030,92.9037
2026-01-26,AST-0030,95.4613
2026-01-27,AST-0030,95.6441
2026-01-28,AST-0030,93.8908
2026-01-29,AST-0030,96.1985
2026-01-30,AST-0030,96.357
2026-02-02,AST-0030,96.0627
2026-02-03,AST-0030,95.2098
2026-02-04,AST-0030,96.1313
2026-02-05,AST-0030,94.0598
2026-02-06,AST-0030,93.6346
2026-02-09,AST-0030,94.9331
2026-02-10,AST-0030,95.9685
2026-02-11,AST-0030,98.3047
2026-02-12,AST-0030,98.8932
2026-02-13,AST-0030,97.5887
2026-02-16,AST-0030,97.025
2026-02-17,AST-0030,96.509
2026-02-18,AST-0030,96.6586
2026-02-19,AST-0030,98.7587
2026-02-20,AST-0030,98.8676
2026-02-23,AST-0030,97.6395
2026-02-24,AST-0030,101.4373
2026-02-25,AST-0030,103.9763
2026-02-26,AST-0030,104.6794
2026-02-27,AST-0030,104.7297
2026-03-02,AST-0030,105.639
2026-03-03,AST-0030,103.7566
2026-03-04,AST-0030,99.2508
2026-03-05,AST-0030,100.493
2026-03-06,AST-0030,101.6204
2026-03-09,AST-0030,101.1198
2026-03-10,AST-0030,103.6211
2026-03-11,AST-0030,105.4554
2026-03-12,AST-0030,105.9808
2026-03-13,AST-0030,108.2011
2026-03-16,AST-0030,111.5692
2026-03-17,AST-0030,113.0497
2026-03-18,AST-0030,112.0369
2026-03-19,AST-0030,111.7239
2026-03-20,AST-0030,108.0146
2026-03-23,AST-0030,105.6952
2026-03-24,AST-0030,103.8606
2026-03-25,AST-0030,107.8569
2026-03-26,AST-0030,106.5355
2026-03-27,AST-0030,109.0543
2026-03-30,AST-0030,110.1546
2026-03-31,AST-0030,110.9326
2026-04-01,AST-0030,105.8274
2026-04-02,AST-0030,105.6807
2026-04-03,AST-0030,107.5859
2026-04-06,AST-0030,105.7099
2026-04-07,AST-0030,106.3557
2026-04-08,AST-0030,107.603
2026-04-09,AST-0030,105.8998
2026-04-10,AST-0030,103.435
2026-04-13,AST-0030,101.68
2026-04-14,AST-0030,101.6378
2026-04-15,AST-0030,99.7973
2026-04-16,AST-0030,99.163
2026-04-17,AST-0030,98.0925
2026-04-20,AST-0030,98.5188
2026-04-21,AST-0030,98.2039
2026-04-22,AST-0030,98.7398
2026-04-23,AST-0030,100.6717
2026-04-24,AST-0030,102.1148
2026-04-27,AST-0030,101.1238
2026-04-28,AST-0030,102.3059
2026-04-29,AST-0030,102.0543
2026-04-30,AST-0030,98.7457
2026-05-01,AST-0030,98.8965
2026-05-04,AST-0030,100.5663
2026-05-05,AST-0030,102.2341
2026-05-06,AST-0030,99.6538
2026-05-07,AST-0030,97.3927
2026-05-08,AST-0030,98.3991
2026-05-11,AST-0030,100.7617
2026-05-12,AST-0030,102.0995
2026-05-13,AST-0030,100.9991
2026-05-14,AST-0030,100.023
2026-05-15,AST-0030,95.1604
2026-05-18,AST-0030,96.2438
2026-05-19,AST-0030,98.132
2026-05-20,AST-0030,100.1784
2026-05-21,AST-0030,98.6311
2026-05-22,AST-0030,96.8065
2026-05-25,AST-0030,96.2054
2026-05-26,AST-0030,101.376
2026-05-27,AST-0030,101.5818
2026-05-28,AST-0030,101.6886
2026-05-29,AST-0030,101.7816
2026-06-01,AST-0030,102.3345
2026-06-02,AST-0030,100.6443
2026-06-03,AST-0030,101.8035
2026-06-04,AST-0030,102.8618
2026-06-05,AST-0030,100.3534
2026-06-08,AST-0030,102.4659
2026-06-09,AST-0030,103.1085
2026-06-10,AST-0030,103.0955
2026-06-11,AST-0030,99.9708
2026-06-12,AST-0030,99.3346
2026-06-15,AST-0030,96.1897
2026-06-16,AST-0030,98.0986
2026-06-17,AST-0030,96.706
2026-06-18,AST-0030,96.9537
2026-06-19,AST-0030,97.9808
2026-06-22,AST-0030,94.9342
2026-06-23,AST-0030,96.0
2026-06-24,AST-0030,94.3246
2026-06-25,AST-0030,90.9879
2026-06-26,AST-0030,93.3957
2026-06-29,AST-0030,91.6193
2026-06-30,AST-0030,94.4562
2026-07-01,AST-0030,92.6128
2026-07-02,AST-0030,91.5121
2026-07-03,AST-0030,93.6447
2026-07-06,AST-0030,96.8714
2026-07-07,AST-0030,95.1779
2026-07-08,AST-0030,96.8857
2026-07-09,AST-0030,98.1531
2026-07-10,AST-0030,98.3369
2026-07-13,AST-0030,96.9503
2026-07-14,AST-0030,94.9491
2026-07-15,AST-0030,94.7959
2026-07-16,AST-0030,93.6901
2026-07-17,AST-0030,92.554
2026-07-20,AST-0030,93.3745
2026-07-21,AST-0030,96.0575
2026-07-22,AST-0030,94.5403
2026-07-23,AST-0030,92.6397
2026-07-24,AST-0030,94.4645
2026-07-27,AST-0030,96.8914
2026-07-28,AST-0030,99.7303
2026-07-29,AST-0030,101.9821
2026-07-30,AST-0030,101.7206
2026-07-31,AST-0030,102.6761
2026-08-03,AST-0030,101.8103
2026-08-04,AST-0030,103.5429
2026-08-05,AST-0030,100.9345
2026-08-06,AST-0030,101.3815
2026-08-07,AST-0030,97.6176
2025-07-28,AST-0031,90.3395
2025-07-29,AST-0031,90.6597
2025-07-30,AST-0031,90.5524
2025-07-31,AST-0031,89.7499
2025-08-01,AST-0031,89.9041
2025-08-04,AST-0031,90.4603
2025-08-05,AST-0031,90.7254
2025-08-06,AST-0031,89.9728
2025-08-07,AST-0031,89.8399
2025-08-08,AST-0031,90.426
2025-08-11,AST-0031,90.4084
2025-08-12,AST-0031,90.4297
2025-08-13,AST-0031,89.2559
2025-08-14,AST-0031,88.859
2025-08-15,AST-0031,89.1286
2025-08-18,AST-0031,89.0524
2025-08-19,AST-0031,89.0784
2025-08-20,AST-0031,89.5739
2025-08-21,AST-0031,89.5134
2025-08-22,AST-0031,89.9341
2025-08-25,AST-0031,89.654
2025-08-26,AST-0031,90.2075
2025-08-27,AST-0031,89.9877
2025-08-28,AST-0031,90.1544
2025-08-29,AST-0031,89.4352
2025-09-01,AST-0031,89.9681
2025-09-02,AST-0031,90.3934
2025-09-03,AST-0031,90.4287
2025-09-04,AST-0031,89.7695
2025-09-05,AST-0031,90.299
2025-09-08,AST-0031,89.4469
2025-09-09,AST-0031,88.7971
2025-09-10,AST-0031,89.1193
2025-09-11,AST-0031,89.4646
2025-09-12,AST-0031,88.9559
2025-09-15,AST-0031,89.1007
2025-09-16,AST-0031,89.7311
2025-09-17,AST-0031,89.2405
2025-09-18,AST-0031,89.0609
2025-09-19,AST-0031,88.7836
2025-09-22,AST-0031,89.3652
2025-09-23,AST-0031,90.0041
2025-09-24,AST-0031,89.8496
2025-09-25,AST-0031,89.5531
2025-09-26,AST-0031,89.3883
2025-09-29,AST-0031,89.1939
2025-09-30,AST-0031,88.9952
2025-10-01,AST-0031,89.2358
2025-10-02,AST-0031,88.5002
2025-10-03,AST-0031,88.3252
2025-10-06,AST-0031,88.013
2025-10-07,AST-0031,88.1542
2025-10-08,AST-0031,88.3865
2025-10-09,AST-0031,88.2793
2025-10-10,AST-0031,88.6884
2025-10-13,AST-0031,88.6148
2025-10-14,AST-0031,88.6962
2025-10-15,AST-0031,88.2762
2025-10-16,AST-0031,88.5664
2025-10-17,AST-0031,88.6815
2025-10-20,AST-0031,89.1273
2025-10-21,AST-0031,89.6872
2025-10-22,AST-0031,89.7996
2025-10-23,AST-0031,90.179
2025-10-24,AST-0031,90.9015
2025-10-27,AST-0031,90.9395
2025-10-28,AST-0031,90.3695
2025-10-29,AST-0031,90.3848
2025-10-30,AST-0031,90.0719
2025-10-31,AST-0031,89.5863
2025-11-03,AST-0031,90.0316
2025-11-04,AST-0031,90.4216
2025-11-05,AST-0031,90.5657
2025-11-06,AST-0031,90.3959
2025-11-07,AST-0031,90.9309
2025-11-10,AST-0031,91.7405
2025-11-11,AST-0031,91.6223
2025-11-12,AST-0031,91.2801
2025-11-13,AST-0031,91.6989
2025-11-14,AST-0031,91.8148
2025-11-17,AST-0031,91.9136
2025-11-18,AST-0031,91.9654
2025-11-19,AST-0031,92.4688
2025-11-20,AST-0031,91.9812
2025-11-21,AST-0031,92.9154
2025-11-24,AST-0031,92.6811
2025-11-25,AST-0031,92.0386
2025-11-26,AST-0031,92.1201
2025-11-27,AST-0031,92.5984
2025-11-28,AST-0031,92.1611
2025-12-01,AST-0031,92.3173
2025-12-02,AST-0031,92.1911
2025-12-03,AST-0031,92.8555
2025-12-04,AST-0031,93.5432
2025-12-05,AST-0031,93.4396
2025-12-08,AST-0031,93.1963
2025-12-09,AST-0031,92.9823
2025-12-10,AST-0031,91.8728
2025-12-11,AST-0031,91.7232
2025-12-12,AST-0031,91.9016
2025-12-15,AST-0031,92.0796
2025-12-16,AST-0031,92.3995
2025-12-17,AST-0031,92.2525
2025-12-18,AST-0031,91.8845
2025-12-19,AST-0031,91.7099
2025-12-22,AST-0031,92.4157
2025-12-23,AST-0031,92.4504
2025-12-24,AST-0031,92.2868
2025-12-25,AST-0031,92.1559
2025-12-26,AST-0031,92.7817
2025-12-29,AST-0031,93.0705
2025-12-30,AST-0031,92.9409
2025-12-31,AST-0031,93.0519
2026-01-01,AST-0031,93.6821
2026-01-02,AST-0031,94.5397
2026-01-05,AST-0031,93.8926
2026-01-06,AST-0031,93.4688
2026-01-07,AST-0031,93.6731
2026-01-08,AST-0031,94.9417
2026-01-09,AST-0031,95.471
2026-01-12,AST-0031,95.5845
2026-01-13,AST-0031,96.3868
2026-01-14,AST-0031,96.351
2026-01-15,AST-0031,95.7847
2026-01-16,AST-0031,95.4166
2026-01-19,AST-0031,96.0072
2026-01-20,AST-0031,96.5927
2026-01-21,AST-0031,96.0822
2026-01-22,AST-0031,96.5183
2026-01-23,AST-0031,96.0156
2026-01-26,AST-0031,96.9026
2026-01-27,AST-0031,96.7793
2026-01-28,AST-0031,95.3771
2026-01-29,AST-0031,95.5564
2026-01-30,AST-0031,95.7051
2026-02-02,AST-0031,95.7414
2026-02-03,AST-0031,95.4076
2026-02-04,AST-0031,95.739
2026-02-05,AST-0031,95.5558
2026-02-06,AST-0031,95.7896
2026-02-09,AST-0031,95.4771
2026-02-10,AST-0031,96.1897
2026-02-11,AST-0031,95.8285
2026-02-12,AST-0031,95.853
2026-02-13,AST-0031,96.3886
2026-02-16,AST-0031,96.3526
2026-02-17,AST-0031,96.7653
2026-02-18,AST-0031,97.3786
2026-02-19,AST-0031,97.2014
2026-02-20,AST-0031,97.1577
2026-02-23,AST-0031,97.6687
2026-02-24,AST-0031,97.8416
2026-02-25,AST-0031,98.2529
2026-02-26,AST-0031,97.9392
2026-02-27,AST-0031,97.5738
2026-03-02,AST-0031,98.2989
2026-03-03,AST-0031,98.0158
2026-03-04,AST-0031,98.2451
2026-03-05,AST-0031,98.1264
2026-03-06,AST-0031,99.0726
2026-03-09,AST-0031,99.3264
2026-03-10,AST-0031,99.749
2026-03-11,AST-0031,100.5387
2026-03-12,AST-0031,100.7745
2026-03-13,AST-0031,101.7028
2026-03-16,AST-0031,101.8868
2026-03-17,AST-0031,102.1734
2026-03-18,AST-0031,101.9228
2026-03-19,AST-0031,102.2612
2026-03-20,AST-0031,101.0718
2026-03-23,AST-0031,101.0938
2026-03-24,AST-0031,100.6712
2026-03-25,AST-0031,100.49
2026-03-26,AST-0031,100.1585
2026-03-27,AST-0031,100.5283
2026-03-30,AST-0031,100.7226
2026-03-31,AST-0031,100.4161
2026-04-01,AST-0031,100.8719
2026-04-02,AST-0031,99.9964
2026-04-03,AST-0031,99.8953
2026-04-06,AST-0031,100.1197
2026-04-07,AST-0031,99.8093
2026-04-08,AST-0031,99.8143
2026-04-09,AST-0031,99.391
2026-04-10,AST-0031,98.9277
2026-04-13,AST-0031,99.2845
2026-04-14,AST-0031,100.1219
2026-04-15,AST-0031,100.7206
2026-04-16,AST-0031,100.8676
2026-04-17,AST-0031,100.0073
2026-04-20,AST-0031,100.172
2026-04-21,AST-0031,99.9669
2026-04-22,AST-0031,100.3313
2026-04-23,AST-0031,100.719
2026-04-24,AST-0031,100.7203
2026-04-27,AST-0031,100.5243
2026-04-28,AST-0031,101.1156
2026-04-29,AST-0031,101.7012
2026-04-30,AST-0031,101.7179
2026-05-01,AST-0031,102.1496
2026-05-04,AST-0031,102.5152
2026-05-05,AST-0031,102.5801
2026-05-06,AST-0031,102.3012
2026-05-07,AST-0031,102.7818
2026-05-08,AST-0031,103.0712
2026-05-11,AST-0031,103.1099
2026-05-12,AST-0031,102.6082
2026-05-13,AST-0031,102.4017
2026-05-14,AST-0031,100.8367
2026-05-15,AST-0031,100.4
2026-05-18,AST-0031,101.0854
2026-05-19,AST-0031,101.1187
2026-05-20,AST-0031,102.0278
2026-05-21,AST-0031,101.148
2026-05-22,AST-0031,101.1129
2026-05-25,AST-0031,100.7889
2026-05-26,AST-0031,101.2169
2026-05-27,AST-0031,102.1273
2026-05-28,AST-0031,101.9295
2026-05-29,AST-0031,102.1091
2026-06-01,AST-0031,101.5343
2026-06-02,AST-0031,101.4012
2026-06-03,AST-0031,101.0471
2026-06-04,AST-0031,101.3721
2026-06-05,AST-0031,101.8371
2026-06-08,AST-0031,103.0146
2026-06-09,AST-0031,102.8045
2026-06-10,AST-0031,103.7259
2026-06-11,AST-0031,103.5574
2026-06-12,AST-0031,103.5331
2026-06-15,AST-0031,103.7026
2026-06-16,AST-0031,103.6198
2026-06-17,AST-0031,103.4945
2026-06-18,AST-0031,102.9291
2026-06-19,AST-0031,102.5345
2026-06-22,AST-0031,102.5447
2026-06-23,AST-0031,102.7343
2026-06-24,AST-0031,102.2398
2026-06-25,AST-0031,102.2885
2026-06-26,AST-0031,102.7145
2026-06-29,AST-0031,102.1486
2026-06-30,AST-0031,102.4458
2026-07-01,AST-0031,101.4771
2026-07-02,AST-0031,101.7852
2026-07-03,AST-0031,102.0273
2026-07-06,AST-0031,101.9403
2026-07-07,AST-0031,101.6295
2026-07-08,AST-0031,101.646
2026-07-09,AST-0031,101.9085
2026-07-10,AST-0031,101.9359
2026-07-13,AST-0031,102.9679
2026-07-14,AST-0031,103.6493
2026-07-15,AST-0031,102.956
2026-07-16,AST-0031,102.2453
2026-07-17,AST-0031,103.0008
2026-07-20,AST-0031,103.5164
2026-07-21,AST-0031,103.4153
2026-07-22,AST-0031,103.6991
2026-07-23,AST-0031,102.8551
2026-07-24,AST-0031,103.8519
2026-07-27,AST-0031,103.4546
2026-07-28,AST-0031,103.5085
2026-07-29,AST-0031,103.4022
2026-07-30,AST-0031,103.399
2026-07-31,AST-0031,102.6537
2026-08-03,AST-0031,103.2965
2026-08-04,AST-0031,103.0957
2026-08-05,AST-0031,103.3876
2026-08-06,AST-0031,103.2364
2026-08-07,AST-0031,103.273
2025-07-28,AST-0032,88.7158
2025-07-29,AST-0032,88.3007
2025-07-30,AST-0032,87.465
2025-07-31,AST-0032,88.3291
2025-08-01,AST-0032,87.7786
2025-08-04,AST-0032,88.1476
2025-08-05,AST-0032,88.2885
2025-08-06,AST-0032,88.756
2025-08-07,AST-0032,89.1799
2025-08-08,AST-0032,89.2902
2025-08-11,AST-0032,89.4799
2025-08-12,AST-0032,89.6749
2025-08-13,AST-0032,89.2213
2025-08-14,AST-0032,89.0719
2025-08-15,AST-0032,89.0888
2025-08-18,AST-0032,88.6688
2025-08-19,AST-0032,88.1422
2025-08-20,AST-0032,88.7914
2025-08-21,AST-0032,88.8361
2025-08-22,AST-0032,87.9048
2025-08-25,AST-0032,87.306
2025-08-26,AST-0032,87.4778
2025-08-27,AST-0032,88.3746
2025-08-28,AST-0032,88.5529
2025-08-29,AST-0032,89.3609
2025-09-01,AST-0032,89.3322
2025-09-02,AST-0032,88.9693
2025-09-03,AST-0032,89.3166
2025-09-04,AST-0032,89.2844
2025-09-05,AST-0032,90.4123
2025-09-08,AST-0032,90.2879
2025-09-09,AST-0032,90.8486
2025-09-10,AST-0032,90.6513
2025-09-11,AST-0032,90.3357
2025-09-12,AST-0032,90.1102
2025-09-15,AST-0032,89.9895
2025-09-16,AST-0032,89.4491
2025-09-17,AST-0032,90.0079
2025-09-18,AST-0032,90.6159
2025-09-19,AST-0032,90.5446
2025-09-22,AST-0032,91.791
2025-09-23,AST-0032,92.399
2025-09-24,AST-0032,92.8779
2025-09-25,AST-0032,92.7537
2025-09-26,AST-0032,92.9055
2025-09-29,AST-0032,92.5191
2025-09-30,AST-0032,91.6866
2025-10-01,AST-0032,91.604
2025-10-02,AST-0032,91.4813
2025-10-03,AST-0032,92.1259
2025-10-06,AST-0032,92.94
2025-10-07,AST-0032,93.2158
2025-10-08,AST-0032,93.3601
2025-10-09,AST-0032,92.7704
2025-10-10,AST-0032,92.558
2025-10-13,AST-0032,93.0857
2025-10-14,AST-0032,92.6076
2025-10-15,AST-0032,93.1237
2025-10-16,AST-0032,93.8596
2025-10-17,AST-0032,93.8736
2025-10-20,AST-0032,93.0122
2025-10-21,AST-0032,94.4781
2025-10-22,AST-0032,95.6065
2025-10-23,AST-0032,95.8158
2025-10-24,AST-0032,95.5477
2025-10-27,AST-0032,95.8525
2025-10-28,AST-0032,95.934
2025-10-29,AST-0032,94.9371
2025-10-30,AST-0032,94.6787
2025-10-31,AST-0032,94.056
2025-11-03,AST-0032,94.6362
2025-11-04,AST-0032,93.9033
2025-11-05,AST-0032,93.5026
2025-11-06,AST-0032,93.8241
2025-11-07,AST-0032,94.1393
2025-11-10,AST-0032,94.4483
2025-11-11,AST-0032,93.615
2025-11-12,AST-0032,94.1341
2025-11-13,AST-0032,94.0119
2025-11-14,AST-0032,93.9271
2025-11-17,AST-0032,94.1259
2025-11-18,AST-0032,93.2798
2025-11-19,AST-0032,94.1209
2025-11-20,AST-0032,94.5184
2025-11-21,AST-0032,94.9153
2025-11-24,AST-0032,94.5276
2025-11-25,AST-0032,93.7007
2025-11-26,AST-0032,93.3205
2025-11-27,AST-0032,93.1373
2025-11-28,AST-0032,91.8975
2025-12-01,AST-0032,92.1822
2025-12-02,AST-0032,91.4788
2025-12-03,AST-0032,91.258
2025-12-04,AST-0032,90.8282
2025-12-05,AST-0032,91.1418
2025-12-08,AST-0032,91.1911
2025-12-09,AST-0032,91.2687
2025-12-10,AST-0032,91.7652
2025-12-11,AST-0032,91.308
2025-12-12,AST-0032,90.469
2025-12-15,AST-0032,90.3375
2025-12-16,AST-0032,89.6675
2025-12-17,AST-0032,89.0385
2025-12-18,AST-0032,88.8855
2025-12-19,AST-0032,89.363
2025-12-22,AST-0032,90.0109
2025-12-23,AST-0032,89.3918
2025-12-24,AST-0032,89.0416
2025-12-25,AST-0032,89.8025
2025-12-26,AST-0032,89.7813
2025-12-29,AST-0032,89.3333
2025-12-30,AST-0032,88.7708
2025-12-31,AST-0032,89.2753
2026-01-01,AST-0032,88.9313
2026-01-02,AST-0032,90.3072
2026-01-05,AST-0032,90.1053
2026-01-06,AST-0032,90.6851
2026-01-07,AST-0032,90.2373
2026-01-08,AST-0032,90.4385
2026-01-09,AST-0032,90.9323
2026-01-12,AST-0032,91.096
2026-01-13,AST-0032,90.6416
2026-01-14,AST-0032,90.361
2026-01-15,AST-0032,90.5912
2026-01-16,AST-0032,90.5949
2026-01-19,AST-0032,90.0546
2026-01-20,AST-0032,89.3942
2026-01-21,AST-0032,88.6394
2026-01-22,AST-0032,89.2309
2026-01-23,AST-0032,89.4904
2026-01-26,AST-0032,89.2219
2026-01-27,AST-0032,89.1574
2026-01-28,AST-0032,88.6622
2026-01-29,AST-0032,88.2466
2026-01-30,AST-0032,89.3596
2026-02-02,AST-0032,89.1052
2026-02-03,AST-0032,87.8263
2026-02-04,AST-0032,87.9719
2026-02-05,AST-0032,87.5948
2026-02-06,AST-0032,87.1018
2026-02-09,AST-0032,86.0578
2026-02-10,AST-0032,86.1117
2026-02-11,AST-0032,86.046
2026-02-12,AST-0032,86.6755
2026-02-13,AST-0032,86.3114
2026-02-16,AST-0032,86.0473
2026-02-17,AST-0032,85.8949
2026-02-18,AST-0032,85.7612
2026-02-19,AST-0032,84.9087
2026-02-20,AST-0032,85.1607
2026-02-23,AST-0032,84.5965
2026-02-24,AST-0032,84.4611
2026-02-25,AST-0032,84.3727
2026-02-26,AST-0032,84.8668
2026-02-27,AST-0032,85.0806
2026-03-02,AST-0032,84.9655
2026-03-03,AST-0032,84.6286
2026-03-04,AST-0032,84.148
2026-03-05,AST-0032,85.0752
2026-03-06,AST-0032,85.0231
2026-03-09,AST-0032,85.0238
2026-03-10,AST-0032,85.0336
2026-03-11,AST-0032,84.7104
2026-03-12,AST-0032,84.8418
2026-03-13,AST-0032,85.1184
2026-03-16,AST-0032,85.7989
2026-03-17,AST-0032,85.7468
2026-03-18,AST-0032,86.6823
2026-03-19,AST-0032,86.3941
2026-03-20,AST-0032,86.6156
2026-03-23,AST-0032,86.4009
2026-03-24,AST-0032,85.9597
2026-03-25,AST-0032,85.9201
2026-03-26,AST-0032,85.9492
2026-03-27,AST-0032,86.1954
2026-03-30,AST-0032,85.948
2026-03-31,AST-0032,86.504
2026-04-01,AST-0032,86.6721
2026-04-02,AST-0032,85.8074
2026-04-03,AST-0032,86.5835
2026-04-06,AST-0032,87.2856
2026-04-07,AST-0032,86.9491
2026-04-08,AST-0032,87.0533
2026-04-09,AST-0032,86.9509
2026-04-10,AST-0032,87.7129
2026-04-13,AST-0032,87.4293
2026-04-14,AST-0032,87.0778
2026-04-15,AST-0032,87.4587
2026-04-16,AST-0032,88.4924
2026-04-17,AST-0032,88.6326
2026-04-20,AST-0032,87.9358
2026-04-21,AST-0032,88.821
2026-04-22,AST-0032,89.3537
2026-04-23,AST-0032,90.1079
2026-04-24,AST-0032,89.8215
2026-04-27,AST-0032,89.5543
2026-04-28,AST-0032,90.1379
2026-04-29,AST-0032,89.5224
2026-04-30,AST-0032,89.3191
2026-05-01,AST-0032,87.8687
2026-05-04,AST-0032,88.0791
2026-05-05,AST-0032,87.9223
2026-05-06,AST-0032,88.0145
2026-05-07,AST-0032,88.7918
2026-05-08,AST-0032,88.3599
2026-05-11,AST-0032,87.618
2026-05-12,AST-0032,87.3138
2026-05-13,AST-0032,87.0295
2026-05-14,AST-0032,86.8697
2026-05-15,AST-0032,86.792
2026-05-18,AST-0032,86.5204
2026-05-19,AST-0032,87.0966
2026-05-20,AST-0032,87.1922
2026-05-21,AST-0032,86.9481
2026-05-22,AST-0032,86.269
2026-05-25,AST-0032,86.0162
2026-05-26,AST-0032,86.3074
2026-05-27,AST-0032,85.8119
2026-05-28,AST-0032,85.3222
2026-05-29,AST-0032,85.3173
2026-06-01,AST-0032,85.2788
2026-06-02,AST-0032,85.441
2026-06-03,AST-0032,85.6686
2026-06-04,AST-0032,86.3279
2026-06-05,AST-0032,85.9099
2026-06-08,AST-0032,86.2735
2026-06-09,AST-0032,86.4852
2026-06-10,AST-0032,86.7876
2026-06-11,AST-0032,86.7676
2026-06-12,AST-0032,87.1757
2026-06-15,AST-0032,87.2524
2026-06-16,AST-0032,87.4827
2026-06-17,AST-0032,87.6079
2026-06-18,AST-0032,87.5043
2026-06-19,AST-0032,87.4565
2026-06-22,AST-0032,87.1838
2026-06-23,AST-0032,86.9856
2026-06-24,AST-0032,86.6129
2026-06-25,AST-0032,86.1294
2026-06-26,AST-0032,86.5066
2026-06-29,AST-0032,86.4544
2026-06-30,AST-0032,86.5226
2026-07-01,AST-0032,85.4649
2026-07-02,AST-0032,84.931
2026-07-03,AST-0032,84.9513
2026-07-06,AST-0032,85.324
2026-07-07,AST-0032,85.3332
2026-07-08,AST-0032,85.0729
2026-07-09,AST-0032,84.7033
2026-07-10,AST-0032,84.3575
2026-07-13,AST-0032,84.2463
2026-07-14,AST-0032,83.8726
2026-07-15,AST-0032,83.664
2026-07-16,AST-0032,83.5827
2026-07-17,AST-0032,83.9476
2026-07-20,AST-0032,83.2158
2026-07-21,AST-0032,82.778
2026-07-22,AST-0032,82.4908
2026-07-23,AST-0032,82.1449
2026-07-24,AST-0032,82.2935
2026-07-27,AST-0032,81.9193
2026-07-28,AST-0032,82.8284
2026-07-29,AST-0032,82.1837
2026-07-30,AST-0032,81.4789
2026-07-31,AST-0032,82.0964
2026-08-03,AST-0032,82.082
2026-08-04,AST-0032,82.0314
2026-08-05,AST-0032,82.2031
2026-08-06,AST-0032,82.5742
2026-08-07,AST-0032,82.8209
2025-07-28,AST-0033,107.94
2025-07-29,AST-0033,107.7577
2025-07-30,AST-0033,106.7283
2025-07-31,AST-0033,106.7248
2025-08-01,AST-0033,106.8065
2025-08-04,AST-0033,106.8674
2025-08-05,AST-0033,107.6759
2025-08-06,AST-0033,107.5984
2025-08-07,AST-0033,107.8096
2025-08-08,AST-0033,107.9981
2025-08-11,AST-0033,107.3381
2025-08-12,AST-0033,106.376
2025-08-13,AST-0033,106.4846
2025-08-14,AST-0033,107.3044
2025-08-15,AST-0033,107.0692
2025-08-18,AST-0033,107.1037
2025-08-19,AST-0033,105.7166
2025-08-20,AST-0033,105.5596
2025-08-21,AST-0033,105.3066
2025-08-22,AST-0033,105.9552
2025-08-25,AST-0033,104.9448
2025-08-26,AST-0033,105.0681
2025-08-27,AST-0033,104.8021
2025-08-28,AST-0033,104.64
2025-08-29,AST-0033,103.8643
2025-09-01,AST-0033,104.1875
2025-09-02,AST-0033,104.7355
2025-09-03,AST-0033,104.7212
2025-09-04,AST-0033,103.9184
2025-09-05,AST-0033,105.1226
2025-09-08,AST-0033,105.7271
2025-09-09,AST-0033,106.1084
2025-09-10,AST-0033,105.8887
2025-09-11,AST-0033,106.3991
2025-09-12,AST-0033,106.0121
2025-09-15,AST-0033,106.4127
2025-09-16,AST-0033,106.5947
2025-09-17,AST-0033,106.1194
2025-09-18,AST-0033,107.1305
2025-09-19,AST-0033,107.3433
2025-09-22,AST-0033,107.1903
2025-09-23,AST-0033,106.8269
2025-09-24,AST-0033,106.4144
2025-09-25,AST-0033,106.7256
2025-09-26,AST-0033,106.373
2025-09-29,AST-0033,106.2351
2025-09-30,AST-0033,106.9751
2025-10-01,AST-0033,106.7982
2025-10-02,AST-0033,106.2771
2025-10-03,AST-0033,106.3817
2025-10-06,AST-0033,106.147
2025-10-07,AST-0033,105.4914
2025-10-08,AST-0033,105.943
2025-10-09,AST-0033,105.5442
2025-10-10,AST-0033,105.4132
2025-10-13,AST-0033,106.0977
2025-10-14,AST-0033,106.3811
2025-10-15,AST-0033,105.8969
2025-10-16,AST-0033,106.261
2025-10-17,AST-0033,106.3983
2025-10-20,AST-0033,105.9834
2025-10-21,AST-0033,106.2153
2025-10-22,AST-0033,106.0351
2025-10-23,AST-0033,106.424
2025-10-24,AST-0033,105.8122
2025-10-27,AST-0033,104.9927
2025-10-28,AST-0033,105.1375
2025-10-29,AST-0033,105.0513
2025-10-30,AST-0033,104.72
2025-10-31,AST-0033,105.2983
2025-11-03,AST-0033,105.7867
2025-11-04,AST-0033,105.5987
2025-11-05,AST-0033,105.8715
2025-11-06,AST-0033,106.354
2025-11-07,AST-0033,106.7491
2025-11-10,AST-0033,106.3975
2025-11-11,AST-0033,106.8968
2025-11-12,AST-0033,106.7062
2025-11-13,AST-0033,106.9381
2025-11-14,AST-0033,107.446
2025-11-17,AST-0033,107.7737
2025-11-18,AST-0033,108.3095
2025-11-19,AST-0033,108.3413
2025-11-20,AST-0033,109.0818
2025-11-21,AST-0033,109.1749
2025-11-24,AST-0033,109.1084
2025-11-25,AST-0033,108.4948
2025-11-26,AST-0033,108.3653
2025-11-27,AST-0033,108.721
2025-11-28,AST-0033,108.0126
2025-12-01,AST-0033,108.0975
2025-12-02,AST-0033,108.859
2025-12-03,AST-0033,108.7984
2025-12-04,AST-0033,108.4218
2025-12-05,AST-0033,108.7042
2025-12-08,AST-0033,107.2274
2025-12-09,AST-0033,107.2797
2025-12-10,AST-0033,107.876
2025-12-11,AST-0033,108.205
2025-12-12,AST-0033,108.2087
2025-12-15,AST-0033,108.3244
2025-12-16,AST-0033,108.1198
2025-12-17,AST-0033,108.6894
2025-12-18,AST-0033,109.1733
2025-12-19,AST-0033,110.0607
2025-12-22,AST-0033,110.7613
2025-12-23,AST-0033,111.1095
2025-12-24,AST-0033,111.0104
2025-12-25,AST-0033,111.1343
2025-12-26,AST-0033,110.9846
2025-12-29,AST-0033,111.1312
2025-12-30,AST-0033,110.9572
2025-12-31,AST-0033,111.3564
2026-01-01,AST-0033,112.1395
2026-01-02,AST-0033,112.2967
2026-01-05,AST-0033,110.8745
2026-01-06,AST-0033,110.9103
2026-01-07,AST-0033,111.4303
2026-01-08,AST-0033,112.3732
2026-01-09,AST-0033,114.3363
2026-01-12,AST-0033,114.0791
2026-01-13,AST-0033,113.7563
2026-01-14,AST-0033,114.4955
2026-01-15,AST-0033,114.3977
2026-01-16,AST-0033,115.7303
2026-01-19,AST-0033,115.4929
2026-01-20,AST-0033,114.1345
2026-01-21,AST-0033,115.0369
2026-01-22,AST-0033,115.1798
2026-01-23,AST-0033,115.2566
2026-01-26,AST-0033,115.3311
2026-01-27,AST-0033,115.828
2026-01-28,AST-0033,115.9253
2026-01-29,AST-0033,115.4275
2026-01-30,AST-0033,116.116
2026-02-02,AST-0033,117.1941
2026-02-03,AST-0033,117.7717
2026-02-04,AST-0033,117.2774
2026-02-05,AST-0033,117.2907
2026-02-06,AST-0033,117.4024
2026-02-09,AST-0033,117.1915
2026-02-10,AST-0033,117.81
2026-02-11,AST-0033,119.0296
2026-02-12,AST-0033,119.2755
2026-02-13,AST-0033,118.8192
2026-02-16,AST-0033,118.3032
2026-02-17,AST-0033,117.5087
2026-02-18,AST-0033,117.5507
2026-02-19,AST-0033,116.9743
2026-02-20,AST-0033,117.4387
2026-02-23,AST-0033,116.9265
2026-02-24,AST-0033,117.0537
2026-02-25,AST-0033,116.3815
2026-02-26,AST-0033,115.8538
2026-02-27,AST-0033,115.2648
2026-03-02,AST-0033,114.6852
2026-03-03,AST-0033,115.8253
2026-03-04,AST-0033,116.3385
2026-03-05,AST-0033,116.7705
2026-03-06,AST-0033,116.9006
2026-03-09,AST-0033,115.5495
2026-03-10,AST-0033,116.1041
2026-03-11,AST-0033,116.5495
2026-03-12,AST-0033,117.4192
2026-03-13,AST-0033,118.1413
2026-03-16,AST-0033,119.2817
2026-03-17,AST-0033,119.9805
2026-03-18,AST-0033,120.2292
2026-03-19,AST-0033,121.2035
2026-03-20,AST-0033,120.9101
2026-03-23,AST-0033,120.685
2026-03-24,AST-0033,120.6389
2026-03-25,AST-0033,120.9632
2026-03-26,AST-0033,120.2372
2026-03-27,AST-0033,119.5654
2026-03-30,AST-0033,119.6556
2026-03-31,AST-0033,119.9631
2026-04-01,AST-0033,119.9238
2026-04-02,AST-0033,119.7831
2026-04-03,AST-0033,118.9365
2026-04-06,AST-0033,119.5569
2026-04-07,AST-0033,118.6904
2026-04-08,AST-0033,118.798
2026-04-09,AST-0033,118.8186
2026-04-10,AST-0033,119.1542
2026-04-13,AST-0033,118.7899
2026-04-14,AST-0033,119.0172
2026-04-15,AST-0033,118.9845
2026-04-16,AST-0033,119.8936
2026-04-17,AST-0033,119.8271
2026-04-20,AST-0033,120.2357
2026-04-21,AST-0033,119.4004
2026-04-22,AST-0033,119.1697
2026-04-23,AST-0033,119.5282
2026-04-24,AST-0033,119.8329
2026-04-27,AST-0033,119.306
2026-04-28,AST-0033,120.4885
2026-04-29,AST-0033,120.9584
2026-04-30,AST-0033,119.9322
2026-05-01,AST-0033,120.2253
2026-05-04,AST-0033,121.1619
2026-05-05,AST-0033,121.2355
2026-05-06,AST-0033,121.2341
2026-05-07,AST-0033,120.2868
2026-05-08,AST-0033,120.0576
2026-05-11,AST-0033,120.048
2026-05-12,AST-0033,118.3579
2026-05-13,AST-0033,118.2753
2026-05-14,AST-0033,117.6933
2026-05-15,AST-0033,117.0234
2026-05-18,AST-0033,117.2272
2026-05-19,AST-0033,116.9304
2026-05-20,AST-0033,118.0605
2026-05-21,AST-0033,118.4494
2026-05-22,AST-0033,118.6687
2026-05-25,AST-0033,118.4095
2026-05-26,AST-0033,118.7249
2026-05-27,AST-0033,119.6002
2026-05-28,AST-0033,118.0155
2026-05-29,AST-0033,117.9803
2026-06-01,AST-0033,116.622
2026-06-02,AST-0033,117.8256
2026-06-03,AST-0033,117.8211
2026-06-04,AST-0033,118.1938
2026-06-05,AST-0033,118.2366
2026-06-08,AST-0033,118.598
2026-06-09,AST-0033,119.324
2026-06-10,AST-0033,119.1243
2026-06-11,AST-0033,119.0725
2026-06-12,AST-0033,119.9721
2026-06-15,AST-0033,118.9977
2026-06-16,AST-0033,118.5701
2026-06-17,AST-0033,117.9305
2026-06-18,AST-0033,119.5736
2026-06-19,AST-0033,120.0456
2026-06-22,AST-0033,119.7657
2026-06-23,AST-0033,119.1513
2026-06-24,AST-0033,119.1114
2026-06-25,AST-0033,119.5641
2026-06-26,AST-0033,119.8587
2026-06-29,AST-0033,119.4902
2026-06-30,AST-0033,118.691
2026-07-01,AST-0033,117.7074
2026-07-02,AST-0033,118.3056
2026-07-03,AST-0033,117.8834
2026-07-06,AST-0033,118.8613
2026-07-07,AST-0033,118.8225
2026-07-08,AST-0033,118.7951
2026-07-09,AST-0033,118.0302
2026-07-10,AST-0033,118.263
2026-07-13,AST-0033,118.3612
2026-07-14,AST-0033,117.4958
2026-07-15,AST-0033,118.5563
2026-07-16,AST-0033,118.4702
2026-07-17,AST-0033,118.4924
2026-07-20,AST-0033,118.651
2026-07-21,AST-0033,118.3082
2026-07-22,AST-0033,118.2231
2026-07-23,AST-0033,117.2057
2026-07-24,AST-0033,116.5247
2026-07-27,AST-0033,116.789
2026-07-28,AST-0033,116.5788
2026-07-29,AST-0033,116.4843
2026-07-30,AST-0033,116.586
2026-07-31,AST-0033,116.3418
2026-08-03,AST-0033,117.0368
2026-08-04,AST-0033,116.4604
2026-08-05,AST-0033,116.0344
2026-08-06,AST-0033,116.1762
2026-08-07,AST-0033,116.5081
2025-07-28,AST-0034,102.4375
2025-07-29,AST-0034,102.4426
2025-07-30,AST-0034,101.817
2025-07-31,AST-0034,101.9209
2025-08-01,AST-0034,102.3917
2025-08-04,AST-0034,103.3338
2025-08-05,AST-0034,103.8518
2025-08-06,AST-0034,102.989
2025-08-07,AST-0034,103.5937
2025-08-08,AST-0034,104.0187
2025-08-11,AST-0034,104.345
2025-08-12,AST-0034,104.1946
2025-08-13,AST-0034,104.3503
2025-08-14,AST-0034,103.9542
2025-08-15,AST-0034,103.7689
2025-08-18,AST-0034,104.0543
2025-08-19,AST-0034,103.6758
2025-08-20,AST-0034,104.4475
2025-08-21,AST-0034,105.5773
2025-08-22,AST-0034,105.7343
2025-08-25,AST-0034,105.473
2025-08-26,AST-0034,105.8541
2025-08-27,AST-0034,105.82
2025-08-28,AST-0034,105.7782
2025-08-29,AST-0034,105.2715
2025-09-01,AST-0034,105.7849
2025-09-02,AST-0034,105.8105
2025-09-03,AST-0034,105.1938
2025-09-04,AST-0034,105.5503
2025-09-05,AST-0034,106.1994
2025-09-08,AST-0034,105.7538
2025-09-09,AST-0034,105.3165
2025-09-10,AST-0034,106.3667
2025-09-11,AST-0034,105.9206
2025-09-12,AST-0034,106.0411
2025-09-15,AST-0034,105.9214
2025-09-16,AST-0034,105.5178
2025-09-17,AST-0034,106.8961
2025-09-18,AST-0034,107.2179
2025-09-19,AST-0034,107.0029
2025-09-22,AST-0034,107.7009
2025-09-23,AST-0034,107.2209
2025-09-24,AST-0034,106.6567
2025-09-25,AST-0034,107.4641
2025-09-26,AST-0034,106.9416
2025-09-29,AST-0034,106.7653
2025-09-30,AST-0034,106.7729
2025-10-01,AST-0034,106.3173
2025-10-02,AST-0034,105.4534
2025-10-03,AST-0034,104.6782
2025-10-06,AST-0034,104.4744
2025-10-07,AST-0034,104.2381
2025-10-08,AST-0034,105.0906
2025-10-09,AST-0034,105.3625
2025-10-10,AST-0034,105.5471
2025-10-13,AST-0034,105.7803
2025-10-14,AST-0034,105.7703
2025-10-15,AST-0034,105.2342
2025-10-16,AST-0034,104.491
2025-10-17,AST-0034,104.1165
2025-10-20,AST-0034,103.9101
2025-10-21,AST-0034,103.8126
2025-10-22,AST-0034,104.2372
2025-10-23,AST-0034,104.2355
2025-10-24,AST-0034,102.8616
2025-10-27,AST-0034,103.5967
2025-10-28,AST-0034,103.4074
2025-10-29,AST-0034,102.6195
2025-10-30,AST-0034,102.2767
2025-10-31,AST-0034,101.7465
2025-11-03,AST-0034,101.5707
2025-11-04,AST-0034,101.0841
2025-11-05,AST-0034,101.3721
2025-11-06,AST-0034,101.8166
2025-11-07,AST-0034,102.165
2025-11-10,AST-0034,101.8748
2025-11-11,AST-0034,101.9522
2025-11-12,AST-0034,101.3573
2025-11-13,AST-0034,101.3644
2025-11-14,AST-0034,101.8847
2025-11-17,AST-0034,101.9363
2025-11-18,AST-0034,101.5402
2025-11-19,AST-0034,101.973
2025-11-20,AST-0034,101.7354
2025-11-21,AST-0034,102.1758
2025-11-24,AST-0034,101.8879
2025-11-25,AST-0034,102.4955
2025-11-26,AST-0034,102.7593
2025-11-27,AST-0034,102.4322
2025-11-28,AST-0034,102.0795
2025-12-01,AST-0034,102.9948
2025-12-02,AST-0034,102.4363
2025-12-03,AST-0034,102.0757
2025-12-04,AST-0034,101.7614
2025-12-05,AST-0034,101.5686
2025-12-08,AST-0034,101.7634
2025-12-09,AST-0034,101.8812
2025-12-10,AST-0034,100.9064
2025-12-11,AST-0034,100.2592
2025-12-12,AST-0034,100.4387
2025-12-15,AST-0034,100.008
2025-12-16,AST-0034,99.2589
2025-12-17,AST-0034,99.3684
2025-12-18,AST-0034,99.6247
2025-12-19,AST-0034,98.8929
2025-12-22,AST-0034,99.3717
2025-12-23,AST-0034,99.0364
2025-12-24,AST-0034,98.5289
2025-12-25,AST-0034,98.4399
2025-12-26,AST-0034,98.1826
2025-12-29,AST-0034,98.1321
2025-12-30,AST-0034,98.6775
2025-12-31,AST-0034,97.9956
2026-01-01,AST-0034,97.8067
2026-01-02,AST-0034,97.9834
2026-01-05,AST-0034,96.9859
2026-01-06,AST-0034,96.7603
2026-01-07,AST-0034,96.5684
2026-01-08,AST-0034,96.1445
2026-01-09,AST-0034,96.9474
2026-01-12,AST-0034,97.7938
2026-01-13,AST-0034,98.3128
2026-01-14,AST-0034,97.3037
2026-01-15,AST-0034,96.2708
2026-01-16,AST-0034,95.9943
2026-01-19,AST-0034,96.9208
2026-01-20,AST-0034,96.7337
2026-01-21,AST-0034,97.0848
2026-01-22,AST-0034,96.9547
2026-01-23,AST-0034,96.4509
2026-01-26,AST-0034,96.9307
2026-01-27,AST-0034,96.6056
2026-01-28,AST-0034,96.4491
2026-01-29,AST-0034,97.2688
2026-01-30,AST-0034,97.2885
2026-02-02,AST-0034,96.58
2026-02-03,AST-0034,96.1075
2026-02-04,AST-0034,95.2099
2026-02-05,AST-0034,95.2619
2026-02-06,AST-0034,96.2386
2026-02-09,AST-0034,96.3041
2026-02-10,AST-0034,96.3268
2026-02-11,AST-0034,97.1537
2026-02-12,AST-0034,97.4204
2026-02-13,AST-0034,98.3524
2026-02-16,AST-0034,97.9627
2026-02-17,AST-0034,98.4296
2026-02-18,AST-0034,98.5215
2026-02-19,AST-0034,97.7796
2026-02-20,AST-0034,97.3579
2026-02-23,AST-0034,98.325
2026-02-24,AST-0034,98.0162
2026-02-25,AST-0034,98.0668
2026-02-26,AST-0034,97.5111
2026-02-27,AST-0034,97.0033
2026-03-02,AST-0034,96.4553
2026-03-03,AST-0034,96.7109
2026-03-04,AST-0034,97.2245
2026-03-05,AST-0034,96.5935
2026-03-06,AST-0034,96.7351
2026-03-09,AST-0034,96.4898
2026-03-10,AST-0034,95.8599
2026-03-11,AST-0034,96.074
2026-03-12,AST-0034,96.4706
2026-03-13,AST-0034,96.949
2026-03-16,AST-0034,96.4233
2026-03-17,AST-0034,95.8476
2026-03-18,AST-0034,95.8834
2026-03-19,AST-0034,95.6614
2026-03-20,AST-0034,95.2536
2026-03-23,AST-0034,95.134
2026-03-24,AST-0034,94.7006
2026-03-25,AST-0034,94.1916
2026-03-26,AST-0034,93.9143
2026-03-27,AST-0034,93.8084
2026-03-30,AST-0034,94.1157
2026-03-31,AST-0034,94.2781
2026-04-01,AST-0034,93.738
2026-04-02,AST-0034,93.9102
2026-04-03,AST-0034,93.507
2026-04-06,AST-0034,93.9461
2026-04-07,AST-0034,93.9022
2026-04-08,AST-0034,94.3637
2026-04-09,AST-0034,94.3011
2026-04-10,AST-0034,94.9412
2026-04-13,AST-0034,94.7549
2026-04-14,AST-0034,94.2711
2026-04-15,AST-0034,94.5995
2026-04-16,AST-0034,93.9648
2026-04-17,AST-0034,94.4242
2026-04-20,AST-0034,94.5994
2026-04-21,AST-0034,94.2184
2026-04-22,AST-0034,94.7059
2026-04-23,AST-0034,95.3004
2026-04-24,AST-0034,94.5556
2026-04-27,AST-0034,94.4088
2026-04-28,AST-0034,94.5946
2026-04-29,AST-0034,95.0875
2026-04-30,AST-0034,94.8757
2026-05-01,AST-0034,95.3712
2026-05-04,AST-0034,95.8713
2026-05-05,AST-0034,94.9565
2026-05-06,AST-0034,94.6294
2026-05-07,AST-0034,95.141
2026-05-08,AST-0034,95.3673
2026-05-11,AST-0034,95.1697
2026-05-12,AST-0034,94.6044
2026-05-13,AST-0034,95.0381
2026-05-14,AST-0034,94.5127
2026-05-15,AST-0034,94.2528
2026-05-18,AST-0034,94.9519
2026-05-19,AST-0034,95.2442
2026-05-20,AST-0034,95.376
2026-05-21,AST-0034,95.7694
2026-05-22,AST-0034,94.939
2026-05-25,AST-0034,94.545
2026-05-26,AST-0034,94.1063
2026-05-27,AST-0034,94.1095
2026-05-28,AST-0034,94.8093
2026-05-29,AST-0034,95.4081
2026-06-01,AST-0034,94.6049
2026-06-02,AST-0034,95.3299
2026-06-03,AST-0034,94.7516
2026-06-04,AST-0034,94.0653
2026-06-05,AST-0034,94.1941
2026-06-08,AST-0034,93.9045
2026-06-09,AST-0034,94.4859
2026-06-10,AST-0034,94.3336
2026-06-11,AST-0034,94.106
2026-06-12,AST-0034,94.1968
2026-06-15,AST-0034,94.6249
2026-06-16,AST-0034,94.5862
2026-06-17,AST-0034,94.3922
2026-06-18,AST-0034,95.1439
2026-06-19,AST-0034,95.8971
2026-06-22,AST-0034,96.5812
2026-06-23,AST-0034,96.9365
2026-06-24,AST-0034,96.4167
2026-06-25,AST-0034,97.0158
2026-06-26,AST-0034,97.747
2026-06-29,AST-0034,97.4094
2026-06-30,AST-0034,97.4329
2026-07-01,AST-0034,97.1775
2026-07-02,AST-0034,97.0291
2026-07-03,AST-0034,97.3511
2026-07-06,AST-0034,97.7278
2026-07-07,AST-0034,97.3142
2026-07-08,AST-0034,97.011
2026-07-09,AST-0034,97.0595
2026-07-10,AST-0034,96.8859
2026-07-13,AST-0034,96.9483
2026-07-14,AST-0034,96.9067
2026-07-15,AST-0034,97.0816
2026-07-16,AST-0034,96.5264
2026-07-17,AST-0034,97.9795
2026-07-20,AST-0034,98.1255
2026-07-21,AST-0034,98.2235
2026-07-22,AST-0034,98.5129
2026-07-23,AST-0034,99.663
2026-07-24,AST-0034,99.4521
2026-07-27,AST-0034,99.1748
2026-07-28,AST-0034,99.0132
2026-07-29,AST-0034,98.6329
2026-07-30,AST-0034,98.8657
2026-07-31,AST-0034,97.8125
2026-08-03,AST-0034,98.7757
2026-08-04,AST-0034,99.5405
2026-08-05,AST-0034,99.5602
2026-08-06,AST-0034,99.828
2026-08-07,AST-0034,99.3629
2025-07-28,AST-0035,91.6149
2025-07-29,AST-0035,92.321
2025-07-30,AST-0035,92.6194
2025-07-31,AST-0035,93.1141
2025-08-01,AST-0035,92.9825
2025-08-04,AST-0035,93.8768
2025-08-05,AST-0035,93.5501
2025-08-06,AST-0035,93.797
2025-08-07,AST-0035,93.445
2025-08-08,AST-0035,93.6586
2025-08-11,AST-0035,94.3005
2025-08-12,AST-0035,93.8788
2025-08-13,AST-0035,93.5169
2025-08-14,AST-0035,93.9509
2025-08-15,AST-0035,93.1829
2025-08-18,AST-0035,93.5064
2025-08-19,AST-0035,94.0166
2025-08-20,AST-0035,94.351
2025-08-21,AST-0035,94.0168
2025-08-22,AST-0035,94.2741
2025-08-25,AST-0035,94.3075
2025-08-26,AST-0035,93.8385
2025-08-27,AST-0035,93.7028
2025-08-28,AST-0035,93.2498
2025-08-29,AST-0035,92.8199
2025-09-01,AST-0035,93.3444
2025-09-02,AST-0035,93.1375
2025-09-03,AST-0035,92.1725
2025-09-04,AST-0035,91.6079
2025-09-05,AST-0035,91.9345
2025-09-08,AST-0035,92.2592
2025-09-09,AST-0035,93.4247
2025-09-10,AST-0035,93.8678
2025-09-11,AST-0035,93.7946
2025-09-12,AST-0035,94.5069
2025-09-15,AST-0035,94.2405
2025-09-16,AST-0035,94.0626
2025-09-17,AST-0035,93.9795
2025-09-18,AST-0035,94.6331
2025-09-19,AST-0035,95.4417
2025-09-22,AST-0035,95.5323
2025-09-23,AST-0035,94.7055
2025-09-24,AST-0035,95.0658
2025-09-25,AST-0035,95.0969
2025-09-26,AST-0035,95.1756
2025-09-29,AST-0035,95.1148
2025-09-30,AST-0035,94.5161
2025-10-01,AST-0035,94.7932
2025-10-02,AST-0035,94.0288
2025-10-03,AST-0035,94.4086
2025-10-06,AST-0035,95.1458
2025-10-07,AST-0035,95.9053
2025-10-08,AST-0035,95.8495
2025-10-09,AST-0035,95.5545
2025-10-10,AST-0035,95.8525
2025-10-13,AST-0035,95.3901
2025-10-14,AST-0035,93.9513
2025-10-15,AST-0035,93.5647
2025-10-16,AST-0035,93.3707
2025-10-17,AST-0035,93.3456
2025-10-20,AST-0035,93.7733
2025-10-21,AST-0035,94.3338
2025-10-22,AST-0035,94.207
2025-10-23,AST-0035,94.2339
2025-10-24,AST-0035,94.3177
2025-10-27,AST-0035,94.2917
2025-10-28,AST-0035,94.7133
2025-10-29,AST-0035,94.5078
2025-10-30,AST-0035,94.5277
2025-10-31,AST-0035,94.7382
2025-11-03,AST-0035,94.6123
2025-11-04,AST-0035,93.7992
2025-11-05,AST-0035,94.4397
2025-11-06,AST-0035,94.1613
2025-11-07,AST-0035,93.9608
2025-11-10,AST-0035,93.5541
2025-11-11,AST-0035,93.9626
2025-11-12,AST-0035,94.295
2025-11-13,AST-0035,94.337
2025-11-14,AST-0035,93.1654
2025-11-17,AST-0035,93.121
2025-11-18,AST-0035,92.8944
2025-11-19,AST-0035,92.9407
2025-11-20,AST-0035,92.6665
2025-11-21,AST-0035,92.6983
2025-11-24,AST-0035,92.8847
2025-11-25,AST-0035,92.6197
2025-11-26,AST-0035,92.5659
2025-11-27,AST-0035,92.7939
2025-11-28,AST-0035,92.6939
2025-12-01,AST-0035,92.6071
2025-12-02,AST-0035,92.3305
2025-12-03,AST-0035,93.2841
2025-12-04,AST-0035,92.8615
2025-12-05,AST-0035,92.1414
2025-12-08,AST-0035,91.4872
2025-12-09,AST-0035,92.1893
2025-12-10,AST-0035,91.6856
2025-12-11,AST-0035,92.0674
2025-12-12,AST-0035,92.0642
2025-12-15,AST-0035,91.2389
2025-12-16,AST-0035,91.0999
2025-12-17,AST-0035,90.8188
2025-12-18,AST-0035,90.6368
2025-12-19,AST-0035,90.9821
2025-12-22,AST-0035,91.5332
2025-12-23,AST-0035,91.8711
2025-12-24,AST-0035,92.0824
2025-12-25,AST-0035,92.4944
2025-12-26,AST-0035,92.7231
2025-12-29,AST-0035,92.1213
2025-12-30,AST-0035,92.3647
2025-12-31,AST-0035,93.3229
2026-01-01,AST-0035,94.2476
2026-01-02,AST-0035,94.6705
2026-01-05,AST-0035,94.8886
2026-01-06,AST-0035,94.8831
2026-01-07,AST-0035,94.8883
2026-01-08,AST-0035,94.7886
2026-01-09,AST-0035,95.0175
2026-01-12,AST-0035,95.241
2026-01-13,AST-0035,95.184
2026-01-14,AST-0035,95.5378
2026-01-15,AST-0035,95.5459
2026-01-16,AST-0035,96.3095
2026-01-19,AST-0035,97.2779
2026-01-20,AST-0035,96.9717
2026-01-21,AST-0035,96.5627
2026-01-22,AST-0035,97.0129
2026-01-23,AST-0035,96.5813
2026-01-26,AST-0035,96.7777
2026-01-27,AST-0035,97.2329
2026-01-28,AST-0035,96.9083
2026-01-29,AST-0035,96.9804
2026-01-30,AST-0035,97.6435
2026-02-02,AST-0035,98.3458
2026-02-03,AST-0035,97.284
2026-02-04,AST-0035,97.2043
2026-02-05,AST-0035,97.8033
2026-02-06,AST-0035,97.1394
2026-02-09,AST-0035,96.7408
2026-02-10,AST-0035,96.7672
2026-02-11,AST-0035,96.9525
2026-02-12,AST-0035,97.2373
2026-02-13,AST-0035,97.9282
2026-02-16,AST-0035,97.3478
2026-02-17,AST-0035,97.7212
2026-02-18,AST-0035,97.9044
2026-02-19,AST-0035,98.0338
2026-02-20,AST-0035,97.9225
2026-02-23,AST-0035,97.5142
2026-02-24,AST-0035,97.0949
2026-02-25,AST-0035,98.3039
2026-02-26,AST-0035,98.5916
2026-02-27,AST-0035,97.9423
2026-03-02,AST-0035,98.4172
2026-03-03,AST-0035,98.5857
2026-03-04,AST-0035,99.0404
2026-03-05,AST-0035,99.4717
2026-03-06,AST-0035,98.7561
2026-03-09,AST-0035,99.2781
2026-03-10,AST-0035,98.6608
2026-03-11,AST-0035,98.8984
2026-03-12,AST-0035,99.0537
2026-03-13,AST-0035,100.5004
2026-03-16,AST-0035,100.6793
2026-03-17,AST-0035,100.652
2026-03-18,AST-0035,100.7797
2026-03-19,AST-0035,101.9121
2026-03-20,AST-0035,102.1697
2026-03-23,AST-0035,103.015
2026-03-24,AST-0035,103.2542
2026-03-25,AST-0035,103.189
2026-03-26,AST-0035,102.3469
2026-03-27,AST-0035,101.5972
2026-03-30,AST-0035,101.407
2026-03-31,AST-0035,101.1833
2026-04-01,AST-0035,100.5975
2026-04-02,AST-0035,100.3623
2026-04-03,AST-0035,100.2904
2026-04-06,AST-0035,100.679
2026-04-07,AST-0035,100.2067
2026-04-08,AST-0035,100.2255
2026-04-09,AST-0035,101.1297
2026-04-10,AST-0035,101.5749
2026-04-13,AST-0035,101.1196
2026-04-14,AST-0035,101.4116
2026-04-15,AST-0035,102.0322
2026-04-16,AST-0035,102.652
2026-04-17,AST-0035,102.4483
2026-04-20,AST-0035,103.1513
2026-04-21,AST-0035,103.7457
2026-04-22,AST-0035,103.8886
2026-04-23,AST-0035,102.6922
2026-04-24,AST-0035,103.2358
2026-04-27,AST-0035,103.3466
2026-04-28,AST-0035,103.3057
2026-04-29,AST-0035,103.2373
2026-04-30,AST-0035,102.9814
2026-05-01,AST-0035,102.8953
2026-05-04,AST-0035,102.3032
2026-05-05,AST-0035,103.8277
2026-05-06,AST-0035,103.8891
2026-05-07,AST-0035,104.9125
2026-05-08,AST-0035,104.7375
2026-05-11,AST-0035,105.1168
2026-05-12,AST-0035,104.9712
2026-05-13,AST-0035,105.1647
2026-05-14,AST-0035,104.255
2026-05-15,AST-0035,105.019
2026-05-18,AST-0035,105.3748
2026-05-19,AST-0035,105.4687
2026-05-20,AST-0035,105.5597
2026-05-21,AST-0035,104.6697
2026-05-22,AST-0035,104.6137
2026-05-25,AST-0035,103.4896
2026-05-26,AST-0035,103.3302
2026-05-27,AST-0035,104.1043
2026-05-28,AST-0035,104.2514
2026-05-29,AST-0035,104.8797
2026-06-01,AST-0035,104.7816
2026-06-02,AST-0035,104.3043
2026-06-03,AST-0035,104.7605
2026-06-04,AST-0035,104.3633
2026-06-05,AST-0035,104.3062
2026-06-08,AST-0035,105.1301
2026-06-09,AST-0035,105.334
2026-06-10,AST-0035,104.8303
2026-06-11,AST-0035,103.9672
2026-06-12,AST-0035,104.4827
2026-06-15,AST-0035,105.5505
2026-06-16,AST-0035,106.916
2026-06-17,AST-0035,106.4687
2026-06-18,AST-0035,106.4783
2026-06-19,AST-0035,106.6383
2026-06-22,AST-0035,106.7008
2026-06-23,AST-0035,107.1213
2026-06-24,AST-0035,106.6681
2026-06-25,AST-0035,106.8623
2026-06-26,AST-0035,107.6126
2026-06-29,AST-0035,107.8156
2026-06-30,AST-0035,107.7281
2026-07-01,AST-0035,107.6751
2026-07-02,AST-0035,108.1762
2026-07-03,AST-0035,108.9697
2026-07-06,AST-0035,109.6433
2026-07-07,AST-0035,109.7679
2026-07-08,AST-0035,110.0072
2026-07-09,AST-0035,110.1738
2026-07-10,AST-0035,110.4408
2026-07-13,AST-0035,110.6514
2026-07-14,AST-0035,110.1576
2026-07-15,AST-0035,110.411
2026-07-16,AST-0035,109.9191
2026-07-17,AST-0035,109.4466
2026-07-20,AST-0035,109.5743
2026-07-21,AST-0035,109.0863
2026-07-22,AST-0035,109.7037
2026-07-23,AST-0035,109.5742
2026-07-24,AST-0035,109.8662
2026-07-27,AST-0035,110.1571
2026-07-28,AST-0035,109.8548
2026-07-29,AST-0035,110.364
2026-07-30,AST-0035,110.1185
2026-07-31,AST-0035,110.5196
2026-08-03,AST-0035,111.3595
2026-08-04,AST-0035,110.8032
2026-08-05,AST-0035,110.6467
2026-08-06,AST-0035,109.8386
2026-08-07,AST-0035,110.1785
2025-07-28,AST-0036,77.917
2025-07-29,AST-0036,77.961
2025-07-30,AST-0036,77.593
2025-07-31,AST-0036,77.2783
2025-08-01,AST-0036,77.395
2025-08-04,AST-0036,76.8363
2025-08-05,AST-0036,76.3104
2025-08-06,AST-0036,76.8707
2025-08-07,AST-0036,77.2683
2025-08-08,AST-0036,77.0289
2025-08-11,AST-0036,76.5939
2025-08-12,AST-0036,77.129
2025-08-13,AST-0036,76.8249
2025-08-14,AST-0036,77.1468
2025-08-15,AST-0036,77.2359
2025-08-18,AST-0036,77.1954
2025-08-19,AST-0036,77.0555
2025-08-20,AST-0036,76.9095
2025-08-21,AST-0036,77.5946
2025-08-22,AST-0036,78.1247
2025-08-25,AST-0036,77.3844
2025-08-26,AST-0036,77.9335
2025-08-27,AST-0036,78.1399
2025-08-28,AST-0036,78.101
2025-08-29,AST-0036,77.7632
2025-09-01,AST-0036,77.9818
2025-09-02,AST-0036,77.4387
2025-09-03,AST-0036,78.0286
2025-09-04,AST-0036,77.1218
2025-09-05,AST-0036,77.0476
2025-09-08,AST-0036,77.3801
2025-09-09,AST-0036,77.4546
2025-09-10,AST-0036,77.9219
2025-09-11,AST-0036,77.8641
2025-09-12,AST-0036,77.8228
2025-09-15,AST-0036,77.9438
2025-09-16,AST-0036,78.0808
2025-09-17,AST-0036,78.3697
2025-09-18,AST-0036,78.834
2025-09-19,AST-0036,79.2348
2025-09-22,AST-0036,79.3618
2025-09-23,AST-0036,79.1407
2025-09-24,AST-0036,79.233
2025-09-25,AST-0036,79.844
2025-09-26,AST-0036,80.2985
2025-09-29,AST-0036,79.6257
2025-09-30,AST-0036,79.9846
2025-10-01,AST-0036,79.9913
2025-10-02,AST-0036,80.1104
2025-10-03,AST-0036,80.0205
2025-10-06,AST-0036,79.9781
2025-10-07,AST-0036,80.2021
2025-10-08,AST-0036,80.2278
2025-10-09,AST-0036,80.7097
2025-10-10,AST-0036,81.7228
2025-10-13,AST-0036,80.9556
2025-10-14,AST-0036,81.1745
2025-10-15,AST-0036,81.3005
2025-10-16,AST-0036,81.0067
2025-10-17,AST-0036,81.7644
2025-10-20,AST-0036,82.2615
2025-10-21,AST-0036,82.5016
2025-10-22,AST-0036,82.6103
2025-10-23,AST-0036,82.649
2025-10-24,AST-0036,81.6791
2025-10-27,AST-0036,82.798
2025-10-28,AST-0036,83.3203
2025-10-29,AST-0036,83.5233
2025-10-30,AST-0036,83.7215
2025-10-31,AST-0036,83.4865
2025-11-03,AST-0036,82.9206
2025-11-04,AST-0036,83.5261
2025-11-05,AST-0036,82.752
2025-11-06,AST-0036,82.1545
2025-11-07,AST-0036,82.2748
2025-11-10,AST-0036,82.6115
2025-11-11,AST-0036,81.8851
2025-11-12,AST-0036,81.725
2025-11-13,AST-0036,81.2725
2025-11-14,AST-0036,81.6933
2025-11-17,AST-0036,81.4009
2025-11-18,AST-0036,81.4243
2025-11-19,AST-0036,81.1165
2025-11-20,AST-0036,80.4737
2025-11-21,AST-0036,80.4863
2025-11-24,AST-0036,80.3506
2025-11-25,AST-0036,80.6772
2025-11-26,AST-0036,81.0776
2025-11-27,AST-0036,81.1337
2025-11-28,AST-0036,80.9733
2025-12-01,AST-0036,81.2243
2025-12-02,AST-0036,81.0927
2025-12-03,AST-0036,81.8439
2025-12-04,AST-0036,82.2436
2025-12-05,AST-0036,81.5156
2025-12-08,AST-0036,81.7892
2025-12-09,AST-0036,81.8385
2025-12-10,AST-0036,81.1862
2025-12-11,AST-0036,81.1622
2025-12-12,AST-0036,81.3432
2025-12-15,AST-0036,81.4824
2025-12-16,AST-0036,81.6694
2025-12-17,AST-0036,81.2154
2025-12-18,AST-0036,80.8728
2025-12-19,AST-0036,80.4524
2025-12-22,AST-0036,80.9391
2025-12-23,AST-0036,80.4604
2025-12-24,AST-0036,80.4121
2025-12-25,AST-0036,80.7304
2025-12-26,AST-0036,80.8347
2025-12-29,AST-0036,81.7421
2025-12-30,AST-0036,82.3705
2025-12-31,AST-0036,81.9211
2026-01-01,AST-0036,82.5699
2026-01-02,AST-0036,82.4862
2026-01-05,AST-0036,82.2871
2026-01-06,AST-0036,82.6547
2026-01-07,AST-0036,83.156
2026-01-08,AST-0036,83.7311
2026-01-09,AST-0036,84.2284
2026-01-12,AST-0036,84.9084
2026-01-13,AST-0036,84.4724
2026-01-14,AST-0036,83.5257
2026-01-15,AST-0036,83.192
2026-01-16,AST-0036,83.0156
2026-01-19,AST-0036,83.1906
2026-01-20,AST-0036,82.8666
2026-01-21,AST-0036,82.1373
2026-01-22,AST-0036,82.0893
2026-01-23,AST-0036,81.6764
2026-01-26,AST-0036,81.8153
2026-01-27,AST-0036,82.1007
2026-01-28,AST-0036,81.4543
2026-01-29,AST-0036,81.5993
2026-01-30,AST-0036,81.0285
2026-02-02,AST-0036,80.6053
2026-02-03,AST-0036,80.546
2026-02-04,AST-0036,80.447
2026-02-05,AST-0036,80.3926
2026-02-06,AST-0036,81.0488
2026-02-09,AST-0036,80.2586
2026-02-10,AST-0036,80.0389
2026-02-11,AST-0036,80.3688
2026-02-12,AST-0036,80.3807
2026-02-13,AST-0036,80.9397
2026-02-16,AST-0036,81.0027
2026-02-17,AST-0036,81.5019
2026-02-18,AST-0036,81.3475
2026-02-19,AST-0036,81.3914
2026-02-20,AST-0036,81.2471
2026-02-23,AST-0036,81.9552
2026-02-24,AST-0036,82.4181
2026-02-25,AST-0036,83.1459
2026-02-26,AST-0036,84.0727
2026-02-27,AST-0036,84.4919
2026-03-02,AST-0036,84.6659
2026-03-03,AST-0036,85.1371
2026-03-04,AST-0036,84.7221
2026-03-05,AST-0036,85.4334
2026-03-06,AST-0036,84.9409
2026-03-09,AST-0036,85.3436
2026-03-10,AST-0036,85.4556
2026-03-11,AST-0036,85.4727
2026-03-12,AST-0036,85.5976
2026-03-13,AST-0036,86.4569
2026-03-16,AST-0036,86.6457
2026-03-17,AST-0036,86.8888
2026-03-18,AST-0036,86.9533
2026-03-19,AST-0036,86.9423
2026-03-20,AST-0036,86.1761
2026-03-23,AST-0036,86.2784
2026-03-24,AST-0036,85.7966
2026-03-25,AST-0036,85.455
2026-03-26,AST-0036,85.6284
2026-03-27,AST-0036,85.9255
2026-03-30,AST-0036,86.3942
2026-03-31,AST-0036,86.7255
2026-04-01,AST-0036,85.7823
2026-04-02,AST-0036,85.5839
2026-04-03,AST-0036,85.298
2026-04-06,AST-0036,85.5997
2026-04-07,AST-0036,85.6418
2026-04-08,AST-0036,85.896
2026-04-09,AST-0036,86.4992
2026-04-10,AST-0036,86.5052
2026-04-13,AST-0036,87.1696
2026-04-14,AST-0036,87.0841
2026-04-15,AST-0036,87.6323
2026-04-16,AST-0036,88.035
2026-04-17,AST-0036,87.7507
2026-04-20,AST-0036,88.3286
2026-04-21,AST-0036,88.3823
2026-04-22,AST-0036,87.6821
2026-04-23,AST-0036,87.2208
2026-04-24,AST-0036,87.616
2026-04-27,AST-0036,88.248
2026-04-28,AST-0036,88.3107
2026-04-29,AST-0036,87.7841
2026-04-30,AST-0036,87.6344
2026-05-01,AST-0036,87.3462
2026-05-04,AST-0036,87.8615
2026-05-05,AST-0036,87.7577
2026-05-06,AST-0036,87.926
2026-05-07,AST-0036,87.8119
2026-05-08,AST-0036,87.7817
2026-05-11,AST-0036,89.0237
2026-05-12,AST-0036,88.7572
2026-05-13,AST-0036,88.934
2026-05-14,AST-0036,88.7297
2026-05-15,AST-0036,87.7305
2026-05-18,AST-0036,87.6921
2026-05-19,AST-0036,87.5385
2026-05-20,AST-0036,88.1191
2026-05-21,AST-0036,86.9782
2026-05-22,AST-0036,86.9412
2026-05-25,AST-0036,86.6471
2026-05-26,AST-0036,87.2629
2026-05-27,AST-0036,88.7654
2026-05-28,AST-0036,88.2411
2026-05-29,AST-0036,88.041
2026-06-01,AST-0036,87.9591
2026-06-02,AST-0036,88.7368
2026-06-03,AST-0036,89.1693
2026-06-04,AST-0036,88.5994
2026-06-05,AST-0036,88.1866
2026-06-08,AST-0036,87.2242
2026-06-09,AST-0036,87.7284
2026-06-10,AST-0036,87.2916
2026-06-11,AST-0036,87.1569
2026-06-12,AST-0036,87.7136
2026-06-15,AST-0036,87.652
2026-06-16,AST-0036,87.4441
2026-06-17,AST-0036,87.4107
2026-06-18,AST-0036,87.1742
2026-06-19,AST-0036,86.9512
2026-06-22,AST-0036,87.2552
2026-06-23,AST-0036,87.2179
2026-06-24,AST-0036,86.7741
2026-06-25,AST-0036,88.0853
2026-06-26,AST-0036,88.11
2026-06-29,AST-0036,87.4661
2026-06-30,AST-0036,87.1758
2026-07-01,AST-0036,87.1912
2026-07-02,AST-0036,86.659
2026-07-03,AST-0036,86.8071
2026-07-06,AST-0036,87.991
2026-07-07,AST-0036,88.5381
2026-07-08,AST-0036,87.4676
2026-07-09,AST-0036,87.2684
2026-07-10,AST-0036,87.2005
2026-07-13,AST-0036,87.7715
2026-07-14,AST-0036,86.9919
2026-07-15,AST-0036,86.8598
2026-07-16,AST-0036,87.8623
2026-07-17,AST-0036,87.9327
2026-07-20,AST-0036,88.4311
2026-07-21,AST-0036,87.5528
2026-07-22,AST-0036,87.352
2026-07-23,AST-0036,86.7338
2026-07-24,AST-0036,86.4602
2026-07-27,AST-0036,86.2907
2026-07-28,AST-0036,86.126
2026-07-29,AST-0036,85.132
2026-07-30,AST-0036,85.565
2026-07-31,AST-0036,85.5063
2026-08-03,AST-0036,86.4946
2026-08-04,AST-0036,85.9906
2026-08-05,AST-0036,85.201
2026-08-06,AST-0036,84.9592
2026-08-07,AST-0036,84.9783
2025-07-28,AST-0037,97.41
2025-07-29,AST-0037,97.5699
2025-07-30,AST-0037,98.0623
2025-07-31,AST-0037,98.2784
2025-08-01,AST-0037,99.5695
2025-08-04,AST-0037,99.588
2025-08-05,AST-0037,100.0539
2025-08-06,AST-0037,100.5568
2025-08-07,AST-0037,101.0017
2025-08-08,AST-0037,102.0901
2025-08-11,AST-0037,102.4708
2025-08-12,AST-0037,101.1208
2025-08-13,AST-0037,100.2778
2025-08-14,AST-0037,100.2507
2025-08-15,AST-0037,100.2706
2025-08-18,AST-0037,100.8445
2025-08-19,AST-0037,100.0141
2025-08-20,AST-0037,100.0043
2025-08-21,AST-0037,99.9156
2025-08-22,AST-0037,99.571
2025-08-25,AST-0037,99.0357
2025-08-26,AST-0037,98.4198
2025-08-27,AST-0037,99.4243
2025-08-28,AST-0037,99.2922
2025-08-29,AST-0037,99.3739
2025-09-01,AST-0037,99.3275
2025-09-02,AST-0037,99.8585
2025-09-03,AST-0037,99.7682
2025-09-04,AST-0037,99.208
2025-09-05,AST-0037,99.892
2025-09-08,AST-0037,99.7692
2025-09-09,AST-0037,99.8348
2025-09-10,AST-0037,99.8194
2025-09-11,AST-0037,100.1377
2025-09-12,AST-0037,99.4492
2025-09-15,AST-0037,99.7237
2025-09-16,AST-0037,99.6458
2025-09-17,AST-0037,99.8414
2025-09-18,AST-0037,100.2329
2025-09-19,AST-0037,99.6155
2025-09-22,AST-0037,99.9175
2025-09-23,AST-0037,99.2404
2025-09-24,AST-0037,97.9343
2025-09-25,AST-0037,97.6567
2025-09-26,AST-0037,98.5715
2025-09-29,AST-0037,100.0121
2025-09-30,AST-0037,99.9009
2025-10-01,AST-0037,101.0641
2025-10-02,AST-0037,100.6634
2025-10-03,AST-0037,99.6762
2025-10-06,AST-0037,99.6706
2025-10-07,AST-0037,99.2125
2025-10-08,AST-0037,100.0027
2025-10-09,AST-0037,100.8931
2025-10-10,AST-0037,100.5468
2025-10-13,AST-0037,100.4476
2025-10-14,AST-0037,100.1405
2025-10-15,AST-0037,100.5502
2025-10-16,AST-0037,100.3809
2025-10-17,AST-0037,99.7526
2025-10-20,AST-0037,98.9495
2025-10-21,AST-0037,98.0711
2025-10-22,AST-0037,98.394
2025-10-23,AST-0037,97.9284
2025-10-24,AST-0037,97.2069
2025-10-27,AST-0037,97.7774
2025-10-28,AST-0037,97.8512
2025-10-29,AST-0037,97.9458
2025-10-30,AST-0037,97.3038
2025-10-31,AST-0037,96.6676
2025-11-03,AST-0037,96.0835
2025-11-04,AST-0037,96.4622
2025-11-05,AST-0037,95.8618
2025-11-06,AST-0037,94.8097
2025-11-07,AST-0037,95.0189
2025-11-10,AST-0037,94.5706
2025-11-11,AST-0037,94.7809
2025-11-12,AST-0037,94.5211
2025-11-13,AST-0037,93.6517
2025-11-14,AST-0037,93.7648
2025-11-17,AST-0037,94.3052
2025-11-18,AST-0037,94.2799
2025-11-19,AST-0037,94.7446
2025-11-20,AST-0037,94.6878
2025-11-21,AST-0037,94.2205
2025-11-24,AST-0037,93.9067
2025-11-25,AST-0037,93.9567
2025-11-26,AST-0037,94.1631
2025-11-27,AST-0037,93.7119
2025-11-28,AST-0037,93.3653
2025-12-01,AST-0037,94.4734
2025-12-02,AST-0037,93.9928
2025-12-03,AST-0037,95.0704
2025-12-04,AST-0037,95.2868
2025-12-05,AST-0037,94.3665
2025-12-08,AST-0037,93.824
2025-12-09,AST-0037,94.4385
2025-12-10,AST-0037,93.8553
2025-12-11,AST-0037,93.6458
2025-12-12,AST-0037,94.027
2025-12-15,AST-0037,94.1648
2025-12-16,AST-0037,94.0651
2025-12-17,AST-0037,93.8974
2025-12-18,AST-0037,94.9812
2025-12-19,AST-0037,94.6878
2025-12-22,AST-0037,95.456
2025-12-23,AST-0037,94.9373
2025-12-24,AST-0037,95.1877
2025-12-25,AST-0037,95.4239
2025-12-26,AST-0037,94.8662
2025-12-29,AST-0037,95.2226
2025-12-30,AST-0037,95.2822
2025-12-31,AST-0037,95.1378
2026-01-01,AST-0037,96.0914
2026-01-02,AST-0037,96.8792
2026-01-05,AST-0037,96.6675
2026-01-06,AST-0037,97.2511
2026-01-07,AST-0037,97.3931
2026-01-08,AST-0037,96.9858
2026-01-09,AST-0037,97.6673
2026-01-12,AST-0037,97.517
2026-01-13,AST-0037,97.3277
2026-01-14,AST-0037,96.8083
2026-01-15,AST-0037,97.103
2026-01-16,AST-0037,96.989
2026-01-19,AST-0037,96.3458
2026-01-20,AST-0037,96.4996
2026-01-21,AST-0037,95.9768
2026-01-22,AST-0037,96.3283
2026-01-23,AST-0037,96.2664
2026-01-26,AST-0037,96.7267
2026-01-27,AST-0037,96.5768
2026-01-28,AST-0037,95.6018
2026-01-29,AST-0037,96.062
2026-01-30,AST-0037,95.9497
2026-02-02,AST-0037,94.9865
2026-02-03,AST-0037,94.711
2026-02-04,AST-0037,95.1847
2026-02-05,AST-0037,95.1815
2026-02-06,AST-0037,94.879
2026-02-09,AST-0037,95.1722
2026-02-10,AST-0037,95.3342
2026-02-11,AST-0037,95.397
2026-02-12,AST-0037,96.1676
2026-02-13,AST-0037,96.3657
2026-02-16,AST-0037,95.5638
2026-02-17,AST-0037,95.0318
2026-02-18,AST-0037,94.5313
2026-02-19,AST-0037,94.913
2026-02-20,AST-0037,95.0651
2026-02-23,AST-0037,94.4127
2026-02-24,AST-0037,93.8589
2026-02-25,AST-0037,94.7626
2026-02-26,AST-0037,95.4619
2026-02-27,AST-0037,95.6284
2026-03-02,AST-0037,95.4305
2026-03-03,AST-0037,94.8445
2026-03-04,AST-0037,95.6059
2026-03-05,AST-0037,95.8588
2026-03-06,AST-0037,96.0823
2026-03-09,AST-0037,95.3656
2026-03-10,AST-0037,95.151
2026-03-11,AST-0037,95.0816
2026-03-12,AST-0037,95.4999
2026-03-13,AST-0037,94.9996
2026-03-16,AST-0037,94.5151
2026-03-17,AST-0037,94.6006
2026-03-18,AST-0037,94.3624
2026-03-19,AST-0037,94.2067
2026-03-20,AST-0037,94.7436
2026-03-23,AST-0037,94.3638
2026-03-24,AST-0037,94.0251
2026-03-25,AST-0037,93.7941
2026-03-26,AST-0037,93.8384
2026-03-27,AST-0037,94.1557
2026-03-30,AST-0037,94.3448
2026-03-31,AST-0037,94.8044
2026-04-01,AST-0037,94.5183
2026-04-02,AST-0037,94.1887
2026-04-03,AST-0037,95.2189
2026-04-06,AST-0037,95.7131
2026-04-07,AST-0037,95.8284
2026-04-08,AST-0037,96.274
2026-04-09,AST-0037,97.0134
2026-04-10,AST-0037,96.8798
2026-04-13,AST-0037,96.7758
2026-04-14,AST-0037,95.9754
2026-04-15,AST-0037,96.71
2026-04-16,AST-0037,97.1532
2026-04-17,AST-0037,97.199
2026-04-20,AST-0037,96.8211
2026-04-21,AST-0037,96.9063
2026-04-22,AST-0037,97.2909
2026-04-23,AST-0037,97.7036
2026-04-24,AST-0037,97.6769
2026-04-27,AST-0037,97.7663
2026-04-28,AST-0037,97.8236
2026-04-29,AST-0037,98.6942
2026-04-30,AST-0037,98.8463
2026-05-01,AST-0037,98.7984
2026-05-04,AST-0037,98.757
2026-05-05,AST-0037,99.2487
2026-05-06,AST-0037,99.3881
2026-05-07,AST-0037,99.8064
2026-05-08,AST-0037,99.9183
2026-05-11,AST-0037,100.8538
2026-05-12,AST-0037,100.8337
2026-05-13,AST-0037,99.7837
2026-05-14,AST-0037,98.8246
2026-05-15,AST-0037,97.6328
2026-05-18,AST-0037,97.4412
2026-05-19,AST-0037,96.96
2026-05-20,AST-0037,97.3494
2026-05-21,AST-0037,97.2216
2026-05-22,AST-0037,96.8026
2026-05-25,AST-0037,96.8855
2026-05-26,AST-0037,96.8514
2026-05-27,AST-0037,97.0655
2026-05-28,AST-0037,97.2705
2026-05-29,AST-0037,97.9175
2026-06-01,AST-0037,97.971
2026-06-02,AST-0037,98.6514
2026-06-03,AST-0037,98.2889
2026-06-04,AST-0037,97.9663
2026-06-05,AST-0037,98.9567
2026-06-08,AST-0037,99.1758
2026-06-09,AST-0037,99.1098
2026-06-10,AST-0037,99.2604
2026-06-11,AST-0037,100.1562
2026-06-12,AST-0037,100.3654
2026-06-15,AST-0037,99.9062
2026-06-16,AST-0037,99.066
2026-06-17,AST-0037,99.6965
2026-06-18,AST-0037,99.6877
2026-06-19,AST-0037,99.7222
2026-06-22,AST-0037,99.8934
2026-06-23,AST-0037,99.5325
2026-06-24,AST-0037,99.3083
2026-06-25,AST-0037,100.419
2026-06-26,AST-0037,100.429
2026-06-29,AST-0037,100.4958
2026-06-30,AST-0037,101.2415
2026-07-01,AST-0037,100.9541
2026-07-02,AST-0037,101.1002
2026-07-03,AST-0037,101.1983
2026-07-06,AST-0037,101.768
2026-07-07,AST-0037,102.1385
2026-07-08,AST-0037,101.5927
2026-07-09,AST-0037,100.6525
2026-07-10,AST-0037,100.8518
2026-07-13,AST-0037,101.3202
2026-07-14,AST-0037,101.166
2026-07-15,AST-0037,101.539
2026-07-16,AST-0037,102.0257
2026-07-17,AST-0037,101.5346
2026-07-20,AST-0037,101.9348
2026-07-21,AST-0037,101.8317
2026-07-22,AST-0037,101.4119
2026-07-23,AST-0037,100.6404
2026-07-24,AST-0037,100.8151
2026-07-27,AST-0037,100.4897
2026-07-28,AST-0037,99.5867
2026-07-29,AST-0037,100.0587
2026-07-30,AST-0037,99.8311
2026-07-31,AST-0037,99.7956
2026-08-03,AST-0037,100.29
2026-08-04,AST-0037,100.0476
2026-08-05,AST-0037,99.8195
2026-08-06,AST-0037,100.2223
2026-08-07,AST-0037,99.5197
2025-07-28,AST-0038,78.0723
2025-07-29,AST-0038,79.1234
2025-07-30,AST-0038,79.3343
2025-07-31,AST-0038,78.9789
2025-08-01,AST-0038,79.0508
2025-08-04,AST-0038,79.4234
2025-08-05,AST-0038,79.5446
2025-08-06,AST-0038,79.8667
2025-08-07,AST-0038,79.7036
2025-08-08,AST-0038,80.209
2025-08-11,AST-0038,80.2688
2025-08-12,AST-0038,80.2759
2025-08-13,AST-0038,80.0369
2025-08-14,AST-0038,80.7555
2025-08-15,AST-0038,81.2159
2025-08-18,AST-0038,81.3497
2025-08-19,AST-0038,81.1963
2025-08-20,AST-0038,81.4369
2025-08-21,AST-0038,81.2747
2025-08-22,AST-0038,81.3377
2025-08-25,AST-0038,80.7997
2025-08-26,AST-0038,80.3512
2025-08-27,AST-0038,80.4472
2025-08-28,AST-0038,80.5227
2025-08-29,AST-0038,81.0691
2025-09-01,AST-0038,81.0022
2025-09-02,AST-0038,80.4659
2025-09-03,AST-0038,80.2934
2025-09-04,AST-0038,79.7645
2025-09-05,AST-0038,80.0289
2025-09-08,AST-0038,79.5962
2025-09-09,AST-0038,79.0961
2025-09-10,AST-0038,79.341
2025-09-11,AST-0038,78.784
2025-09-12,AST-0038,78.2851
2025-09-15,AST-0038,78.5866
2025-09-16,AST-0038,79.0919
2025-09-17,AST-0038,78.4511
2025-09-18,AST-0038,79.2446
2025-09-19,AST-0038,79.0423
2025-09-22,AST-0038,79.4176
2025-09-23,AST-0038,79.5024
2025-09-24,AST-0038,79.4631
2025-09-25,AST-0038,79.4379
2025-09-26,AST-0038,79.9984
2025-09-29,AST-0038,79.4581
2025-09-30,AST-0038,79.9348
2025-10-01,AST-0038,80.6089
2025-10-02,AST-0038,79.561
2025-10-03,AST-0038,78.9991
2025-10-06,AST-0038,78.7371
2025-10-07,AST-0038,79.3604
2025-10-08,AST-0038,79.7042
2025-10-09,AST-0038,80.19
2025-10-10,AST-0038,80.5651
2025-10-13,AST-0038,80.1533
2025-10-14,AST-0038,80.2352
2025-10-15,AST-0038,80.2665
2025-10-16,AST-0038,80.2969
2025-10-17,AST-0038,80.0913
2025-10-20,AST-0038,80.0831
2025-10-21,AST-0038,79.6975
2025-10-22,AST-0038,80.1383
2025-10-23,AST-0038,79.9003
2025-10-24,AST-0038,79.6369
2025-10-27,AST-0038,79.7685
2025-10-28,AST-0038,80.7345
2025-10-29,AST-0038,80.5701
2025-10-30,AST-0038,80.6354
2025-10-31,AST-0038,80.1857
2025-11-03,AST-0038,80.8883
2025-11-04,AST-0038,80.7508
2025-11-05,AST-0038,80.6423
2025-11-06,AST-0038,80.9534
2025-11-07,AST-0038,81.7317
2025-11-10,AST-0038,81.7719
2025-11-11,AST-0038,81.8394
2025-11-12,AST-0038,81.8823
2025-11-13,AST-0038,81.9782
2025-11-14,AST-0038,81.8543
2025-11-17,AST-0038,82.0937
2025-11-18,AST-0038,82.5077
2025-11-19,AST-0038,82.8074
2025-11-20,AST-0038,82.9075
2025-11-21,AST-0038,83.2218
2025-11-24,AST-0038,83.0357
2025-11-25,AST-0038,83.3012
2025-11-26,AST-0038,82.7019
2025-11-27,AST-0038,83.1375
2025-11-28,AST-0038,82.8948
2025-12-01,AST-0038,83.2163
2025-12-02,AST-0038,82.5603
2025-12-03,AST-0038,82.6008
2025-12-04,AST-0038,82.617
2025-12-05,AST-0038,82.9913
2025-12-08,AST-0038,82.555
2025-12-09,AST-0038,82.8749
2025-12-10,AST-0038,82.5574
2025-12-11,AST-0038,81.5545
2025-12-12,AST-0038,81.0542
2025-12-15,AST-0038,80.6886
2025-12-16,AST-0038,80.6714
2025-12-17,AST-0038,80.2635
2025-12-18,AST-0038,79.7652
2025-12-19,AST-0038,79.2609
2025-12-22,AST-0038,79.4577
2025-12-23,AST-0038,79.3947
2025-12-24,AST-0038,79.8245
2025-12-25,AST-0038,80.2177
2025-12-26,AST-0038,79.3646
2025-12-29,AST-0038,79.1813
2025-12-30,AST-0038,79.2412
2025-12-31,AST-0038,79.5251
2026-01-01,AST-0038,79.7246
2026-01-02,AST-0038,80.0329
2026-01-05,AST-0038,79.3485
2026-01-06,AST-0038,79.543
2026-01-07,AST-0038,80.3205
2026-01-08,AST-0038,81.553
2026-01-09,AST-0038,82.0413
2026-01-12,AST-0038,82.43
2026-01-13,AST-0038,82.8154
2026-01-14,AST-0038,82.6631
2026-01-15,AST-0038,82.4627
2026-01-16,AST-0038,82.6509
2026-01-19,AST-0038,83.3535
2026-01-20,AST-0038,83.3009
2026-01-21,AST-0038,83.3966
2026-01-22,AST-0038,83.2207
2026-01-23,AST-0038,82.8805
2026-01-26,AST-0038,84.0364
2026-01-27,AST-0038,83.9266
2026-01-28,AST-0038,84.1092
2026-01-29,AST-0038,84.357
2026-01-30,AST-0038,84.5201
2026-02-02,AST-0038,85.3268
2026-02-03,AST-0038,85.0127
2026-02-04,AST-0038,84.7377
2026-02-05,AST-0038,84.6726
2026-02-06,AST-0038,85.1023
2026-02-09,AST-0038,84.4426
2026-02-10,AST-0038,84.7979
2026-02-11,AST-0038,84.6025
2026-02-12,AST-0038,84.6231
2026-02-13,AST-0038,84.6811
2026-02-16,AST-0038,83.8787
2026-02-17,AST-0038,84.289
2026-02-18,AST-0038,85.4861
2026-02-19,AST-0038,86.0474
2026-02-20,AST-0038,86.4411
2026-02-23,AST-0038,85.9435
2026-02-24,AST-0038,86.2479
2026-02-25,AST-0038,86.7384
2026-02-26,AST-0038,86.4295
2026-02-27,AST-0038,86.582
2026-03-02,AST-0038,86.6238
2026-03-03,AST-0038,86.6258
2026-03-04,AST-0038,87.6765
2026-03-05,AST-0038,87.8017
2026-03-06,AST-0038,87.8998
2026-03-09,AST-0038,87.9219
2026-03-10,AST-0038,88.4003
2026-03-11,AST-0038,88.7534
2026-03-12,AST-0038,89.6679
2026-03-13,AST-0038,90.2877
2026-03-16,AST-0038,91.1125
2026-03-17,AST-0038,91.8289
2026-03-18,AST-0038,91.6042
2026-03-19,AST-0038,91.5708
2026-03-20,AST-0038,90.6665
2026-03-23,AST-0038,91.5964
2026-03-24,AST-0038,92.381
2026-03-25,AST-0038,93.2554
2026-03-26,AST-0038,93.0749
2026-03-27,AST-0038,93.4724
2026-03-30,AST-0038,93.8461
2026-03-31,AST-0038,94.8387
2026-04-01,AST-0038,94.7455
2026-04-02,AST-0038,95.132
2026-04-03,AST-0038,95.5442
2026-04-06,AST-0038,95.6844
2026-04-07,AST-0038,95.7428
2026-04-08,AST-0038,95.9818
2026-04-09,AST-0038,95.3973
2026-04-10,AST-0038,95.7427
2026-04-13,AST-0038,95.2863
2026-04-14,AST-0038,95.2184
2026-04-15,AST-0038,95.8826
2026-04-16,AST-0038,95.1603
2026-04-17,AST-0038,94.6813
2026-04-20,AST-0038,95.1577
2026-04-21,AST-0038,95.6757
2026-04-22,AST-0038,95.7479
2026-04-23,AST-0038,96.4226
2026-04-24,AST-0038,96.497
2026-04-27,AST-0038,97.1185
2026-04-28,AST-0038,97.671
2026-04-29,AST-0038,98.4893
2026-04-30,AST-0038,99.1134
2026-05-01,AST-0038,98.0406
2026-05-04,AST-0038,98.3168
2026-05-05,AST-0038,98.1974
2026-05-06,AST-0038,98.4362
2026-05-07,AST-0038,98.9664
2026-05-08,AST-0038,98.9663
2026-05-11,AST-0038,98.7155
2026-05-12,AST-0038,98.6259
2026-05-13,AST-0038,98.4681
2026-05-14,AST-0038,98.1743
2026-05-15,AST-0038,98.3493
2026-05-18,AST-0038,98.6787
2026-05-19,AST-0038,99.4671
2026-05-20,AST-0038,99.719
2026-05-21,AST-0038,98.5678
2026-05-22,AST-0038,98.9435
2026-05-25,AST-0038,99.0837
2026-05-26,AST-0038,99.1979
2026-05-27,AST-0038,99.1361
2026-05-28,AST-0038,98.3994
2026-05-29,AST-0038,98.2601
2026-06-01,AST-0038,97.7223
2026-06-02,AST-0038,97.4
2026-06-03,AST-0038,97.3086
2026-06-04,AST-0038,97.8059
2026-06-05,AST-0038,97.9436
2026-06-08,AST-0038,97.7995
2026-06-09,AST-0038,98.046
2026-06-10,AST-0038,98.4025
2026-06-11,AST-0038,97.6992
2026-06-12,AST-0038,97.839
2026-06-15,AST-0038,97.8313
2026-06-16,AST-0038,97.6487
2026-06-17,AST-0038,98.348
2026-06-18,AST-0038,98.1863
2026-06-19,AST-0038,98.4878
2026-06-22,AST-0038,98.6138
2026-06-23,AST-0038,98.2797
2026-06-24,AST-0038,98.2984
2026-06-25,AST-0038,98.8033
2026-06-26,AST-0038,98.8939
2026-06-29,AST-0038,97.6966
2026-06-30,AST-0038,97.7203
2026-07-01,AST-0038,97.8683
2026-07-02,AST-0038,97.1764
2026-07-03,AST-0038,97.857
2026-07-06,AST-0038,98.5729
2026-07-07,AST-0038,97.9089
2026-07-08,AST-0038,97.2139
2026-07-09,AST-0038,96.6264
2026-07-10,AST-0038,96.2554
2026-07-13,AST-0038,97.1646
2026-07-14,AST-0038,96.6979
2026-07-15,AST-0038,96.6163
2026-07-16,AST-0038,96.9725
2026-07-17,AST-0038,97.7924
2026-07-20,AST-0038,98.5784
2026-07-21,AST-0038,99.2477
2026-07-22,AST-0038,98.535
2026-07-23,AST-0038,99.19
2026-07-24,AST-0038,99.0222
2026-07-27,AST-0038,98.7092
2026-07-28,AST-0038,99.0544
2026-07-29,AST-0038,98.1438
2026-07-30,AST-0038,98.3993
2026-07-31,AST-0038,97.9173
2026-08-03,AST-0038,98.9079
2026-08-04,AST-0038,99.1687
2026-08-05,AST-0038,98.6992
2026-08-06,AST-0038,99.3583
2026-08-07,AST-0038,99.6655
2025-07-28,AST-0039,301.3242
2025-07-29,AST-0039,301.1614
2025-07-30,AST-0039,301.4979
2025-07-31,AST-0039,306.265
2025-08-01,AST-0039,307.9623
2025-08-04,AST-0039,309.2496
2025-08-05,AST-0039,304.83
2025-08-06,AST-0039,304.0453
2025-08-07,AST-0039,300.6311
2025-08-08,AST-0039,300.5793
2025-08-11,AST-0039,295.2682
2025-08-12,AST-0039,297.4688
2025-08-13,AST-0039,296.5759
2025-08-14,AST-0039,298.5678
2025-08-15,AST-0039,292.4754
2025-08-18,AST-0039,291.0837
2025-08-19,AST-0039,291.9771
2025-08-20,AST-0039,297.4509
2025-08-21,AST-0039,298.1188
2025-08-22,AST-0039,294.7031
2025-08-25,AST-0039,294.2725
2025-08-26,AST-0039,303.8616
2025-08-27,AST-0039,303.3306
2025-08-28,AST-0039,300.7964
2025-08-29,AST-0039,296.7044
2025-09-01,AST-0039,302.0938
2025-09-02,AST-0039,297.4843
2025-09-03,AST-0039,293.8086
2025-09-04,AST-0039,293.2021
2025-09-05,AST-0039,301.943
2025-09-08,AST-0039,299.9299
2025-09-09,AST-0039,299.1815
2025-09-10,AST-0039,301.1347
2025-09-11,AST-0039,300.3244
2025-09-12,AST-0039,295.3315
2025-09-15,AST-0039,293.2936
2025-09-16,AST-0039,290.5094
2025-09-17,AST-0039,290.1322
2025-09-18,AST-0039,289.372
2025-09-19,AST-0039,286.6399
2025-09-22,AST-0039,286.7834
2025-09-23,AST-0039,284.0431
2025-09-24,AST-0039,276.6754
2025-09-25,AST-0039,276.2763
2025-09-26,AST-0039,275.566
2025-09-29,AST-0039,275.5776
2025-09-30,AST-0039,275.5446
2025-10-01,AST-0039,284.4759
2025-10-02,AST-0039,282.0465
2025-10-03,AST-0039,282.2852
2025-10-06,AST-0039,279.9706
2025-10-07,AST-0039,284.7596
2025-10-08,AST-0039,282.6191
2025-10-09,AST-0039,286.0651
2025-10-10,AST-0039,286.0603
2025-10-13,AST-0039,286.4039
2025-10-14,AST-0039,288.4963
2025-10-15,AST-0039,294.5425
2025-10-16,AST-0039,293.8631
2025-10-17,AST-0039,303.7009
2025-10-20,AST-0039,305.5595
2025-10-21,AST-0039,310.0763
2025-10-22,AST-0039,310.3521
2025-10-23,AST-0039,312.5036
2025-10-24,AST-0039,314.9854
2025-10-27,AST-0039,316.3883
2025-10-28,AST-0039,316.0578
2025-10-29,AST-0039,324.2063
2025-10-30,AST-0039,320.1558
2025-10-31,AST-0039,318.9833
2025-11-03,AST-0039,311.6426
2025-11-04,AST-0039,309.7431
2025-11-05,AST-0039,304.4689
2025-11-06,AST-0039,308.4163
2025-11-07,AST-0039,302.9048
2025-11-10,AST-0039,302.0834
2025-11-11,AST-0039,300.8798
2025-11-12,AST-0039,303.2008
2025-11-13,AST-0039,306.5407
2025-11-14,AST-0039,309.6129
2025-11-17,AST-0039,303.1727
2025-11-18,AST-0039,303.1708
2025-11-19,AST-0039,303.7037
2025-11-20,AST-0039,297.4407
2025-11-21,AST-0039,304.6228
2025-11-24,AST-0039,303.011
2025-11-25,AST-0039,311.4077
2025-11-26,AST-0039,310.2082
2025-11-27,AST-0039,308.6714
2025-11-28,AST-0039,303.2728
2025-12-01,AST-0039,304.4756
2025-12-02,AST-0039,307.7501
2025-12-03,AST-0039,310.5025
2025-12-04,AST-0039,310.111
2025-12-05,AST-0039,306.615
2025-12-08,AST-0039,310.2879
2025-12-09,AST-0039,309.0481
2025-12-10,AST-0039,304.4581
2025-12-11,AST-0039,307.2645
2025-12-12,AST-0039,315.9247
2025-12-15,AST-0039,308.9663
2025-12-16,AST-0039,307.913
2025-12-17,AST-0039,306.3533
2025-12-18,AST-0039,305.9645
2025-12-19,AST-0039,303.3089
2025-12-22,AST-0039,306.4657
2025-12-23,AST-0039,301.1486
2025-12-24,AST-0039,305.4084
2025-12-25,AST-0039,300.4898
2025-12-26,AST-0039,297.754
2025-12-29,AST-0039,290.8856
2025-12-30,AST-0039,292.619
2025-12-31,AST-0039,290.9724
2026-01-01,AST-0039,291.4809
2026-01-02,AST-0039,299.3747
2026-01-05,AST-0039,299.0801
2026-01-06,AST-0039,297.3779
2026-01-07,AST-0039,296.6296
2026-01-08,AST-0039,298.3584
2026-01-09,AST-0039,301.752
2026-01-12,AST-0039,301.2469
2026-01-13,AST-0039,304.6655
2026-01-14,AST-0039,305.5718
2026-01-15,AST-0039,306.9333
2026-01-16,AST-0039,305.6154
2026-01-19,AST-0039,307.1286
2026-01-20,AST-0039,304.3669
2026-01-21,AST-0039,300.8243
2026-01-22,AST-0039,306.0818
2026-01-23,AST-0039,297.255
2026-01-26,AST-0039,303.4829
2026-01-27,AST-0039,300.8819
2026-01-28,AST-0039,299.2868
2026-01-29,AST-0039,299.8969
2026-01-30,AST-0039,299.8699
2026-02-02,AST-0039,299.214
2026-02-03,AST-0039,303.8177
2026-02-04,AST-0039,303.8485
2026-02-05,AST-0039,306.657
2026-02-06,AST-0039,307.1027
2026-02-09,AST-0039,308.5533
2026-02-10,AST-0039,315.6274
2026-02-11,AST-0039,313.9195
2026-02-12,AST-0039,315.8642
2026-02-13,AST-0039,314.4238
2026-02-16,AST-0039,314.2172
2026-02-17,AST-0039,306.2872
2026-02-18,AST-0039,309.1888
2026-02-19,AST-0039,310.0652
2026-02-20,AST-0039,306.6636
2026-02-23,AST-0039,304.2214
2026-02-24,AST-0039,304.0785
2026-02-25,AST-0039,305.618
2026-02-26,AST-0039,306.2935
2026-02-27,AST-0039,309.8878
2026-03-02,AST-0039,303.1155
2026-03-03,AST-0039,303.3272
2026-03-04,AST-0039,306.094
2026-03-05,AST-0039,305.5193
2026-03-06,AST-0039,305.4329
2026-03-09,AST-0039,303.0328
2026-03-10,AST-0039,297.6187
2026-03-11,AST-0039,303.6403
2026-03-12,AST-0039,302.1543
2026-03-13,AST-0039,310.0775
2026-03-16,AST-0039,304.2589
2026-03-17,AST-0039,307.5201
2026-03-18,AST-0039,306.0697
2026-03-19,AST-0039,300.2327
2026-03-20,AST-0039,299.3062
2026-03-23,AST-0039,302.6446
2026-03-24,AST-0039,299.934
2026-03-25,AST-0039,300.1937
2026-03-26,AST-0039,308.4208
2026-03-27,AST-0039,313.0531
2026-03-30,AST-0039,312.7357
2026-03-31,AST-0039,310.4211
2026-04-01,AST-0039,308.1116
2026-04-02,AST-0039,304.3447
2026-04-03,AST-0039,304.7477
2026-04-06,AST-0039,304.1608
2026-04-07,AST-0039,300.2245
2026-04-08,AST-0039,303.0135
2026-04-09,AST-0039,299.9089
2026-04-10,AST-0039,294.528
2026-04-13,AST-0039,297.493
2026-04-14,AST-0039,294.0515
2026-04-15,AST-0039,302.7274
2026-04-16,AST-0039,308.8791
2026-04-17,AST-0039,306.3785
2026-04-20,AST-0039,302.3248
2026-04-21,AST-0039,298.8213
2026-04-22,AST-0039,306.1114
2026-04-23,AST-0039,302.6798
2026-04-24,AST-0039,302.709
2026-04-27,AST-0039,301.0021
2026-04-28,AST-0039,305.0287
2026-04-29,AST-0039,306.8193
2026-04-30,AST-0039,304.8029
2026-05-01,AST-0039,305.2249
2026-05-04,AST-0039,313.5267
2026-05-05,AST-0039,309.579
2026-05-06,AST-0039,303.373
2026-05-07,AST-0039,304.4468
2026-05-08,AST-0039,305.7951
2026-05-11,AST-0039,304.6623
2026-05-12,AST-0039,305.0688
2026-05-13,AST-0039,297.7611
2026-05-14,AST-0039,288.8627
2026-05-15,AST-0039,282.5018
2026-05-18,AST-0039,283.6128
2026-05-19,AST-0039,280.6019
2026-05-20,AST-0039,279.1563
2026-05-21,AST-0039,275.8614
2026-05-22,AST-0039,275.5614
2026-05-25,AST-0039,274.1009
2026-05-26,AST-0039,278.9288
2026-05-27,AST-0039,276.7528
2026-05-28,AST-0039,277.112
2026-05-29,AST-0039,277.0151
2026-06-01,AST-0039,269.2991
2026-06-02,AST-0039,272.467
2026-06-03,AST-0039,271.9883
2026-06-04,AST-0039,271.5629
2026-06-05,AST-0039,279.1089
2026-06-08,AST-0039,282.3487
2026-06-09,AST-0039,283.7698
2026-06-10,AST-0039,281.5902
2026-06-11,AST-0039,278.2009
2026-06-12,AST-0039,275.0313
2026-06-15,AST-0039,279.9149
2026-06-16,AST-0039,282.9141
2026-06-17,AST-0039,279.0717
2026-06-18,AST-0039,278.6353
2026-06-19,AST-0039,279.8204
2026-06-22,AST-0039,280.1228
2026-06-23,AST-0039,282.4632
2026-06-24,AST-0039,278.3327
2026-06-25,AST-0039,275.8162
2026-06-26,AST-0039,275.9148
2026-06-29,AST-0039,276.415
2026-06-30,AST-0039,279.1784
2026-07-01,AST-0039,279.2332
2026-07-02,AST-0039,277.2738
2026-07-03,AST-0039,277.3572
2026-07-06,AST-0039,285.9513
2026-07-07,AST-0039,288.1145
2026-07-08,AST-0039,290.6313
2026-07-09,AST-0039,297.6629
2026-07-10,AST-0039,296.23
2026-07-13,AST-0039,294.7609
2026-07-14,AST-0039,295.3055
2026-07-15,AST-0039,300.403
2026-07-16,AST-0039,304.1113
2026-07-17,AST-0039,306.4819
2026-07-20,AST-0039,307.8776
2026-07-21,AST-0039,303.0032
2026-07-22,AST-0039,300.1241
2026-07-23,AST-0039,296.7005
2026-07-24,AST-0039,286.1481
2026-07-27,AST-0039,286.0639
2026-07-28,AST-0039,289.6049
2026-07-29,AST-0039,283.4797
2026-07-30,AST-0039,288.1727
2026-07-31,AST-0039,287.4645
2026-08-03,AST-0039,285.8633
2026-08-04,AST-0039,288.8426
2026-08-05,AST-0039,285.7321
2026-08-06,AST-0039,291.4347
2026-08-07,AST-0039,293.524
2025-07-28,AST-0040,148.3807
2025-07-29,AST-0040,148.9937
2025-07-30,AST-0040,146.5073
2025-07-31,AST-0040,145.3887
2025-08-01,AST-0040,146.0932
2025-08-04,AST-0040,149.0389
2025-08-05,AST-0040,151.2743
2025-08-06,AST-0040,150.9229
2025-08-07,AST-0040,153.7182
2025-08-08,AST-0040,153.5832
2025-08-11,AST-0040,159.1789
2025-08-12,AST-0040,159.8158
2025-08-13,AST-0040,157.931
2025-08-14,AST-0040,156.756
2025-08-15,AST-0040,156.7665
2025-08-18,AST-0040,154.4905
2025-08-19,AST-0040,150.888
2025-08-20,AST-0040,152.1786
2025-08-21,AST-0040,152.6231
2025-08-22,AST-0040,150.6043
2025-08-25,AST-0040,151.8457
2025-08-26,AST-0040,152.3238
2025-08-27,AST-0040,150.9274
2025-08-28,AST-0040,145.5634
2025-08-29,AST-0040,146.6785
2025-09-01,AST-0040,149.9887
2025-09-02,AST-0040,150.2039
2025-09-03,AST-0040,150.7276
2025-09-04,AST-0040,148.766
2025-09-05,AST-0040,151.1373
2025-09-08,AST-0040,153.1909
2025-09-09,AST-0040,154.8809
2025-09-10,AST-0040,157.0698
2025-09-11,AST-0040,158.332
2025-09-12,AST-0040,156.2377
2025-09-15,AST-0040,157.6898
2025-09-16,AST-0040,157.2842
2025-09-17,AST-0040,160.9174
2025-09-18,AST-0040,159.545
2025-09-19,AST-0040,157.7594
2025-09-22,AST-0040,156.7137
2025-09-23,AST-0040,157.3525
2025-09-24,AST-0040,157.804
2025-09-25,AST-0040,157.3487
2025-09-26,AST-0040,155.8371
2025-09-29,AST-0040,154.9485
2025-09-30,AST-0040,157.1709
2025-10-01,AST-0040,156.782
2025-10-02,AST-0040,154.5025
2025-10-03,AST-0040,155.1912
2025-10-06,AST-0040,155.9777
2025-10-07,AST-0040,153.7118
2025-10-08,AST-0040,154.6214
2025-10-09,AST-0040,150.5853
2025-10-10,AST-0040,151.8665
2025-10-13,AST-0040,151.4161
2025-10-14,AST-0040,151.4881
2025-10-15,AST-0040,148.2284
2025-10-16,AST-0040,146.8349
2025-10-17,AST-0040,146.912
2025-10-20,AST-0040,146.4562
2025-10-21,AST-0040,151.1998
2025-10-22,AST-0040,151.624
2025-10-23,AST-0040,154.1872
2025-10-24,AST-0040,152.6826
2025-10-27,AST-0040,153.8481
2025-10-28,AST-0040,152.5666
2025-10-29,AST-0040,153.1816
2025-10-30,AST-0040,154.1547
2025-10-31,AST-0040,154.0804
2025-11-03,AST-0040,156.0752
2025-11-04,AST-0040,157.2078
2025-11-05,AST-0040,157.628
2025-11-06,AST-0040,156.3598
2025-11-07,AST-0040,157.0576
2025-11-10,AST-0040,156.8954
2025-11-11,AST-0040,156.4346
2025-11-12,AST-0040,153.5303
2025-11-13,AST-0040,150.3434
2025-11-14,AST-0040,150.7707
2025-11-17,AST-0040,154.0914
2025-11-18,AST-0040,151.8767
2025-11-19,AST-0040,150.6418
2025-11-20,AST-0040,150.4033
2025-11-21,AST-0040,148.0182
2025-11-24,AST-0040,148.2773
2025-11-25,AST-0040,146.5931
2025-11-26,AST-0040,146.085
2025-11-27,AST-0040,146.1723
2025-11-28,AST-0040,144.6937
2025-12-01,AST-0040,149.8562
2025-12-02,AST-0040,150.9948
2025-12-03,AST-0040,149.4348
2025-12-04,AST-0040,148.848
2025-12-05,AST-0040,147.9952
2025-12-08,AST-0040,148.9151
2025-12-09,AST-0040,149.0689
2025-12-10,AST-0040,147.2508
2025-12-11,AST-0040,146.2192
2025-12-12,AST-0040,146.247
2025-12-15,AST-0040,149.8569
2025-12-16,AST-0040,153.0187
2025-12-17,AST-0040,155.1412
2025-12-18,AST-0040,155.7634
2025-12-19,AST-0040,157.0548
2025-12-22,AST-0040,158.4425
2025-12-23,AST-0040,155.8072
2025-12-24,AST-0040,153.7268
2025-12-25,AST-0040,156.0808
2025-12-26,AST-0040,154.4799
2025-12-29,AST-0040,157.3158
2025-12-30,AST-0040,158.6174
2025-12-31,AST-0040,156.1274
2026-01-01,AST-0040,158.3677
2026-01-02,AST-0040,161.1402
2026-01-05,AST-0040,158.479
2026-01-06,AST-0040,158.0366
2026-01-07,AST-0040,155.8262
2026-01-08,AST-0040,154.2724
2026-01-09,AST-0040,154.842
2026-01-12,AST-0040,156.3064
2026-01-13,AST-0040,159.9167
2026-01-14,AST-0040,158.7081
2026-01-15,AST-0040,159.5743
2026-01-16,AST-0040,157.739
2026-01-19,AST-0040,156.1659
2026-01-20,AST-0040,153.4655
2026-01-21,AST-0040,154.9315
2026-01-22,AST-0040,154.0264
2026-01-23,AST-0040,152.5908
2026-01-26,AST-0040,153.3244
2026-01-27,AST-0040,153.0204
2026-01-28,AST-0040,152.801
2026-01-29,AST-0040,155.8191
2026-01-30,AST-0040,155.7989
2026-02-02,AST-0040,153.4791
2026-02-03,AST-0040,153.7143
2026-02-04,AST-0040,154.1793
2026-02-05,AST-0040,153.2434
2026-02-06,AST-0040,154.0003
2026-02-09,AST-0040,152.1822
2026-02-10,AST-0040,155.6268
2026-02-11,AST-0040,152.9651
2026-02-12,AST-0040,154.0089
2026-02-13,AST-0040,154.2455
2026-02-16,AST-0040,157.6683
2026-02-17,AST-0040,156.7561
2026-02-18,AST-0040,158.9526
2026-02-19,AST-0040,161.4269
2026-02-20,AST-0040,162.7961
2026-02-23,AST-0040,162.8487
2026-02-24,AST-0040,159.3432
2026-02-25,AST-0040,162.7269
2026-02-26,AST-0040,161.949
2026-02-27,AST-0040,160.5266
2026-03-02,AST-0040,164.7608
2026-03-03,AST-0040,164.1741
2026-03-04,AST-0040,161.8318
2026-03-05,AST-0040,160.1948
2026-03-06,AST-0040,161.4169
2026-03-09,AST-0040,161.1753
2026-03-10,AST-0040,161.3121
2026-03-11,AST-0040,160.4189
2026-03-12,AST-0040,161.2785
2026-03-13,AST-0040,160.7284
2026-03-16,AST-0040,159.9534
2026-03-17,AST-0040,159.9057
2026-03-18,AST-0040,163.9711
2026-03-19,AST-0040,162.7106
2026-03-20,AST-0040,162.8644
2026-03-23,AST-0040,163.4107
2026-03-24,AST-0040,162.6422
2026-03-25,AST-0040,162.3574
2026-03-26,AST-0040,164.3041
2026-03-27,AST-0040,168.3199
2026-03-30,AST-0040,166.4302
2026-03-31,AST-0040,165.1693
2026-04-01,AST-0040,164.7168
2026-04-02,AST-0040,164.9807
2026-04-03,AST-0040,166.886
2026-04-06,AST-0040,167.7337
2026-04-07,AST-0040,169.7961
2026-04-08,AST-0040,171.2563
2026-04-09,AST-0040,171.1232
2026-04-10,AST-0040,169.753
2026-04-13,AST-0040,171.6856
2026-04-14,AST-0040,169.5963
2026-04-15,AST-0040,168.6554
2026-04-16,AST-0040,169.5743
2026-04-17,AST-0040,167.571
2026-04-20,AST-0040,168.218
2026-04-21,AST-0040,171.442
2026-04-22,AST-0040,174.0858
2026-04-23,AST-0040,174.6631
2026-04-24,AST-0040,178.4406
2026-04-27,AST-0040,177.6068
2026-04-28,AST-0040,175.8559
2026-04-29,AST-0040,174.7746
2026-04-30,AST-0040,175.2399
2026-05-01,AST-0040,173.2995
2026-05-04,AST-0040,173.2179
2026-05-05,AST-0040,173.9027
2026-05-06,AST-0040,176.3962
2026-05-07,AST-0040,175.9029
2026-05-08,AST-0040,178.0131
2026-05-11,AST-0040,182.8936
2026-05-12,AST-0040,182.6079
2026-05-13,AST-0040,182.3928
2026-05-14,AST-0040,180.3256
2026-05-15,AST-0040,179.9362
2026-05-18,AST-0040,179.9895
2026-05-19,AST-0040,180.4698
2026-05-20,AST-0040,176.2214
2026-05-21,AST-0040,174.7015
2026-05-22,AST-0040,173.3021
2026-05-25,AST-0040,173.7272
2026-05-26,AST-0040,173.215
2026-05-27,AST-0040,176.5994
2026-05-28,AST-0040,174.2814
2026-05-29,AST-0040,180.5781
2026-06-01,AST-0040,180.9395
2026-06-02,AST-0040,181.0804
2026-06-03,AST-0040,181.7858
2026-06-04,AST-0040,182.2901
2026-06-05,AST-0040,183.2622
2026-06-08,AST-0040,183.9383
2026-06-09,AST-0040,187.066
2026-06-10,AST-0040,186.6656
2026-06-11,AST-0040,184.2596
2026-06-12,AST-0040,186.7025
2026-06-15,AST-0040,191.1846
2026-06-16,AST-0040,187.008
2026-06-17,AST-0040,186.2207
2026-06-18,AST-0040,188.2503
2026-06-19,AST-0040,185.2363
2026-06-22,AST-0040,187.295
2026-06-23,AST-0040,190.4827
2026-06-24,AST-0040,190.4287
2026-06-25,AST-0040,192.4999
2026-06-26,AST-0040,196.6192
2026-06-29,AST-0040,193.1102
2026-06-30,AST-0040,195.6437
2026-07-01,AST-0040,197.4562
2026-07-02,AST-0040,200.1908
2026-07-03,AST-0040,200.4128
2026-07-06,AST-0040,203.6561
2026-07-07,AST-0040,206.1997
2026-07-08,AST-0040,201.6645
2026-07-09,AST-0040,202.8442
2026-07-10,AST-0040,201.8169
2026-07-13,AST-0040,202.7638
2026-07-14,AST-0040,204.1611
2026-07-15,AST-0040,204.6051
2026-07-16,AST-0040,203.2839
2026-07-17,AST-0040,203.1489
2026-07-20,AST-0040,204.9945
2026-07-21,AST-0040,206.3233
2026-07-22,AST-0040,204.1951
2026-07-23,AST-0040,203.3429
2026-07-24,AST-0040,203.8793
2026-07-27,AST-0040,202.5977
2026-07-28,AST-0040,202.7862
2026-07-29,AST-0040,204.3645
2026-07-30,AST-0040,199.5702
2026-07-31,AST-0040,199.1878
2026-08-03,AST-0040,200.3599
2026-08-04,AST-0040,199.5818
2026-08-05,AST-0040,199.8974
2026-08-06,AST-0040,198.6919
2026-08-07,AST-0040,196.5079
2025-07-28,AST-0041,117.3995
2025-07-29,AST-0041,118.5746
2025-07-30,AST-0041,118.1221
2025-07-31,AST-0041,118.0571
2025-08-01,AST-0041,122.2929
2025-08-04,AST-0041,123.4044
2025-08-05,AST-0041,125.8363
2025-08-06,AST-0041,125.3522
2025-08-07,AST-0041,126.088
2025-08-08,AST-0041,123.7229
2025-08-11,AST-0041,122.431
2025-08-12,AST-0041,120.1321
2025-08-13,AST-0041,118.3758
2025-08-14,AST-0041,118.0646
2025-08-15,AST-0041,118.84
2025-08-18,AST-0041,120.7882
2025-08-19,AST-0041,119.9226
2025-08-20,AST-0041,124.3449
2025-08-21,AST-0041,122.8478
2025-08-22,AST-0041,120.3339
2025-08-25,AST-0041,117.372
2025-08-26,AST-0041,116.8185
2025-08-27,AST-0041,118.5573
2025-08-28,AST-0041,119.8872
2025-08-29,AST-0041,121.4312
2025-09-01,AST-0041,120.4048
2025-09-02,AST-0041,118.1253
2025-09-03,AST-0041,117.6777
2025-09-04,AST-0041,116.5667
2025-09-05,AST-0041,118.405
2025-09-08,AST-0041,118.061
2025-09-09,AST-0041,119.5221
2025-09-10,AST-0041,119.889
2025-09-11,AST-0041,119.5475
2025-09-12,AST-0041,119.9945
2025-09-15,AST-0041,121.6487
2025-09-16,AST-0041,119.6143
2025-09-17,AST-0041,116.9928
2025-09-18,AST-0041,117.0192
2025-09-19,AST-0041,118.8095
2025-09-22,AST-0041,118.9356
2025-09-23,AST-0041,119.7214
2025-09-24,AST-0041,121.2351
2025-09-25,AST-0041,121.7321
2025-09-26,AST-0041,126.2565
2025-09-29,AST-0041,128.5009
2025-09-30,AST-0041,128.976
2025-10-01,AST-0041,131.3556
2025-10-02,AST-0041,126.7323
2025-10-03,AST-0041,125.628
2025-10-06,AST-0041,128.4828
2025-10-07,AST-0041,123.4328
2025-10-08,AST-0041,125.4
2025-10-09,AST-0041,125.7733
2025-10-10,AST-0041,127.5291
2025-10-13,AST-0041,128.8423
2025-10-14,AST-0041,128.6907
2025-10-15,AST-0041,128.1097
2025-10-16,AST-0041,126.1072
2025-10-17,AST-0041,126.7092
2025-10-20,AST-0041,124.3458
2025-10-21,AST-0041,125.7156
2025-10-22,AST-0041,128.4856
2025-10-23,AST-0041,126.9206
2025-10-24,AST-0041,126.1406
2025-10-27,AST-0041,124.7775
2025-10-28,AST-0041,123.3111
2025-10-29,AST-0041,124.08
2025-10-30,AST-0041,124.7193
2025-10-31,AST-0041,123.9342
2025-11-03,AST-0041,123.1381
2025-11-04,AST-0041,121.636
2025-11-05,AST-0041,119.9619
2025-11-06,AST-0041,119.6719
2025-11-07,AST-0041,119.0362
2025-11-10,AST-0041,118.8306
2025-11-11,AST-0041,114.1542
2025-11-12,AST-0041,114.5074
2025-11-13,AST-0041,114.0648
2025-11-14,AST-0041,114.3113
2025-11-17,AST-0041,115.606
2025-11-18,AST-0041,116.8846
2025-11-19,AST-0041,116.5632
2025-11-20,AST-0041,116.0669
2025-11-21,AST-0041,115.7455
2025-11-24,AST-0041,120.1647
2025-11-25,AST-0041,118.7169
2025-11-26,AST-0041,119.3799
2025-11-27,AST-0041,121.0138
2025-11-28,AST-0041,120.8048
2025-12-01,AST-0041,121.3546
2025-12-02,AST-0041,121.4998
2025-12-03,AST-0041,119.8876
2025-12-04,AST-0041,120.3459
2025-12-05,AST-0041,119.5185
2025-12-08,AST-0041,119.9533
2025-12-09,AST-0041,119.5454
2025-12-10,AST-0041,118.6144
2025-12-11,AST-0041,116.5048
2025-12-12,AST-0041,117.4908
2025-12-15,AST-0041,117.192
2025-12-16,AST-0041,119.395
2025-12-17,AST-0041,121.5078
2025-12-18,AST-0041,120.4414
2025-12-19,AST-0041,121.2431
2025-12-22,AST-0041,121.713
2025-12-23,AST-0041,121.0261
2025-12-24,AST-0041,120.5368
2025-12-25,AST-0041,123.3303
2025-12-26,AST-0041,120.6457
2025-12-29,AST-0041,121.4326
2025-12-30,AST-0041,124.6787
2025-12-31,AST-0041,123.2271
2026-01-01,AST-0041,122.581
2026-01-02,AST-0041,126.3461
2026-01-05,AST-0041,123.934
2026-01-06,AST-0041,124.5562
2026-01-07,AST-0041,123.8704
2026-01-08,AST-0041,122.5135
2026-01-09,AST-0041,126.9108
2026-01-12,AST-0041,125.6923
2026-01-13,AST-0041,129.3935
2026-01-14,AST-0041,128.558
2026-01-15,AST-0041,128.2743
2026-01-16,AST-0041,129.1004
2026-01-19,AST-0041,130.1683
2026-01-20,AST-0041,133.8367
2026-01-21,AST-0041,133.7508
2026-01-22,AST-0041,134.3358
2026-01-23,AST-0041,132.3952
2026-01-26,AST-0041,136.1732
2026-01-27,AST-0041,137.7099
2026-01-28,AST-0041,137.7805
2026-01-29,AST-0041,143.1657
2026-01-30,AST-0041,141.6027
2026-02-02,AST-0041,144.2771
2026-02-03,AST-0041,141.4852
2026-02-04,AST-0041,141.7622
2026-02-05,AST-0041,140.9763
2026-02-06,AST-0041,140.9408
2026-02-09,AST-0041,142.9207
2026-02-10,AST-0041,144.1446
2026-02-11,AST-0041,147.1085
2026-02-12,AST-0041,146.6278
2026-02-13,AST-0041,147.4021
2026-02-16,AST-0041,147.4502
2026-02-17,AST-0041,146.3453
2026-02-18,AST-0041,149.2452
2026-02-19,AST-0041,153.549
2026-02-20,AST-0041,152.911
2026-02-23,AST-0041,151.9468
2026-02-24,AST-0041,150.6054
2026-02-25,AST-0041,153.5762
2026-02-26,AST-0041,154.3655
2026-02-27,AST-0041,151.799
2026-03-02,AST-0041,155.5272
2026-03-03,AST-0041,159.1499
2026-03-04,AST-0041,161.576
2026-03-05,AST-0041,161.6203
2026-03-06,AST-0041,162.538
2026-03-09,AST-0041,163.6713
2026-03-10,AST-0041,166.384
2026-03-11,AST-0041,164.6897
2026-03-12,AST-0041,164.9282
2026-03-13,AST-0041,169.4253
2026-03-16,AST-0041,168.086
2026-03-17,AST-0041,170.0307
2026-03-18,AST-0041,172.3746
2026-03-19,AST-0041,175.6914
2026-03-20,AST-0041,177.211
2026-03-23,AST-0041,177.5569
2026-03-24,AST-0041,179.9403
2026-03-25,AST-0041,178.2216
2026-03-26,AST-0041,176.6476
2026-03-27,AST-0041,175.0076
2026-03-30,AST-0041,176.5375
2026-03-31,AST-0041,174.7156
2026-04-01,AST-0041,175.6336
2026-04-02,AST-0041,171.9332
2026-04-03,AST-0041,172.6392
2026-04-06,AST-0041,172.4784
2026-04-07,AST-0041,175.6587
2026-04-08,AST-0041,175.2891
2026-04-09,AST-0041,175.2262
2026-04-10,AST-0041,174.4068
2026-04-13,AST-0041,168.8068
2026-04-14,AST-0041,169.618
2026-04-15,AST-0041,168.0298
2026-04-16,AST-0041,169.6637
2026-04-17,AST-0041,170.907
2026-04-20,AST-0041,167.2161
2026-04-21,AST-0041,168.3431
2026-04-22,AST-0041,172.7629
2026-04-23,AST-0041,174.6036
2026-04-24,AST-0041,174.7828
2026-04-27,AST-0041,172.3798
2026-04-28,AST-0041,172.5424
2026-04-29,AST-0041,172.2165
2026-04-30,AST-0041,170.7431
2026-05-01,AST-0041,169.492
2026-05-04,AST-0041,169.128
2026-05-05,AST-0041,166.8306
2026-05-06,AST-0041,166.6235
2026-05-07,AST-0041,168.6202
2026-05-08,AST-0041,167.5285
2026-05-11,AST-0041,165.9634
2026-05-12,AST-0041,165.5551
2026-05-13,AST-0041,164.8499
2026-05-14,AST-0041,164.159
2026-05-15,AST-0041,159.8414
2026-05-18,AST-0041,160.3695
2026-05-19,AST-0041,162.942
2026-05-20,AST-0041,166.0413
2026-05-21,AST-0041,163.5921
2026-05-22,AST-0041,163.4061
2026-05-25,AST-0041,163.7069
2026-05-26,AST-0041,164.8347
2026-05-27,AST-0041,164.6223
2026-05-28,AST-0041,164.2044
2026-05-29,AST-0041,162.5875
2026-06-01,AST-0041,161.5228
2026-06-02,AST-0041,163.126
2026-06-03,AST-0041,160.4413
2026-06-04,AST-0041,163.626
2026-06-05,AST-0041,164.9499
2026-06-08,AST-0041,166.6877
2026-06-09,AST-0041,168.9883
2026-06-10,AST-0041,167.367
2026-06-11,AST-0041,166.9914
2026-06-12,AST-0041,167.5669
2026-06-15,AST-0041,169.9102
2026-06-16,AST-0041,169.3808
2026-06-17,AST-0041,166.9204
2026-06-18,AST-0041,169.5153
2026-06-19,AST-0041,164.8219
2026-06-22,AST-0041,164.102
2026-06-23,AST-0041,164.4763
2026-06-24,AST-0041,164.4243
2026-06-25,AST-0041,166.695
2026-06-26,AST-0041,171.9322
2026-06-29,AST-0041,172.6885
2026-06-30,AST-0041,172.294
2026-07-01,AST-0041,175.4255
2026-07-02,AST-0041,171.4106
2026-07-03,AST-0041,173.83
2026-07-06,AST-0041,177.6613
2026-07-07,AST-0041,173.0631
2026-07-08,AST-0041,172.1582
2026-07-09,AST-0041,173.1319
2026-07-10,AST-0041,174.1432
2026-07-13,AST-0041,174.3003
2026-07-14,AST-0041,174.241
2026-07-15,AST-0041,172.7397
2026-07-16,AST-0041,172.2
2026-07-17,AST-0041,171.4103
2026-07-20,AST-0041,172.8802
2026-07-21,AST-0041,171.5055
2026-07-22,AST-0041,171.349
2026-07-23,AST-0041,169.7994
2026-07-24,AST-0041,169.8002
2026-07-27,AST-0041,167.5129
2026-07-28,AST-0041,166.9294
2026-07-29,AST-0041,166.603
2026-07-30,AST-0041,165.0773
2026-07-31,AST-0041,166.7681
2026-08-03,AST-0041,170.8388
2026-08-04,AST-0041,171.1323
2026-08-05,AST-0041,168.8284
2026-08-06,AST-0041,171.8797
2026-08-07,AST-0041,170.4747
2025-07-28,AST-0042,86.7361
2025-07-29,AST-0042,88.4577
2025-07-30,AST-0042,89.3622
2025-07-31,AST-0042,90.5438
2025-08-01,AST-0042,89.4415
2025-08-04,AST-0042,92.5673
2025-08-05,AST-0042,93.2267
2025-08-06,AST-0042,90.6549
2025-08-07,AST-0042,90.6719
2025-08-08,AST-0042,90.5437
2025-08-11,AST-0042,90.8309
2025-08-12,AST-0042,91.0406
2025-08-13,AST-0042,89.9653
2025-08-14,AST-0042,91.2334
2025-08-15,AST-0042,91.0278
2025-08-18,AST-0042,92.2094
2025-08-19,AST-0042,90.5641
2025-08-20,AST-0042,91.2196
2025-08-21,AST-0042,91.0378
2025-08-22,AST-0042,90.666
2025-08-25,AST-0042,88.6327
2025-08-26,AST-0042,87.9662
2025-08-27,AST-0042,89.0102
2025-08-28,AST-0042,88.3044
2025-08-29,AST-0042,88.1037
2025-09-01,AST-0042,89.1457
2025-09-02,AST-0042,90.6004
2025-09-03,AST-0042,89.5962
2025-09-04,AST-0042,87.27
2025-09-05,AST-0042,88.2671
2025-09-08,AST-0042,87.9391
2025-09-09,AST-0042,88.7614
2025-09-10,AST-0042,89.0426
2025-09-11,AST-0042,88.6885
2025-09-12,AST-0042,87.7717
2025-09-15,AST-0042,87.2614
2025-09-16,AST-0042,86.9349
2025-09-17,AST-0042,85.1537
2025-09-18,AST-0042,84.4441
2025-09-19,AST-0042,85.3444
2025-09-22,AST-0042,87.5163
2025-09-23,AST-0042,88.8533
2025-09-24,AST-0042,89.2842
2025-09-25,AST-0042,89.643
2025-09-26,AST-0042,89.167
2025-09-29,AST-0042,90.8459
2025-09-30,AST-0042,90.3069
2025-10-01,AST-0042,90.2642
2025-10-02,AST-0042,88.2558
2025-10-03,AST-0042,91.2255
2025-10-06,AST-0042,91.6247
2025-10-07,AST-0042,91.6809
2025-10-08,AST-0042,90.6933
2025-10-09,AST-0042,93.6698
2025-10-10,AST-0042,95.3482
2025-10-13,AST-0042,94.6666
2025-10-14,AST-0042,95.9859
2025-10-15,AST-0042,94.2853
2025-10-16,AST-0042,93.5839
2025-10-17,AST-0042,93.5874
2025-10-20,AST-0042,91.9315
2025-10-21,AST-0042,94.0772
2025-10-22,AST-0042,95.1901
2025-10-23,AST-0042,96.7096
2025-10-24,AST-0042,96.9549
2025-10-27,AST-0042,96.9363
2025-10-28,AST-0042,96.9198
2025-10-29,AST-0042,95.882
2025-10-30,AST-0042,95.0701
2025-10-31,AST-0042,94.8786
2025-11-03,AST-0042,94.288
2025-11-04,AST-0042,95.0735
2025-11-05,AST-0042,94.6376
2025-11-06,AST-0042,96.5203
2025-11-07,AST-0042,95.3081
2025-11-10,AST-0042,95.7892
2025-11-11,AST-0042,96.2028
2025-11-12,AST-0042,96.666
2025-11-13,AST-0042,96.6075
2025-11-14,AST-0042,97.6091
2025-11-17,AST-0042,97.8321
2025-11-18,AST-0042,96.6579
2025-11-19,AST-0042,95.9471
2025-11-20,AST-0042,96.1699
2025-11-21,AST-0042,97.9715
2025-11-24,AST-0042,99.5831
2025-11-25,AST-0042,99.0044
2025-11-26,AST-0042,97.9056
2025-11-27,AST-0042,99.3068
2025-11-28,AST-0042,99.2494
2025-12-01,AST-0042,99.6506
2025-12-02,AST-0042,100.6749
2025-12-03,AST-0042,101.0182
2025-12-04,AST-0042,99.0814
2025-12-05,AST-0042,100.1111
2025-12-08,AST-0042,101.0428
2025-12-09,AST-0042,102.2521
2025-12-10,AST-0042,102.6115
2025-12-11,AST-0042,101.0238
2025-12-12,AST-0042,101.0492
2025-12-15,AST-0042,98.5007
2025-12-16,AST-0042,97.2013
2025-12-17,AST-0042,97.9381
2025-12-18,AST-0042,99.0769
2025-12-19,AST-0042,100.6577
2025-12-22,AST-0042,102.2911
2025-12-23,AST-0042,101.536
2025-12-24,AST-0042,99.0911
2025-12-25,AST-0042,97.8613
2025-12-26,AST-0042,97.7539
2025-12-29,AST-0042,98.6001
2025-12-30,AST-0042,98.9385
2025-12-31,AST-0042,98.9725
2026-01-01,AST-0042,101.8735
2026-01-02,AST-0042,103.7671
2026-01-05,AST-0042,103.6695
2026-01-06,AST-0042,104.0251
2026-01-07,AST-0042,103.0407
2026-01-08,AST-0042,103.2746
2026-01-09,AST-0042,104.8999
2026-01-12,AST-0042,105.9851
2026-01-13,AST-0042,105.0357
2026-01-14,AST-0042,104.7758
2026-01-15,AST-0042,105.6817
2026-01-16,AST-0042,104.4313
2026-01-19,AST-0042,105.7559
2026-01-20,AST-0042,104.7296
2026-01-21,AST-0042,104.6339
2026-01-22,AST-0042,103.9404
2026-01-23,AST-0042,105.2063
2026-01-26,AST-0042,107.3655
2026-01-27,AST-0042,107.7953
2026-01-28,AST-0042,106.4552
2026-01-29,AST-0042,108.0147
2026-01-30,AST-0042,106.2564
2026-02-02,AST-0042,107.8552
2026-02-03,AST-0042,106.6084
2026-02-04,AST-0042,107.3231
2026-02-05,AST-0042,107.5516
2026-02-06,AST-0042,107.7995
2026-02-09,AST-0042,107.5448
2026-02-10,AST-0042,109.3613
2026-02-11,AST-0042,108.6269
2026-02-12,AST-0042,109.1537
2026-02-13,AST-0042,108.5983
2026-02-16,AST-0042,107.0111
2026-02-17,AST-0042,106.3775
2026-02-18,AST-0042,105.597
2026-02-19,AST-0042,106.2101
2026-02-20,AST-0042,105.1662
2026-02-23,AST-0042,106.9373
2026-02-24,AST-0042,106.5292
2026-02-25,AST-0042,106.6214
2026-02-26,AST-0042,108.4283
2026-02-27,AST-0042,107.0418
2026-03-02,AST-0042,107.4777
2026-03-03,AST-0042,106.5053
2026-03-04,AST-0042,109.4114
2026-03-05,AST-0042,110.6522
2026-03-06,AST-0042,108.9948
2026-03-09,AST-0042,108.6647
2026-03-10,AST-0042,107.8261
2026-03-11,AST-0042,107.8928
2026-03-12,AST-0042,108.99
2026-03-13,AST-0042,112.404
2026-03-16,AST-0042,112.2677
2026-03-17,AST-0042,113.5274
2026-03-18,AST-0042,112.499
2026-03-19,AST-0042,112.922
2026-03-20,AST-0042,112.6715
2026-03-23,AST-0042,111.8286
2026-03-24,AST-0042,109.2709
2026-03-25,AST-0042,108.0065
2026-03-26,AST-0042,108.5273
2026-03-27,AST-0042,108.0202
2026-03-30,AST-0042,108.121
2026-03-31,AST-0042,104.6621
2026-04-01,AST-0042,104.255
2026-04-02,AST-0042,104.0034
2026-04-03,AST-0042,104.014
2026-04-06,AST-0042,104.4909
2026-04-07,AST-0042,103.2091
2026-04-08,AST-0042,101.8858
2026-04-09,AST-0042,102.5452
2026-04-10,AST-0042,104.8993
2026-04-13,AST-0042,102.0452
2026-04-14,AST-0042,99.6437
2026-04-15,AST-0042,103.1723
2026-04-16,AST-0042,103.4866
2026-04-17,AST-0042,103.0942
2026-04-20,AST-0042,101.8916
2026-04-21,AST-0042,103.3235
2026-04-22,AST-0042,103.6147
2026-04-23,AST-0042,103.2375
2026-04-24,AST-0042,103.6811
2026-04-27,AST-0042,106.7184
2026-04-28,AST-0042,108.6182
2026-04-29,AST-0042,111.3269
2026-04-30,AST-0042,110.6909
2026-05-01,AST-0042,111.6619
2026-05-04,AST-0042,110.762
2026-05-05,AST-0042,115.2905
2026-05-06,AST-0042,111.1825
2026-05-07,AST-0042,110.4114
2026-05-08,AST-0042,111.2232
2026-05-11,AST-0042,108.5297
2026-05-12,AST-0042,109.8239
2026-05-13,AST-0042,109.0494
2026-05-14,AST-0042,108.7231
2026-05-15,AST-0042,107.7305
2026-05-18,AST-0042,108.4462
2026-05-19,AST-0042,108.9497
2026-05-20,AST-0042,110.5043
2026-05-21,AST-0042,112.0827
2026-05-22,AST-0042,111.4065
2026-05-25,AST-0042,108.4526
2026-05-26,AST-0042,108.1621
2026-05-27,AST-0042,106.2024
2026-05-28,AST-0042,106.122
2026-05-29,AST-0042,106.565
2026-06-01,AST-0042,106.995
2026-06-02,AST-0042,109.0678
2026-06-03,AST-0042,108.1272
2026-06-04,AST-0042,108.486
2026-06-05,AST-0042,109.4442
2026-06-08,AST-0042,110.9891
2026-06-09,AST-0042,111.7929
2026-06-10,AST-0042,112.7999
2026-06-11,AST-0042,111.5272
2026-06-12,AST-0042,109.7534
2026-06-15,AST-0042,113.4086
2026-06-16,AST-0042,111.1983
2026-06-17,AST-0042,108.7468
2026-06-18,AST-0042,109.1018
2026-06-19,AST-0042,111.0596
2026-06-22,AST-0042,112.5646
2026-06-23,AST-0042,114.5036
2026-06-24,AST-0042,115.1898
2026-06-25,AST-0042,117.0534
2026-06-26,AST-0042,116.5356
2026-06-29,AST-0042,118.9326
2026-06-30,AST-0042,121.7691
2026-07-01,AST-0042,121.5559
2026-07-02,AST-0042,120.8915
2026-07-03,AST-0042,122.1631
2026-07-06,AST-0042,123.1151
2026-07-07,AST-0042,120.265
2026-07-08,AST-0042,118.4355
2026-07-09,AST-0042,117.4759
2026-07-10,AST-0042,117.6115
2026-07-13,AST-0042,117.204
2026-07-14,AST-0042,116.6423
2026-07-15,AST-0042,116.4493
2026-07-16,AST-0042,115.3815
2026-07-17,AST-0042,116.7218
2026-07-20,AST-0042,117.5668
2026-07-21,AST-0042,118.1392
2026-07-22,AST-0042,119.7237
2026-07-23,AST-0042,120.2468
2026-07-24,AST-0042,120.8731
2026-07-27,AST-0042,119.2366
2026-07-28,AST-0042,117.704
2026-07-29,AST-0042,116.8198
2026-07-30,AST-0042,115.0292
2026-07-31,AST-0042,116.5171
2026-08-03,AST-0042,120.0658
2026-08-04,AST-0042,120.6178
2026-08-05,AST-0042,120.2764
2026-08-06,AST-0042,118.0725
2026-08-07,AST-0042,115.7486
2025-07-28,AST-0043,122.1531
2025-07-29,AST-0043,121.1839
2025-07-30,AST-0043,120.2334
2025-07-31,AST-0043,120.11
2025-08-01,AST-0043,120.908
2025-08-04,AST-0043,122.4912
2025-08-05,AST-0043,121.7396
2025-08-06,AST-0043,121.1102
2025-08-07,AST-0043,118.0789
2025-08-08,AST-0043,120.7558
2025-08-11,AST-0043,123.8166
2025-08-12,AST-0043,122.962
2025-08-13,AST-0043,120.7222
2025-08-14,AST-0043,121.6781
2025-08-15,AST-0043,120.4243
2025-08-18,AST-0043,120.8361
2025-08-19,AST-0043,118.7031
2025-08-20,AST-0043,117.7503
2025-08-21,AST-0043,116.1829
2025-08-22,AST-0043,116.7935
2025-08-25,AST-0043,115.898
2025-08-26,AST-0043,114.2363
2025-08-27,AST-0043,115.5051
2025-08-28,AST-0043,116.0199
2025-08-29,AST-0043,117.0622
2025-09-01,AST-0043,116.6587
2025-09-02,AST-0043,116.1036
2025-09-03,AST-0043,114.5723
2025-09-04,AST-0043,112.7392
2025-09-05,AST-0043,113.4675
2025-09-08,AST-0043,114.0053
2025-09-09,AST-0043,114.7054
2025-09-10,AST-0043,116.9672
2025-09-11,AST-0043,118.409
2025-09-12,AST-0043,117.9611
2025-09-15,AST-0043,119.1247
2025-09-16,AST-0043,118.9151
2025-09-17,AST-0043,120.3944
2025-09-18,AST-0043,122.0504
2025-09-19,AST-0043,124.6655
2025-09-22,AST-0043,126.3656
2025-09-23,AST-0043,126.8301
2025-09-24,AST-0043,124.8052
2025-09-25,AST-0043,123.881
2025-09-26,AST-0043,123.2099
2025-09-29,AST-0043,123.8409
2025-09-30,AST-0043,123.6422
2025-10-01,AST-0043,127.277
2025-10-02,AST-0043,125.8782
2025-10-03,AST-0043,126.064
2025-10-06,AST-0043,124.3303
2025-10-07,AST-0043,125.1809
2025-10-08,AST-0043,124.2243
2025-10-09,AST-0043,122.7337
2025-10-10,AST-0043,122.2489
2025-10-13,AST-0043,122.1279
2025-10-14,AST-0043,121.9954
2025-10-15,AST-0043,120.1515
2025-10-16,AST-0043,117.7078
2025-10-17,AST-0043,116.7481
2025-10-20,AST-0043,112.6879
2025-10-21,AST-0043,113.5694
2025-10-22,AST-0043,114.4464
2025-10-23,AST-0043,115.182
2025-10-24,AST-0043,111.4462
2025-10-27,AST-0043,111.5104
2025-10-28,AST-0043,114.0366
2025-10-29,AST-0043,115.2371
2025-10-30,AST-0043,114.6001
2025-10-31,AST-0043,113.4746
2025-11-03,AST-0043,113.8662
2025-11-04,AST-0043,113.6271
2025-11-05,AST-0043,111.3201
2025-11-06,AST-0043,112.3383
2025-11-07,AST-0043,114.3603
2025-11-10,AST-0043,113.1386
2025-11-11,AST-0043,115.38
2025-11-12,AST-0043,116.1652
2025-11-13,AST-0043,114.496
2025-11-14,AST-0043,113.6235
2025-11-17,AST-0043,116.2506
2025-11-18,AST-0043,115.4929
2025-11-19,AST-0043,113.5671
2025-11-20,AST-0043,111.9302
2025-11-21,AST-0043,116.3834
2025-11-24,AST-0043,116.4139
2025-11-25,AST-0043,115.969
2025-11-26,AST-0043,114.242
2025-11-27,AST-0043,115.0213
2025-11-28,AST-0043,115.8102
2025-12-01,AST-0043,119.3958
2025-12-02,AST-0043,117.9637
2025-12-03,AST-0043,118.6821
2025-12-04,AST-0043,122.4159
2025-12-05,AST-0043,123.1628
2025-12-08,AST-0043,122.9163
2025-12-09,AST-0043,123.1201
2025-12-10,AST-0043,122.1378
2025-12-11,AST-0043,121.1524
2025-12-12,AST-0043,121.0539
2025-12-15,AST-0043,120.9142
2025-12-16,AST-0043,124.7575
2025-12-17,AST-0043,123.3033
2025-12-18,AST-0043,121.2207
2025-12-19,AST-0043,122.1171
2025-12-22,AST-0043,120.8932
2025-12-23,AST-0043,119.6286
2025-12-24,AST-0043,119.3808
2025-12-25,AST-0043,119.159
2025-12-26,AST-0043,118.1224
2025-12-29,AST-0043,119.5928
2025-12-30,AST-0043,119.6305
2025-12-31,AST-0043,120.2534
2026-01-01,AST-0043,121.1881
2026-01-02,AST-0043,123.8384
2026-01-05,AST-0043,122.7409
2026-01-06,AST-0043,120.9129
2026-01-07,AST-0043,120.4461
2026-01-08,AST-0043,121.051
2026-01-09,AST-0043,121.2358
2026-01-12,AST-0043,122.5483
2026-01-13,AST-0043,120.4459
2026-01-14,AST-0043,117.9674
2026-01-15,AST-0043,117.5113
2026-01-16,AST-0043,120.2557
2026-01-19,AST-0043,119.0396
2026-01-20,AST-0043,121.0126
2026-01-21,AST-0043,118.9441
2026-01-22,AST-0043,119.0628
2026-01-23,AST-0043,119.9605
2026-01-26,AST-0043,121.0569
2026-01-27,AST-0043,121.4893
2026-01-28,AST-0043,119.221
2026-01-29,AST-0043,118.9536
2026-01-30,AST-0043,122.6818
2026-02-02,AST-0043,121.1114
2026-02-03,AST-0043,121.387
2026-02-04,AST-0043,121.6785
2026-02-05,AST-0043,119.7411
2026-02-06,AST-0043,120.6004
2026-02-09,AST-0043,119.5834
2026-02-10,AST-0043,119.9507
2026-02-11,AST-0043,120.9976
2026-02-12,AST-0043,121.5891
2026-02-13,AST-0043,121.6563
2026-02-16,AST-0043,122.0375
2026-02-17,AST-0043,122.856
2026-02-18,AST-0043,121.7597
2026-02-19,AST-0043,122.7871
2026-02-20,AST-0043,122.6607
2026-02-23,AST-0043,122.2936
2026-02-24,AST-0043,125.4856
2026-02-25,AST-0043,124.7534
2026-02-26,AST-0043,126.0643
2026-02-27,AST-0043,124.3836
2026-03-02,AST-0043,125.5205
2026-03-03,AST-0043,128.2257
2026-03-04,AST-0043,127.0548
2026-03-05,AST-0043,125.8578
2026-03-06,AST-0043,127.0461
2026-03-09,AST-0043,127.5855
2026-03-10,AST-0043,125.5854
2026-03-11,AST-0043,128.9904
2026-03-12,AST-0043,131.4508
2026-03-13,AST-0043,133.7307
2026-03-16,AST-0043,131.3342
2026-03-17,AST-0043,132.1365
2026-03-18,AST-0043,135.1204
2026-03-19,AST-0043,133.0159
2026-03-20,AST-0043,133.5871
2026-03-23,AST-0043,131.9069
2026-03-24,AST-0043,128.6505
2026-03-25,AST-0043,130.6172
2026-03-26,AST-0043,133.647
2026-03-27,AST-0043,135.5264
2026-03-30,AST-0043,135.3921
2026-03-31,AST-0043,137.1106
2026-04-01,AST-0043,134.8837
2026-04-02,AST-0043,135.3082
2026-04-03,AST-0043,135.5647
2026-04-06,AST-0043,133.902
2026-04-07,AST-0043,132.5184
2026-04-08,AST-0043,129.1409
2026-04-09,AST-0043,128.3066
2026-04-10,AST-0043,129.4035
2026-04-13,AST-0043,132.3461
2026-04-14,AST-0043,129.6044
2026-04-15,AST-0043,133.4816
2026-04-16,AST-0043,133.3005
2026-04-17,AST-0043,134.3671
2026-04-20,AST-0043,132.4943
2026-04-21,AST-0043,134.2465
2026-04-22,AST-0043,135.8208
2026-04-23,AST-0043,136.0145
2026-04-24,AST-0043,136.2232
2026-04-27,AST-0043,136.3372
2026-04-28,AST-0043,136.4954
2026-04-29,AST-0043,135.8148
2026-04-30,AST-0043,137.8225
2026-05-01,AST-0043,135.9885
2026-05-04,AST-0043,136.2637
2026-05-05,AST-0043,140.7387
2026-05-06,AST-0043,138.8989
2026-05-07,AST-0043,140.5896
2026-05-08,AST-0043,138.9632
2026-05-11,AST-0043,139.7034
2026-05-12,AST-0043,138.6451
2026-05-13,AST-0043,136.3181
2026-05-14,AST-0043,132.0308
2026-05-15,AST-0043,131.5193
2026-05-18,AST-0043,128.9884
2026-05-19,AST-0043,131.6918
2026-05-20,AST-0043,130.7433
2026-05-21,AST-0043,130.6312
2026-05-22,AST-0043,131.7347
2026-05-25,AST-0043,130.0634
2026-05-26,AST-0043,129.7506
2026-05-27,AST-0043,127.9586
2026-05-28,AST-0043,125.9164
2026-05-29,AST-0043,129.5244
2026-06-01,AST-0043,128.9184
2026-06-02,AST-0043,131.4506
2026-06-03,AST-0043,130.7908
2026-06-04,AST-0043,131.6147
2026-06-05,AST-0043,134.239
2026-06-08,AST-0043,132.6511
2026-06-09,AST-0043,133.4482
2026-06-10,AST-0043,134.2368
2026-06-11,AST-0043,133.965
2026-06-12,AST-0043,131.2436
2026-06-15,AST-0043,130.453
2026-06-16,AST-0043,127.3493
2026-06-17,AST-0043,127.6869
2026-06-18,AST-0043,131.0565
2026-06-19,AST-0043,131.4634
2026-06-22,AST-0043,132.8334
2026-06-23,AST-0043,131.7716
2026-06-24,AST-0043,131.249
2026-06-25,AST-0043,130.2648
2026-06-26,AST-0043,130.3792
2026-06-29,AST-0043,133.2416
2026-06-30,AST-0043,133.1323
2026-07-01,AST-0043,134.9888
2026-07-02,AST-0043,136.0868
2026-07-03,AST-0043,134.1538
2026-07-06,AST-0043,134.9163
2026-07-07,AST-0043,139.2596
2026-07-08,AST-0043,137.8402
2026-07-09,AST-0043,137.2653
2026-07-10,AST-0043,138.3625
2026-07-13,AST-0043,141.5758
2026-07-14,AST-0043,138.7924
2026-07-15,AST-0043,139.4565
2026-07-16,AST-0043,140.6786
2026-07-17,AST-0043,141.4089
2026-07-20,AST-0043,142.429
2026-07-21,AST-0043,140.0694
2026-07-22,AST-0043,143.9753
2026-07-23,AST-0043,142.6101
2026-07-24,AST-0043,141.174
2026-07-27,AST-0043,138.5005
2026-07-28,AST-0043,137.2209
2026-07-29,AST-0043,136.0429
2026-07-30,AST-0043,133.7397
2026-07-31,AST-0043,133.9988
2026-08-03,AST-0043,134.5232
2026-08-04,AST-0043,133.0865
2026-08-05,AST-0043,132.8528
2026-08-06,AST-0043,134.7094
2026-08-07,AST-0043,132.8658
2025-07-28,AST-0044,162.1864
2025-07-29,AST-0044,165.669
2025-07-30,AST-0044,166.2826
2025-07-31,AST-0044,167.6127
2025-08-01,AST-0044,165.7799
2025-08-04,AST-0044,168.36
2025-08-05,AST-0044,166.3468
2025-08-06,AST-0044,165.6575
2025-08-07,AST-0044,167.5637
2025-08-08,AST-0044,166.5612
2025-08-11,AST-0044,168.0326
2025-08-12,AST-0044,164.5557
2025-08-13,AST-0044,162.9061
2025-08-14,AST-0044,163.0411
2025-08-15,AST-0044,162.7903
2025-08-18,AST-0044,160.4547
2025-08-19,AST-0044,159.5457
2025-08-20,AST-0044,159.9375
2025-08-21,AST-0044,160.5246
2025-08-22,AST-0044,158.2815
2025-08-25,AST-0044,155.3503
2025-08-26,AST-0044,155.4098
2025-08-27,AST-0044,155.195
2025-08-28,AST-0044,154.6875
2025-08-29,AST-0044,156.4243
2025-09-01,AST-0044,160.6083
2025-09-02,AST-0044,162.7
2025-09-03,AST-0044,161.6749
2025-09-04,AST-0044,156.9678
2025-09-05,AST-0044,159.9308
2025-09-08,AST-0044,160.9279
2025-09-09,AST-0044,160.5712
2025-09-10,AST-0044,164.1496
2025-09-11,AST-0044,164.8526
2025-09-12,AST-0044,162.4234
2025-09-15,AST-0044,157.4403
2025-09-16,AST-0044,160.3904
2025-09-17,AST-0044,161.6325
2025-09-18,AST-0044,161.5882
2025-09-19,AST-0044,160.047
2025-09-22,AST-0044,160.4134
2025-09-23,AST-0044,159.0129
2025-09-24,AST-0044,160.0085
2025-09-25,AST-0044,159.5293
2025-09-26,AST-0044,159.5364
2025-09-29,AST-0044,158.9227
2025-09-30,AST-0044,158.8075
2025-10-01,AST-0044,160.1883
2025-10-02,AST-0044,159.2349
2025-10-03,AST-0044,160.5943
2025-10-06,AST-0044,160.6229
2025-10-07,AST-0044,158.3943
2025-10-08,AST-0044,157.9576
2025-10-09,AST-0044,161.2135
2025-10-10,AST-0044,163.8359
2025-10-13,AST-0044,162.7457
2025-10-14,AST-0044,162.3526
2025-10-15,AST-0044,161.1062
2025-10-16,AST-0044,160.4383
2025-10-17,AST-0044,158.4044
2025-10-20,AST-0044,157.3501
2025-10-21,AST-0044,156.0137
2025-10-22,AST-0044,156.0687
2025-10-23,AST-0044,157.269
2025-10-24,AST-0044,151.1511
2025-10-27,AST-0044,152.602
2025-10-28,AST-0044,151.7298
2025-10-29,AST-0044,149.5126
2025-10-30,AST-0044,150.9401
2025-10-31,AST-0044,151.0967
2025-11-03,AST-0044,148.9728
2025-11-04,AST-0044,149.2813
2025-11-05,AST-0044,150.1822
2025-11-06,AST-0044,150.5872
2025-11-07,AST-0044,150.7349
2025-11-10,AST-0044,148.5047
2025-11-11,AST-0044,148.0823
2025-11-12,AST-0044,149.648
2025-11-13,AST-0044,150.9994
2025-11-14,AST-0044,152.5445
2025-11-17,AST-0044,153.284
2025-11-18,AST-0044,153.9341
2025-11-19,AST-0044,154.6921
2025-11-20,AST-0044,152.968
2025-11-21,AST-0044,153.3767
2025-11-24,AST-0044,156.4437
2025-11-25,AST-0044,155.4312
2025-11-26,AST-0044,158.4796
2025-11-27,AST-0044,158.6649
2025-11-28,AST-0044,159.7317
2025-12-01,AST-0044,158.1787
2025-12-02,AST-0044,155.5947
2025-12-03,AST-0044,155.8954
2025-12-04,AST-0044,156.3349
2025-12-05,AST-0044,156.7016
2025-12-08,AST-0044,155.2658
2025-12-09,AST-0044,154.3473
2025-12-10,AST-0044,152.7674
2025-12-11,AST-0044,151.8941
2025-12-12,AST-0044,153.0111
2025-12-15,AST-0044,152.7633
2025-12-16,AST-0044,157.2483
2025-12-17,AST-0044,154.5594
2025-12-18,AST-0044,154.7807
2025-12-19,AST-0044,154.8102
2025-12-22,AST-0044,158.5185
2025-12-23,AST-0044,156.3285
2025-12-24,AST-0044,151.0191
2025-12-25,AST-0044,152.5271
2025-12-26,AST-0044,152.0109
2025-12-29,AST-0044,152.7517
2025-12-30,AST-0044,153.9654
2025-12-31,AST-0044,153.6455
2026-01-01,AST-0044,159.579
2026-01-02,AST-0044,160.0936
2026-01-05,AST-0044,156.4228
2026-01-06,AST-0044,156.0613
2026-01-07,AST-0044,158.4456
2026-01-08,AST-0044,161.8543
2026-01-09,AST-0044,165.1727
2026-01-12,AST-0044,166.8533
2026-01-13,AST-0044,171.5144
2026-01-14,AST-0044,171.1724
2026-01-15,AST-0044,171.0437
2026-01-16,AST-0044,173.1129
2026-01-19,AST-0044,173.3132
2026-01-20,AST-0044,174.7165
2026-01-21,AST-0044,171.0662
2026-01-22,AST-0044,170.978
2026-01-23,AST-0044,170.8355
2026-01-26,AST-0044,173.4445
2026-01-27,AST-0044,173.6039
2026-01-28,AST-0044,171.9623
2026-01-29,AST-0044,171.2274
2026-01-30,AST-0044,169.9975
2026-02-02,AST-0044,174.3903
2026-02-03,AST-0044,174.8417
2026-02-04,AST-0044,172.7586
2026-02-05,AST-0044,172.0644
2026-02-06,AST-0044,171.4804
2026-02-09,AST-0044,176.8974
2026-02-10,AST-0044,175.6292
2026-02-11,AST-0044,173.8316
2026-02-12,AST-0044,174.1815
2026-02-13,AST-0044,175.3834
2026-02-16,AST-0044,176.7136
2026-02-17,AST-0044,176.5912
2026-02-18,AST-0044,178.9763
2026-02-19,AST-0044,177.9799
2026-02-20,AST-0044,177.2011
2026-02-23,AST-0044,175.2246
2026-02-24,AST-0044,174.4632
2026-02-25,AST-0044,176.4669
2026-02-26,AST-0044,175.883
2026-02-27,AST-0044,178.5
2026-03-02,AST-0044,177.8421
2026-03-03,AST-0044,176.3668
2026-03-04,AST-0044,175.549
2026-03-05,AST-0044,175.487
2026-03-06,AST-0044,173.7986
2026-03-09,AST-0044,177.9164
2026-03-10,AST-0044,176.5672
2026-03-11,AST-0044,176.4918
2026-03-12,AST-0044,180.8813
2026-03-13,AST-0044,184.2466
2026-03-16,AST-0044,185.5808
2026-03-17,AST-0044,183.8772
2026-03-18,AST-0044,184.9594
2026-03-19,AST-0044,188.0918
2026-03-20,AST-0044,186.6899
2026-03-23,AST-0044,188.901
2026-03-24,AST-0044,187.8063
2026-03-25,AST-0044,188.7963
2026-03-26,AST-0044,187.3526
2026-03-27,AST-0044,189.0983
2026-03-30,AST-0044,186.8271
2026-03-31,AST-0044,183.1213
2026-04-01,AST-0044,183.5026
2026-04-02,AST-0044,184.2885
2026-04-03,AST-0044,180.7509
2026-04-06,AST-0044,179.5343
2026-04-07,AST-0044,181.3536
2026-04-08,AST-0044,180.6055
2026-04-09,AST-0044,180.1036
2026-04-10,AST-0044,176.7133
2026-04-13,AST-0044,174.759
2026-04-14,AST-0044,176.4722
2026-04-15,AST-0044,177.7143
2026-04-16,AST-0044,176.4658
2026-04-17,AST-0044,176.8954
2026-04-20,AST-0044,175.8686
2026-04-21,AST-0044,172.0172
2026-04-22,AST-0044,173.6046
2026-04-23,AST-0044,172.6918
2026-04-24,AST-0044,171.1583
2026-04-27,AST-0044,169.4206
2026-04-28,AST-0044,168.2964
2026-04-29,AST-0044,169.8032
2026-04-30,AST-0044,168.5076
2026-05-01,AST-0044,167.2512
2026-05-04,AST-0044,169.538
2026-05-05,AST-0044,169.458
2026-05-06,AST-0044,170.7307
2026-05-07,AST-0044,170.1397
2026-05-08,AST-0044,170.4327
2026-05-11,AST-0044,175.4626
2026-05-12,AST-0044,176.5999
2026-05-13,AST-0044,173.7768
2026-05-14,AST-0044,175.6898
2026-05-15,AST-0044,172.9259
2026-05-18,AST-0044,174.0283
2026-05-19,AST-0044,174.278
2026-05-20,AST-0044,179.1728
2026-05-21,AST-0044,175.0434
2026-05-22,AST-0044,173.3749
2026-05-25,AST-0044,176.5185
2026-05-26,AST-0044,178.3066
2026-05-27,AST-0044,179.5314
2026-05-28,AST-0044,181.6573
2026-05-29,AST-0044,180.6508
2026-06-01,AST-0044,177.2088
2026-06-02,AST-0044,178.8732
2026-06-03,AST-0044,178.5921
2026-06-04,AST-0044,182.4851
2026-06-05,AST-0044,182.5448
2026-06-08,AST-0044,183.8899
2026-06-09,AST-0044,186.6528
2026-06-10,AST-0044,189.9893
2026-06-11,AST-0044,189.4915
2026-06-12,AST-0044,187.9548
2026-06-15,AST-0044,187.0634
2026-06-16,AST-0044,185.0774
2026-06-17,AST-0044,185.4109
2026-06-18,AST-0044,184.7661
2026-06-19,AST-0044,185.4879
2026-06-22,AST-0044,182.8046
2026-06-23,AST-0044,182.3018
2026-06-24,AST-0044,181.1524
2026-06-25,AST-0044,187.6536
2026-06-26,AST-0044,187.474
2026-06-29,AST-0044,184.2128
2026-06-30,AST-0044,183.8405
2026-07-01,AST-0044,183.4633
2026-07-02,AST-0044,183.2072
2026-07-03,AST-0044,182.7085
2026-07-06,AST-0044,187.3344
2026-07-07,AST-0044,186.3513
2026-07-08,AST-0044,188.1338
2026-07-09,AST-0044,191.7291
2026-07-10,AST-0044,189.4777
2026-07-13,AST-0044,190.195
2026-07-14,AST-0044,187.6191
2026-07-15,AST-0044,188.5134
2026-07-16,AST-0044,189.23
2026-07-17,AST-0044,188.7234
2026-07-20,AST-0044,189.1797
2026-07-21,AST-0044,187.3303
2026-07-22,AST-0044,186.977
2026-07-23,AST-0044,184.4519
2026-07-24,AST-0044,184.8482
2026-07-27,AST-0044,187.7633
2026-07-28,AST-0044,186.1438
2026-07-29,AST-0044,183.0982
2026-07-30,AST-0044,182.958
2026-07-31,AST-0044,185.4231
2026-08-03,AST-0044,188.1686
2026-08-04,AST-0044,186.3929
2026-08-05,AST-0044,189.7096
2026-08-06,AST-0044,187.8542
2026-08-07,AST-0044,182.9782
2025-07-28,AST-0045,0.9994
2025-07-29,AST-0045,0.9997
2025-07-30,AST-0045,0.9997
2025-07-31,AST-0045,0.9998
2025-08-01,AST-0045,1.0
2025-08-04,AST-0045,1.0001
2025-08-05,AST-0045,1.0001
2025-08-06,AST-0045,1.0
2025-08-07,AST-0045,1.0
2025-08-08,AST-0045,0.9999
2025-08-11,AST-0045,1.0
2025-08-12,AST-0045,0.9999
2025-08-13,AST-0045,0.9997
2025-08-14,AST-0045,0.9996
2025-08-15,AST-0045,0.9996
2025-08-18,AST-0045,0.9995
2025-08-19,AST-0045,0.9992
2025-08-20,AST-0045,0.9994
2025-08-21,AST-0045,0.9996
2025-08-22,AST-0045,0.9994
2025-08-25,AST-0045,0.9992
2025-08-26,AST-0045,0.9991
2025-08-27,AST-0045,0.9993
2025-08-28,AST-0045,0.9993
2025-08-29,AST-0045,0.9993
2025-09-01,AST-0045,0.9994
2025-09-02,AST-0045,0.9993
2025-09-03,AST-0045,0.9991
2025-09-04,AST-0045,0.999
2025-09-05,AST-0045,0.9991
2025-09-08,AST-0045,0.9992
2025-09-09,AST-0045,0.9992
2025-09-10,AST-0045,0.9996
2025-09-11,AST-0045,0.9993
2025-09-12,AST-0045,0.9994
2025-09-15,AST-0045,0.9993
2025-09-16,AST-0045,0.9994
2025-09-17,AST-0045,0.9994
2025-09-18,AST-0045,0.9993
2025-09-19,AST-0045,0.999
2025-09-22,AST-0045,0.9993
2025-09-23,AST-0045,0.9992
2025-09-24,AST-0045,0.9993
2025-09-25,AST-0045,0.9991
2025-09-26,AST-0045,0.9991
2025-09-29,AST-0045,0.999
2025-09-30,AST-0045,0.999
2025-10-01,AST-0045,0.9993
2025-10-02,AST-0045,0.999
2025-10-03,AST-0045,0.9992
2025-10-06,AST-0045,0.9994
2025-10-07,AST-0045,0.9995
2025-10-08,AST-0045,0.9995
2025-10-09,AST-0045,0.9996
2025-10-10,AST-0045,0.9997
2025-10-13,AST-0045,0.9997
2025-10-14,AST-0045,0.9995
2025-10-15,AST-0045,0.9994
2025-10-16,AST-0045,0.9993
2025-10-17,AST-0045,0.9992
2025-10-20,AST-0045,0.9991
2025-10-21,AST-0045,0.9994
2025-10-22,AST-0045,0.9993
2025-10-23,AST-0045,0.9991
2025-10-24,AST-0045,0.999
2025-10-27,AST-0045,0.9989
2025-10-28,AST-0045,0.9991
2025-10-29,AST-0045,0.999
2025-10-30,AST-0045,0.999
2025-10-31,AST-0045,0.9988
2025-11-03,AST-0045,0.999
2025-11-04,AST-0045,0.999
2025-11-05,AST-0045,0.9989
2025-11-06,AST-0045,0.9989
2025-11-07,AST-0045,0.999
2025-11-10,AST-0045,0.9991
2025-11-11,AST-0045,0.9989
2025-11-12,AST-0045,0.9989
2025-11-13,AST-0045,0.9989
2025-11-14,AST-0045,0.9988
2025-11-17,AST-0045,0.9991
2025-11-18,AST-0045,0.9991
2025-11-19,AST-0045,0.999
2025-11-20,AST-0045,0.9989
2025-11-21,AST-0045,0.9991
2025-11-24,AST-0045,0.9989
2025-11-25,AST-0045,0.9989
2025-11-26,AST-0045,0.999
2025-11-27,AST-0045,0.999
2025-11-28,AST-0045,0.9989
2025-12-01,AST-0045,0.9989
2025-12-02,AST-0045,0.9988
2025-12-03,AST-0045,0.9989
2025-12-04,AST-0045,0.999
2025-12-05,AST-0045,0.999
2025-12-08,AST-0045,0.9988
2025-12-09,AST-0045,0.9987
2025-12-10,AST-0045,0.9986
2025-12-11,AST-0045,0.9982
2025-12-12,AST-0045,0.9981
2025-12-15,AST-0045,0.998
2025-12-16,AST-0045,0.9978
2025-12-17,AST-0045,0.9978
2025-12-18,AST-0045,0.9978
2025-12-19,AST-0045,0.9976
2025-12-22,AST-0045,0.9981
2025-12-23,AST-0045,0.9981
2025-12-24,AST-0045,0.998
2025-12-25,AST-0045,0.9981
2025-12-26,AST-0045,0.9982
2025-12-29,AST-0045,0.9984
2025-12-30,AST-0045,0.9984
2025-12-31,AST-0045,0.9984
2026-01-01,AST-0045,0.9986
2026-01-02,AST-0045,0.9988
2026-01-05,AST-0045,0.9987
2026-01-06,AST-0045,0.9985
2026-01-07,AST-0045,0.9983
2026-01-08,AST-0045,0.9985
2026-01-09,AST-0045,0.9989
2026-01-12,AST-0045,0.999
2026-01-13,AST-0045,0.9989
2026-01-14,AST-0045,0.9989
2026-01-15,AST-0045,0.9988
2026-01-16,AST-0045,0.999
2026-01-19,AST-0045,0.9991
2026-01-20,AST-0045,0.9989
2026-01-21,AST-0045,0.9989
2026-01-22,AST-0045,0.9988
2026-01-23,AST-0045,0.9986
2026-01-26,AST-0045,0.9989
2026-01-27,AST-0045,0.9989
2026-01-28,AST-0045,0.9986
2026-01-29,AST-0045,0.9987
2026-01-30,AST-0045,0.9986
2026-02-02,AST-0045,0.9987
2026-02-03,AST-0045,0.9986
2026-02-04,AST-0045,0.9984
2026-02-05,AST-0045,0.9987
2026-02-06,AST-0045,0.9985
2026-02-09,AST-0045,0.9984
2026-02-10,AST-0045,0.9986
2026-02-11,AST-0045,0.9986
2026-02-12,AST-0045,0.9987
2026-02-13,AST-0045,0.9988
2026-02-16,AST-0045,0.9987
2026-02-17,AST-0045,0.9988
2026-02-18,AST-0045,0.999
2026-02-19,AST-0045,0.9991
2026-02-20,AST-0045,0.9992
2026-02-23,AST-0045,0.9991
2026-02-24,AST-0045,0.999
2026-02-25,AST-0045,0.9991
2026-02-26,AST-0045,0.9992
2026-02-27,AST-0045,0.999
2026-03-02,AST-0045,0.9991
2026-03-03,AST-0045,0.999
2026-03-04,AST-0045,0.999
2026-03-05,AST-0045,0.9991
2026-03-06,AST-0045,0.9992
2026-03-09,AST-0045,0.9991
2026-03-10,AST-0045,0.9989
2026-03-11,AST-0045,0.9992
2026-03-12,AST-0045,0.9993
2026-03-13,AST-0045,0.9994
2026-03-16,AST-0045,0.9994
2026-03-17,AST-0045,0.9994
2026-03-18,AST-0045,0.9994
2026-03-19,AST-0045,0.9996
2026-03-20,AST-0045,0.9994
2026-03-23,AST-0045,0.9996
2026-03-24,AST-0045,0.9996
2026-03-25,AST-0045,0.9996
2026-03-26,AST-0045,0.9996
2026-03-27,AST-0045,0.9997
2026-03-30,AST-0045,0.9999
2026-03-31,AST-0045,0.9999
2026-04-01,AST-0045,0.9999
2026-04-02,AST-0045,0.9997
2026-04-03,AST-0045,0.9997
2026-04-06,AST-0045,0.9997
2026-04-07,AST-0045,0.9996
2026-04-08,AST-0045,0.9997
2026-04-09,AST-0045,0.9997
2026-04-10,AST-0045,0.9995
2026-04-13,AST-0045,0.9996
2026-04-14,AST-0045,0.9997
2026-04-15,AST-0045,1.0001
2026-04-16,AST-0045,1.0001
2026-04-17,AST-0045,1.0001
2026-04-20,AST-0045,1.0002
2026-04-21,AST-0045,1.0003
2026-04-22,AST-0045,1.0004
2026-04-23,AST-0045,1.0006
2026-04-24,AST-0045,1.0006
2026-04-27,AST-0045,1.0005
2026-04-28,AST-0045,1.0006
2026-04-29,AST-0045,1.0006
2026-04-30,AST-0045,1.0005
2026-05-01,AST-0045,1.0004
2026-05-04,AST-0045,1.0007
2026-05-05,AST-0045,1.0006
2026-05-06,AST-0045,1.0004
2026-05-07,AST-0045,1.0005
2026-05-08,AST-0045,1.0004
2026-05-11,AST-0045,1.0004
2026-05-12,AST-0045,1.0002
2026-05-13,AST-0045,1.0003
2026-05-14,AST-0045,1.0002
2026-05-15,AST-0045,0.9999
2026-05-18,AST-0045,1.0
2026-05-19,AST-0045,1.0
2026-05-20,AST-0045,1.0002
2026-05-21,AST-0045,0.9998
2026-05-22,AST-0045,0.9997
2026-05-25,AST-0045,0.9995
2026-05-26,AST-0045,0.9997
2026-05-27,AST-0045,0.9997
2026-05-28,AST-0045,0.9999
2026-05-29,AST-0045,1.0
2026-06-01,AST-0045,0.9997
2026-06-02,AST-0045,0.9998
2026-06-03,AST-0045,0.9996
2026-06-04,AST-0045,0.9998
2026-06-05,AST-0045,0.9999
2026-06-08,AST-0045,1.0001
2026-06-09,AST-0045,1.0
2026-06-10,AST-0045,1.0001
2026-06-11,AST-0045,1.0001
2026-06-12,AST-0045,1.0001
2026-06-15,AST-0045,0.9999
2026-06-16,AST-0045,0.9999
2026-06-17,AST-0045,0.9997
2026-06-18,AST-0045,0.9999
2026-06-19,AST-0045,1.0
2026-06-22,AST-0045,1.0002
2026-06-23,AST-0045,1.0003
2026-06-24,AST-0045,1.0002
2026-06-25,AST-0045,1.0005
2026-06-26,AST-0045,1.0005
2026-06-29,AST-0045,1.0005
2026-06-30,AST-0045,1.0006
2026-07-01,AST-0045,1.0004
2026-07-02,AST-0045,1.0003
2026-07-03,AST-0045,1.0003
2026-07-06,AST-0045,1.0005
2026-07-07,AST-0045,1.0005
2026-07-08,AST-0045,1.0005
2026-07-09,AST-0045,1.0004
2026-07-10,AST-0045,1.0003
2026-07-13,AST-0045,1.0003
2026-07-14,AST-0045,1.0003
2026-07-15,AST-0045,1.0004
2026-07-16,AST-0045,1.0005
2026-07-17,AST-0045,1.0006
2026-07-20,AST-0045,1.0005
2026-07-21,AST-0045,1.0003
2026-07-22,AST-0045,1.0004
2026-07-23,AST-0045,1.0004
2026-07-24,AST-0045,1.0003
2026-07-27,AST-0045,1.0002
2026-07-28,AST-0045,1.0001
2026-07-29,AST-0045,1.0002
2026-07-30,AST-0045,1.0001
2026-07-31,AST-0045,1.0001
2026-08-03,AST-0045,1.0004
2026-08-04,AST-0045,1.0004
2026-08-05,AST-0045,1.0003
2026-08-06,AST-0045,1.0004
2026-08-07,AST-0045,1.0
2025-07-28,AST-0046,0.9936
2025-07-29,AST-0046,0.994
2025-07-30,AST-0046,0.994
2025-07-31,AST-0046,0.9941
2025-08-01,AST-0046,0.9942
2025-08-04,AST-0046,0.9944
2025-08-05,AST-0046,0.9943
2025-08-06,AST-0046,0.9942
2025-08-07,AST-0046,0.9943
2025-08-08,AST-0046,0.9941
2025-08-11,AST-0046,0.9943
2025-08-12,AST-0046,0.9942
2025-08-13,AST-0046,0.9942
2025-08-14,AST-0046,0.9941
2025-08-15,AST-0046,0.9941
2025-08-18,AST-0046,0.9941
2025-08-19,AST-0046,0.994
2025-08-20,AST-0046,0.9943
2025-08-21,AST-0046,0.9944
2025-08-22,AST-0046,0.9943
2025-08-25,AST-0046,0.9941
2025-08-26,AST-0046,0.9941
2025-08-27,AST-0046,0.9943
2025-08-28,AST-0046,0.9945
2025-08-29,AST-0046,0.9944
2025-09-01,AST-0046,0.9944
2025-09-02,AST-0046,0.9943
2025-09-03,AST-0046,0.9942
2025-09-04,AST-0046,0.9942
2025-09-05,AST-0046,0.9944
2025-09-08,AST-0046,0.9943
2025-09-09,AST-0046,0.9943
2025-09-10,AST-0046,0.9944
2025-09-11,AST-0046,0.9942
2025-09-12,AST-0046,0.9939
2025-09-15,AST-0046,0.994
2025-09-16,AST-0046,0.9938
2025-09-17,AST-0046,0.9939
2025-09-18,AST-0046,0.994
2025-09-19,AST-0046,0.9939
2025-09-22,AST-0046,0.994
2025-09-23,AST-0046,0.9941
2025-09-24,AST-0046,0.9943
2025-09-25,AST-0046,0.9943
2025-09-26,AST-0046,0.9941
2025-09-29,AST-0046,0.9941
2025-09-30,AST-0046,0.9941
2025-10-01,AST-0046,0.9942
2025-10-02,AST-0046,0.9938
2025-10-03,AST-0046,0.9938
2025-10-06,AST-0046,0.9939
2025-10-07,AST-0046,0.9939
2025-10-08,AST-0046,0.994
2025-10-09,AST-0046,0.9941
2025-10-10,AST-0046,0.9943
2025-10-13,AST-0046,0.9943
2025-10-14,AST-0046,0.9943
2025-10-15,AST-0046,0.9944
2025-10-16,AST-0046,0.9943
2025-10-17,AST-0046,0.9942
2025-10-20,AST-0046,0.9942
2025-10-21,AST-0046,0.9943
2025-10-22,AST-0046,0.9943
2025-10-23,AST-0046,0.9941
2025-10-24,AST-0046,0.9938
2025-10-27,AST-0046,0.9939
2025-10-28,AST-0046,0.9941
2025-10-29,AST-0046,0.9941
2025-10-30,AST-0046,0.9941
2025-10-31,AST-0046,0.994
2025-11-03,AST-0046,0.9943
2025-11-04,AST-0046,0.9943
2025-11-05,AST-0046,0.9943
2025-11-06,AST-0046,0.9943
2025-11-07,AST-0046,0.9944
2025-11-10,AST-0046,0.9946
2025-11-11,AST-0046,0.9944
2025-11-12,AST-0046,0.9945
2025-11-13,AST-0046,0.9944
2025-11-14,AST-0046,0.9944
2025-11-17,AST-0046,0.9946
2025-11-18,AST-0046,0.9945
2025-11-19,AST-0046,0.9945
2025-11-20,AST-0046,0.9942
2025-11-21,AST-0046,0.9945
2025-11-24,AST-0046,0.9944
2025-11-25,AST-0046,0.9945
2025-11-26,AST-0046,0.9947
2025-11-27,AST-0046,0.9947
2025-11-28,AST-0046,0.9945
2025-12-01,AST-0046,0.9948
2025-12-02,AST-0046,0.9947
2025-12-03,AST-0046,0.995
2025-12-04,AST-0046,0.9948
2025-12-05,AST-0046,0.9946
2025-12-08,AST-0046,0.9945
2025-12-09,AST-0046,0.9946
2025-12-10,AST-0046,0.9943
2025-12-11,AST-0046,0.9942
2025-12-12,AST-0046,0.9942
2025-12-15,AST-0046,0.994
2025-12-16,AST-0046,0.9939
2025-12-17,AST-0046,0.9939
2025-12-18,AST-0046,0.9939
2025-12-19,AST-0046,0.9941
2025-12-22,AST-0046,0.9944
2025-12-23,AST-0046,0.9943
2025-12-24,AST-0046,0.9942
2025-12-25,AST-0046,0.9942
2025-12-26,AST-0046,0.9942
2025-12-29,AST-0046,0.9945
2025-12-30,AST-0046,0.9947
2025-12-31,AST-0046,0.9947
2026-01-01,AST-0046,0.9949
2026-01-02,AST-0046,0.9953
2026-01-05,AST-0046,0.9951
2026-01-06,AST-0046,0.9951
2026-01-07,AST-0046,0.995
2026-01-08,AST-0046,0.995
2026-01-09,AST-0046,0.9952
2026-01-12,AST-0046,0.9954
2026-01-13,AST-0046,0.9955
2026-01-14,AST-0046,0.9954
2026-01-15,AST-0046,0.9954
2026-01-16,AST-0046,0.9954
2026-01-19,AST-0046,0.9955
2026-01-20,AST-0046,0.9953
2026-01-21,AST-0046,0.9955
2026-01-22,AST-0046,0.9957
2026-01-23,AST-0046,0.9954
2026-01-26,AST-0046,0.9956
2026-01-27,AST-0046,0.9957
2026-01-28,AST-0046,0.9954
2026-01-29,AST-0046,0.9954
2026-01-30,AST-0046,0.9952
2026-02-02,AST-0046,0.9952
2026-02-03,AST-0046,0.995
2026-02-04,AST-0046,0.995
2026-02-05,AST-0046,0.995
2026-02-06,AST-0046,0.9951
2026-02-09,AST-0046,0.9952
2026-02-10,AST-0046,0.9953
2026-02-11,AST-0046,0.9954
2026-02-12,AST-0046,0.9954
2026-02-13,AST-0046,0.9956
2026-02-16,AST-0046,0.9956
2026-02-17,AST-0046,0.9955
2026-02-18,AST-0046,0.9956
2026-02-19,AST-0046,0.9958
2026-02-20,AST-0046,0.9958
2026-02-23,AST-0046,0.9957
2026-02-24,AST-0046,0.9958
2026-02-25,AST-0046,0.9959
2026-02-26,AST-0046,0.996
2026-02-27,AST-0046,0.996
2026-03-02,AST-0046,0.996
2026-03-03,AST-0046,0.9962
2026-03-04,AST-0046,0.9964
2026-03-05,AST-0046,0.9965
2026-03-06,AST-0046,0.9965
2026-03-09,AST-0046,0.9965
2026-03-10,AST-0046,0.9965
2026-03-11,AST-0046,0.9965
2026-03-12,AST-0046,0.9968
2026-03-13,AST-0046,0.9969
2026-03-16,AST-0046,0.9968
2026-03-17,AST-0046,0.9969
2026-03-18,AST-0046,0.997
2026-03-19,AST-0046,0.9971
2026-03-20,AST-0046,0.997
2026-03-23,AST-0046,0.997
2026-03-24,AST-0046,0.9969
2026-03-25,AST-0046,0.9971
2026-03-26,AST-0046,0.9972
2026-03-27,AST-0046,0.9975
2026-03-30,AST-0046,0.9975
2026-03-31,AST-0046,0.9975
2026-04-01,AST-0046,0.9977
2026-04-02,AST-0046,0.9974
2026-04-03,AST-0046,0.9974
2026-04-06,AST-0046,0.9974
2026-04-07,AST-0046,0.9973
2026-04-08,AST-0046,0.9972
2026-04-09,AST-0046,0.9973
2026-04-10,AST-0046,0.9973
2026-04-13,AST-0046,0.9974
2026-04-14,AST-0046,0.9973
2026-04-15,AST-0046,0.9975
2026-04-16,AST-0046,0.9974
2026-04-17,AST-0046,0.9975
2026-04-20,AST-0046,0.9975
2026-04-21,AST-0046,0.9975
2026-04-22,AST-0046,0.9977
2026-04-23,AST-0046,0.9978
2026-04-24,AST-0046,0.9981
2026-04-27,AST-0046,0.9979
2026-04-28,AST-0046,0.9982
2026-04-29,AST-0046,0.9983
2026-04-30,AST-0046,0.9982
2026-05-01,AST-0046,0.9982
2026-05-04,AST-0046,0.9982
2026-05-05,AST-0046,0.9981
2026-05-06,AST-0046,0.9981
2026-05-07,AST-0046,0.9983
2026-05-08,AST-0046,0.9982
2026-05-11,AST-0046,0.9984
2026-05-12,AST-0046,0.9982
2026-05-13,AST-0046,0.9983
2026-05-14,AST-0046,0.9982
2026-05-15,AST-0046,0.998
2026-05-18,AST-0046,0.9982
2026-05-19,AST-0046,0.9982
2026-05-20,AST-0046,0.9985
2026-05-21,AST-0046,0.9982
2026-05-22,AST-0046,0.9981
2026-05-25,AST-0046,0.9981
2026-05-26,AST-0046,0.9982
2026-05-27,AST-0046,0.9984
2026-05-28,AST-0046,0.9984
2026-05-29,AST-0046,0.9985
2026-06-01,AST-0046,0.9983
2026-06-02,AST-0046,0.9986
2026-06-03,AST-0046,0.9986
2026-06-04,AST-0046,0.9989
2026-06-05,AST-0046,0.9988
2026-06-08,AST-0046,0.999
2026-06-09,AST-0046,0.999
2026-06-10,AST-0046,0.999
2026-06-11,AST-0046,0.9988
2026-06-12,AST-0046,0.9987
2026-06-15,AST-0046,0.9989
2026-06-16,AST-0046,0.9988
2026-06-17,AST-0046,0.9988
2026-06-18,AST-0046,0.999
2026-06-19,AST-0046,0.9992
2026-06-22,AST-0046,0.9993
2026-06-23,AST-0046,0.9993
2026-06-24,AST-0046,0.9993
2026-06-25,AST-0046,0.9995
2026-06-26,AST-0046,0.9997
2026-06-29,AST-0046,0.9998
2026-06-30,AST-0046,0.9999
2026-07-01,AST-0046,1.0
2026-07-02,AST-0046,1.0001
2026-07-03,AST-0046,1.0
2026-07-06,AST-0046,1.0004
2026-07-07,AST-0046,1.0002
2026-07-08,AST-0046,1.0002
2026-07-09,AST-0046,1.0001
2026-07-10,AST-0046,1.0001
2026-07-13,AST-0046,1.0001
2026-07-14,AST-0046,0.9999
2026-07-15,AST-0046,1.0001
2026-07-16,AST-0046,1.0002
2026-07-17,AST-0046,1.0004
2026-07-20,AST-0046,1.0005
2026-07-21,AST-0046,1.0003
2026-07-22,AST-0046,1.0001
2026-07-23,AST-0046,0.9999
2026-07-24,AST-0046,1.0
2026-07-27,AST-0046,1.0
2026-07-28,AST-0046,0.9999
2026-07-29,AST-0046,0.9999
2026-07-30,AST-0046,0.9998
2026-07-31,AST-0046,0.9998
2026-08-03,AST-0046,1.0
2026-08-04,AST-0046,1.0
2026-08-05,AST-0046,1.0
2026-08-06,AST-0046,1.0003
2026-08-07,AST-0046,1.0
2025-07-28,AST-0047,11.1096
2025-07-29,AST-0047,11.3322
2025-07-30,AST-0047,11.3983
2025-07-31,AST-0047,11.3486
2025-08-01,AST-0047,11.422
2025-08-04,AST-0047,11.4701
2025-08-05,AST-0047,11.5156
2025-08-06,AST-0047,11.4385
2025-08-07,AST-0047,11.3237
2025-08-08,AST-0047,11.2535
2025-08-11,AST-0047,11.3673
2025-08-12,AST-0047,11.3565
2025-08-13,AST-0047,11.2359
2025-08-14,AST-0047,11.2426
2025-08-15,AST-0047,11.3518
2025-08-18,AST-0047,11.3313
2025-08-19,AST-0047,11.2054
2025-08-20,AST-0047,11.1923
2025-08-21,AST-0047,11.3054
2025-08-22,AST-0047,11.3776
2025-08-25,AST-0047,11.446
2025-08-26,AST-0047,11.5502
2025-08-27,AST-0047,11.4255
2025-08-28,AST-0047,11.3075
2025-08-29,AST-0047,11.3537
2025-09-01,AST-0047,11.3189
2025-09-02,AST-0047,11.1739
2025-09-03,AST-0047,11.1285
2025-09-04,AST-0047,11.0059
2025-09-05,AST-0047,11.0012
2025-09-08,AST-0047,11.0056
2025-09-09,AST-0047,10.9636
2025-09-10,AST-0047,11.015
2025-09-11,AST-0047,11.0257
2025-09-12,AST-0047,10.7923
2025-09-15,AST-0047,10.7555
2025-09-16,AST-0047,10.6967
2025-09-17,AST-0047,10.8332
2025-09-18,AST-0047,10.8611
2025-09-19,AST-0047,10.6743
2025-09-22,AST-0047,10.7473
2025-09-23,AST-0047,10.844
2025-09-24,AST-0047,10.9218
2025-09-25,AST-0047,10.9393
2025-09-26,AST-0047,10.873
2025-09-29,AST-0047,10.9262
2025-09-30,AST-0047,11.0175
2025-10-01,AST-0047,10.9337
2025-10-02,AST-0047,10.5836
2025-10-03,AST-0047,10.5561
2025-10-06,AST-0047,10.4989
2025-10-07,AST-0047,10.3029
2025-10-08,AST-0047,10.3539
2025-10-09,AST-0047,10.3822
2025-10-10,AST-0047,10.3608
2025-10-13,AST-0047,10.3897
2025-10-14,AST-0047,10.5516
2025-10-15,AST-0047,10.4816
2025-10-16,AST-0047,10.5198
2025-10-17,AST-0047,10.3989
2025-10-20,AST-0047,10.3961
2025-10-21,AST-0047,10.547
2025-10-22,AST-0047,10.546
2025-10-23,AST-0047,10.4623
2025-10-24,AST-0047,10.4976
2025-10-27,AST-0047,10.4828
2025-10-28,AST-0047,10.2808
2025-10-29,AST-0047,10.2002
2025-10-30,AST-0047,10.2528
2025-10-31,AST-0047,10.1891
2025-11-03,AST-0047,10.2191
2025-11-04,AST-0047,10.2011
2025-11-05,AST-0047,10.2515
2025-11-06,AST-0047,10.249
2025-11-07,AST-0047,10.26
2025-11-10,AST-0047,10.2045
2025-11-11,AST-0047,10.0728
2025-11-12,AST-0047,9.9815
2025-11-13,AST-0047,10.0572
2025-11-14,AST-0047,10.0025
2025-11-17,AST-0047,10.0869
2025-11-18,AST-0047,10.1284
2025-11-19,AST-0047,10.1734
2025-11-20,AST-0047,10.0884
2025-11-21,AST-0047,10.1658
2025-11-24,AST-0047,10.2643
2025-11-25,AST-0047,10.1482
2025-11-26,AST-0047,10.104
2025-11-27,AST-0047,9.9342
2025-11-28,AST-0047,9.8453
2025-12-01,AST-0047,10.0044
2025-12-02,AST-0047,9.7809
2025-12-03,AST-0047,9.8507
2025-12-04,AST-0047,9.8179
2025-12-05,AST-0047,9.9754
2025-12-08,AST-0047,9.8645
2025-12-09,AST-0047,9.8449
2025-12-10,AST-0047,9.8629
2025-12-11,AST-0047,9.8368
2025-12-12,AST-0047,9.7742
2025-12-15,AST-0047,9.7364
2025-12-16,AST-0047,9.7516
2025-12-17,AST-0047,9.6676
2025-12-18,AST-0047,9.5852
2025-12-19,AST-0047,9.5641
2025-12-22,AST-0047,9.6125
2025-12-23,AST-0047,9.6501
2025-12-24,AST-0047,9.6646
2025-12-25,AST-0047,9.6073
2025-12-26,AST-0047,9.5777
2025-12-29,AST-0047,9.6334
2025-12-30,AST-0047,9.5931
2025-12-31,AST-0047,9.5727
2026-01-01,AST-0047,9.545
2026-01-02,AST-0047,9.6803
2026-01-05,AST-0047,9.6362
2026-01-06,AST-0047,9.5884
2026-01-07,AST-0047,9.6206
2026-01-08,AST-0047,9.5625
2026-01-09,AST-0047,9.6883
2026-01-12,AST-0047,9.7277
2026-01-13,AST-0047,9.9016
2026-01-14,AST-0047,9.9401
2026-01-15,AST-0047,10.0117
2026-01-16,AST-0047,10.1137
2026-01-19,AST-0047,10.0431
2026-01-20,AST-0047,9.9234
2026-01-21,AST-0047,9.9049
2026-01-22,AST-0047,9.8281
2026-01-23,AST-0047,9.6957
2026-01-26,AST-0047,9.7713
2026-01-27,AST-0047,9.8622
2026-01-28,AST-0047,9.7832
2026-01-29,AST-0047,9.7284
2026-01-30,AST-0047,9.6057
2026-02-02,AST-0047,9.5743
2026-02-03,AST-0047,9.5809
2026-02-04,AST-0047,9.6698
2026-02-05,AST-0047,9.82
2026-02-06,AST-0047,9.76
2026-02-09,AST-0047,9.6407
2026-02-10,AST-0047,9.5604
2026-02-11,AST-0047,9.4658
2026-02-12,AST-0047,9.4732
2026-02-13,AST-0047,9.6265
2026-02-16,AST-0047,9.5891
2026-02-17,AST-0047,9.4916
2026-02-18,AST-0047,9.4797
2026-02-19,AST-0047,9.4037
2026-02-20,AST-0047,9.4885
2026-02-23,AST-0047,9.5158
2026-02-24,AST-0047,9.5928
2026-02-25,AST-0047,9.7279
2026-02-26,AST-0047,9.7013
2026-02-27,AST-0047,9.7831
2026-03-02,AST-0047,9.8301
2026-03-03,AST-0047,9.8026
2026-03-04,AST-0047,9.8233
2026-03-05,AST-0047,9.8937
2026-03-06,AST-0047,9.8199
2026-03-09,AST-0047,9.7112
2026-03-10,AST-0047,9.6615
2026-03-11,AST-0047,9.7291
2026-03-12,AST-0047,9.7089
2026-03-13,AST-0047,9.6509
2026-03-16,AST-0047,9.546
2026-03-17,AST-0047,9.4661
2026-03-18,AST-0047,9.5658
2026-03-19,AST-0047,9.6489
2026-03-20,AST-0047,9.6616
2026-03-23,AST-0047,9.4863
2026-03-24,AST-0047,9.2811
2026-03-25,AST-0047,9.2246
2026-03-26,AST-0047,9.0552
2026-03-27,AST-0047,9.2061
2026-03-30,AST-0047,9.2874
2026-03-31,AST-0047,9.3772
2026-04-01,AST-0047,9.3688
2026-04-02,AST-0047,9.3409
2026-04-03,AST-0047,9.4661
2026-04-06,AST-0047,9.5171
2026-04-07,AST-0047,9.4662
2026-04-08,AST-0047,9.5063
2026-04-09,AST-0047,9.4294
2026-04-10,AST-0047,9.3925
2026-04-13,AST-0047,9.5107
2026-04-14,AST-0047,9.5204
2026-04-15,AST-0047,9.6383
2026-04-16,AST-0047,9.5315
2026-04-17,AST-0047,9.6782
2026-04-20,AST-0047,9.7675
2026-04-21,AST-0047,9.79
2026-04-22,AST-0047,9.8759
2026-04-23,AST-0047,9.7931
2026-04-24,AST-0047,9.9607
2026-04-27,AST-0047,10.0699
2026-04-28,AST-0047,10.1155
2026-04-29,AST-0047,10.0233
2026-04-30,AST-0047,10.0774
2026-05-01,AST-0047,9.9748
2026-05-04,AST-0047,10.0731
2026-05-05,AST-0047,10.0943
2026-05-06,AST-0047,9.9029
2026-05-07,AST-0047,10.0236
2026-05-08,AST-0047,9.9776
2026-05-11,AST-0047,9.8717
2026-05-12,AST-0047,9.6457
2026-05-13,AST-0047,9.6464
2026-05-14,AST-0047,9.6264
2026-05-15,AST-0047,9.552
2026-05-18,AST-0047,9.492
2026-05-19,AST-0047,9.5496
2026-05-20,AST-0047,9.6112
2026-05-21,AST-0047,9.6343
2026-05-22,AST-0047,9.4943
2026-05-25,AST-0047,9.3377
2026-05-26,AST-0047,9.2998
2026-05-27,AST-0047,9.4063
2026-05-28,AST-0047,9.4027
2026-05-29,AST-0047,9.439
2026-06-01,AST-0047,9.3304
2026-06-02,AST-0047,9.4679
2026-06-03,AST-0047,9.4203
2026-06-04,AST-0047,9.5486
2026-06-05,AST-0047,9.6391
2026-06-08,AST-0047,9.7272
2026-06-09,AST-0047,9.687
2026-06-10,AST-0047,9.7462
2026-06-11,AST-0047,9.661
2026-06-12,AST-0047,9.7862
2026-06-15,AST-0047,9.8398
2026-06-16,AST-0047,9.7992
2026-06-17,AST-0047,9.7476
2026-06-18,AST-0047,9.7724
2026-06-19,AST-0047,9.8755
2026-06-22,AST-0047,9.8058
2026-06-23,AST-0047,9.8774
2026-06-24,AST-0047,9.8407
2026-06-25,AST-0047,9.9119
2026-06-26,AST-0047,9.9071
2026-06-29,AST-0047,10.0301
2026-06-30,AST-0047,10.2455
2026-07-01,AST-0047,10.0582
2026-07-02,AST-0047,10.1783
2026-07-03,AST-0047,10.1249
2026-07-06,AST-0047,10.1099
2026-07-07,AST-0047,10.1485
2026-07-08,AST-0047,10.0691
2026-07-09,AST-0047,10.0075
2026-07-10,AST-0047,9.8977
2026-07-13,AST-0047,10.0881
2026-07-14,AST-0047,10.0328
2026-07-15,AST-0047,10.0279
2026-07-16,AST-0047,10.1547
2026-07-17,AST-0047,10.2398
2026-07-20,AST-0047,10.1506
2026-07-21,AST-0047,10.3108
2026-07-22,AST-0047,10.3912
2026-07-23,AST-0047,10.321
2026-07-24,AST-0047,10.2618
2026-07-27,AST-0047,10.2578
2026-07-28,AST-0047,10.202
2026-07-29,AST-0047,10.323
2026-07-30,AST-0047,10.134
2026-07-31,AST-0047,10.0803
2026-08-03,AST-0047,10.1919
2026-08-04,AST-0047,10.0873
2026-08-05,AST-0047,10.0666
2026-08-06,AST-0047,10.1429
2026-08-07,AST-0047,10.0208
2025-07-28,AST-0048,0.947
2025-07-29,AST-0048,0.9518
2025-07-30,AST-0048,0.9349
2025-07-31,AST-0048,0.9298
2025-08-01,AST-0048,0.9324
2025-08-04,AST-0048,0.932
2025-08-05,AST-0048,0.9207
2025-08-06,AST-0048,0.9263
2025-08-07,AST-0048,0.9211
2025-08-08,AST-0048,0.9377
2025-08-11,AST-0048,0.9429
2025-08-12,AST-0048,0.9392
2025-08-13,AST-0048,0.9351
2025-08-14,AST-0048,0.9305
2025-08-15,AST-0048,0.9395
2025-08-18,AST-0048,0.9322
2025-08-19,AST-0048,0.9274
2025-08-20,AST-0048,0.9248
2025-08-21,AST-0048,0.9221
2025-08-22,AST-0048,0.9144
2025-08-25,AST-0048,0.9126
2025-08-26,AST-0048,0.8955
2025-08-27,AST-0048,0.9091
2025-08-28,AST-0048,0.9043
2025-08-29,AST-0048,0.9056
2025-09-01,AST-0048,0.9176
2025-09-02,AST-0048,0.9084
2025-09-03,AST-0048,0.9195
2025-09-04,AST-0048,0.9196
2025-09-05,AST-0048,0.9183
2025-09-08,AST-0048,0.9056
2025-09-09,AST-0048,0.9022
2025-09-10,AST-0048,0.9134
2025-09-11,AST-0048,0.9013
2025-09-12,AST-0048,0.898
2025-09-15,AST-0048,0.8933
2025-09-16,AST-0048,0.875
2025-09-17,AST-0048,0.8755
2025-09-18,AST-0048,0.8956
2025-09-19,AST-0048,0.8979
2025-09-22,AST-0048,0.9198
2025-09-23,AST-0048,0.9277
2025-09-24,AST-0048,0.9365
2025-09-25,AST-0048,0.9275
2025-09-26,AST-0048,0.9366
2025-09-29,AST-0048,0.9546
2025-09-30,AST-0048,0.961
2025-10-01,AST-0048,0.9648
2025-10-02,AST-0048,0.9524
2025-10-03,AST-0048,0.9633
2025-10-06,AST-0048,0.9661
2025-10-07,AST-0048,0.9699
2025-10-08,AST-0048,0.9753
2025-10-09,AST-0048,0.9946
2025-10-10,AST-0048,0.9944
2025-10-13,AST-0048,1.0118
2025-10-14,AST-0048,1.011
2025-10-15,AST-0048,1.0352
2025-10-16,AST-0048,1.0485
2025-10-17,AST-0048,1.048
2025-10-20,AST-0048,1.0421
2025-10-21,AST-0048,1.0497
2025-10-22,AST-0048,1.0355
2025-10-23,AST-0048,1.0395
2025-10-24,AST-0048,1.033
2025-10-27,AST-0048,1.0344
2025-10-28,AST-0048,1.0497
2025-10-29,AST-0048,1.0381
2025-10-30,AST-0048,1.0481
2025-10-31,AST-0048,1.0569
2025-11-03,AST-0048,1.054
2025-11-04,AST-0048,1.0755
2025-11-05,AST-0048,1.088
2025-11-06,AST-0048,1.0858
2025-11-07,AST-0048,1.0964
2025-11-10,AST-0048,1.1004
2025-11-11,AST-0048,1.1067
2025-11-12,AST-0048,1.1198
2025-11-13,AST-0048,1.1059
2025-11-14,AST-0048,1.105
2025-11-17,AST-0048,1.1049
2025-11-18,AST-0048,1.0971
2025-11-19,AST-0048,1.0835
2025-11-20,AST-0048,1.0711
2025-11-21,AST-0048,1.0713
2025-11-24,AST-0048,1.0749
2025-11-25,AST-0048,1.065
2025-11-26,AST-0048,1.0611
2025-11-27,AST-0048,1.0544
2025-11-28,AST-0048,1.0554
2025-12-01,AST-0048,1.0475
2025-12-02,AST-0048,1.0445
2025-12-03,AST-0048,1.0573
2025-12-04,AST-0048,1.0524
2025-12-05,AST-0048,1.0536
2025-12-08,AST-0048,1.054
2025-12-09,AST-0048,1.0707
2025-12-10,AST-0048,1.0699
2025-12-11,AST-0048,1.0761
2025-12-12,AST-0048,1.0779
2025-12-15,AST-0048,1.0799
2025-12-16,AST-0048,1.0797
2025-12-17,AST-0048,1.079
2025-12-18,AST-0048,1.08
2025-12-19,AST-0048,1.0767
2025-12-22,AST-0048,1.0943
2025-12-23,AST-0048,1.1239
2025-12-24,AST-0048,1.1264
2025-12-25,AST-0048,1.1174
2025-12-26,AST-0048,1.1135
2025-12-29,AST-0048,1.1102
2025-12-30,AST-0048,1.0972
2025-12-31,AST-0048,1.1059
2026-01-01,AST-0048,1.1009
2026-01-02,AST-0048,1.1131
2026-01-05,AST-0048,1.1079
2026-01-06,AST-0048,1.0977
2026-01-07,AST-0048,1.0821
2026-01-08,AST-0048,1.0901
2026-01-09,AST-0048,1.0891
2026-01-12,AST-0048,1.079
2026-01-13,AST-0048,1.0671
2026-01-14,AST-0048,1.0667
2026-01-15,AST-0048,1.0649
2026-01-16,AST-0048,1.0621
2026-01-19,AST-0048,1.0696
2026-01-20,AST-0048,1.0648
2026-01-21,AST-0048,1.0638
2026-01-22,AST-0048,1.079
2026-01-23,AST-0048,1.0692
2026-01-26,AST-0048,1.0856
2026-01-27,AST-0048,1.0959
2026-01-28,AST-0048,1.0867
2026-01-29,AST-0048,1.0887
2026-01-30,AST-0048,1.0849
2026-02-02,AST-0048,1.0931
2026-02-03,AST-0048,1.0813
2026-02-04,AST-0048,1.0866
2026-02-05,AST-0048,1.0955
2026-02-06,AST-0048,1.0754
2026-02-09,AST-0048,1.0767
2026-02-10,AST-0048,1.0626
2026-02-11,AST-0048,1.0882
2026-02-12,AST-0048,1.1074
2026-02-13,AST-0048,1.1137
2026-02-16,AST-0048,1.1167
2026-02-17,AST-0048,1.1133
2026-02-18,AST-0048,1.1203
2026-02-19,AST-0048,1.1283
2026-02-20,AST-0048,1.1269
2026-02-23,AST-0048,1.144
2026-02-24,AST-0048,1.1345
2026-02-25,AST-0048,1.1317
2026-02-26,AST-0048,1.1133
2026-02-27,AST-0048,1.1165
2026-03-02,AST-0048,1.1354
2026-03-03,AST-0048,1.1514
2026-03-04,AST-0048,1.1555
2026-03-05,AST-0048,1.1599
2026-03-06,AST-0048,1.1552
2026-03-09,AST-0048,1.1647
2026-03-10,AST-0048,1.1688
2026-03-11,AST-0048,1.2059
2026-03-12,AST-0048,1.2091
2026-03-13,AST-0048,1.2219
2026-03-16,AST-0048,1.2168
2026-03-17,AST-0048,1.2168
2026-03-18,AST-0048,1.2215
2026-03-19,AST-0048,1.2209
2026-03-20,AST-0048,1.2026
2026-03-23,AST-0048,1.2185
2026-03-24,AST-0048,1.2069
2026-03-25,AST-0048,1.2151
2026-03-26,AST-0048,1.2206
2026-03-27,AST-0048,1.2245
2026-03-30,AST-0048,1.2248
2026-03-31,AST-0048,1.2066
2026-04-01,AST-0048,1.1954
2026-04-02,AST-0048,1.204
2026-04-03,AST-0048,1.1851
2026-04-06,AST-0048,1.1882
2026-04-07,AST-0048,1.1844
2026-04-08,AST-0048,1.1702
2026-04-09,AST-0048,1.1718
2026-04-10,AST-0048,1.175
2026-04-13,AST-0048,1.1878
2026-04-14,AST-0048,1.1924
2026-04-15,AST-0048,1.1948
2026-04-16,AST-0048,1.2089
2026-04-17,AST-0048,1.2144
2026-04-20,AST-0048,1.203
2026-04-21,AST-0048,1.2028
2026-04-22,AST-0048,1.2232
2026-04-23,AST-0048,1.2207
2026-04-24,AST-0048,1.2294
2026-04-27,AST-0048,1.2204
2026-04-28,AST-0048,1.2162
2026-04-29,AST-0048,1.2073
2026-04-30,AST-0048,1.2057
2026-05-01,AST-0048,1.2134
2026-05-04,AST-0048,1.2087
2026-05-05,AST-0048,1.2155
2026-05-06,AST-0048,1.2292
2026-05-07,AST-0048,1.2161
2026-05-08,AST-0048,1.2376
2026-05-11,AST-0048,1.2361
2026-05-12,AST-0048,1.2404
2026-05-13,AST-0048,1.2487
2026-05-14,AST-0048,1.229
2026-05-15,AST-0048,1.2018
2026-05-18,AST-0048,1.1925
2026-05-19,AST-0048,1.2062
2026-05-20,AST-0048,1.2122
2026-05-21,AST-0048,1.2
2026-05-22,AST-0048,1.208
2026-05-25,AST-0048,1.1948
2026-05-26,AST-0048,1.2051
2026-05-27,AST-0048,1.2012
2026-05-28,AST-0048,1.2079
2026-05-29,AST-0048,1.212
2026-06-01,AST-0048,1.2137
2026-06-02,AST-0048,1.2245
2026-06-03,AST-0048,1.2164
2026-06-04,AST-0048,1.2341
2026-06-05,AST-0048,1.2224
2026-06-08,AST-0048,1.2314
2026-06-09,AST-0048,1.2404
2026-06-10,AST-0048,1.2491
2026-06-11,AST-0048,1.2466
2026-06-12,AST-0048,1.2575
2026-06-15,AST-0048,1.2584
2026-06-16,AST-0048,1.2447
2026-06-17,AST-0048,1.2565
2026-06-18,AST-0048,1.2686
2026-06-19,AST-0048,1.2733
2026-06-22,AST-0048,1.2614
2026-06-23,AST-0048,1.2502
2026-06-24,AST-0048,1.2484
2026-06-25,AST-0048,1.2688
2026-06-26,AST-0048,1.281
2026-06-29,AST-0048,1.2731
2026-06-30,AST-0048,1.2802
2026-07-01,AST-0048,1.2865
2026-07-02,AST-0048,1.2768
2026-07-03,AST-0048,1.2757
2026-07-06,AST-0048,1.2659
2026-07-07,AST-0048,1.2538
2026-07-08,AST-0048,1.2475
2026-07-09,AST-0048,1.2498
2026-07-10,AST-0048,1.2233
2026-07-13,AST-0048,1.2232
2026-07-14,AST-0048,1.2125
2026-07-15,AST-0048,1.2063
2026-07-16,AST-0048,1.2181
2026-07-17,AST-0048,1.204
2026-07-20,AST-0048,1.2008
2026-07-21,AST-0048,1.1815
2026-07-22,AST-0048,1.1775
2026-07-23,AST-0048,1.1685
2026-07-24,AST-0048,1.1583
2026-07-27,AST-0048,1.1545
2026-07-28,AST-0048,1.1521
2026-07-29,AST-0048,1.1418
2026-07-30,AST-0048,1.1285
2026-07-31,AST-0048,1.1032
2026-08-03,AST-0048,1.1156
2026-08-04,AST-0048,1.1184
2026-08-05,AST-0048,1.1175
2026-08-06,AST-0048,1.1245
2026-08-07,AST-0048,1.1114
2025-07-28,AST-0049,19.6047
2025-07-29,AST-0049,19.6292
2025-07-30,AST-0049,19.5473
2025-07-31,AST-0049,19.5341
2025-08-01,AST-0049,19.5416
2025-08-04,AST-0049,19.6695
2025-08-05,AST-0049,19.768
2025-08-06,AST-0049,19.8541
2025-08-07,AST-0049,19.7602
2025-08-08,AST-0049,20.0554
2025-08-11,AST-0049,20.3658
2025-08-12,AST-0049,20.4432
2025-08-13,AST-0049,20.4567
2025-08-14,AST-0049,20.4927
2025-08-15,AST-0049,20.4321
2025-08-18,AST-0049,20.5752
2025-08-19,AST-0049,20.4757
2025-08-20,AST-0049,20.7654
2025-08-21,AST-0049,20.5282
2025-08-22,AST-0049,20.5649
2025-08-25,AST-0049,20.5794
2025-08-26,AST-0049,20.6522
2025-08-27,AST-0049,20.8332
2025-08-28,AST-0049,20.9705
2025-08-29,AST-0049,21.0121
2025-09-01,AST-0049,20.975
2025-09-02,AST-0049,21.0991
2025-09-03,AST-0049,20.9716
2025-09-04,AST-0049,20.7611
2025-09-05,AST-0049,20.9969
2025-09-08,AST-0049,20.9133
2025-09-09,AST-0049,20.6723
2025-09-10,AST-0049,20.8811
2025-09-11,AST-0049,20.6382
2025-09-12,AST-0049,20.3831
2025-09-15,AST-0049,20.3539
2025-09-16,AST-0049,20.1466
2025-09-17,AST-0049,20.1818
2025-09-18,AST-0049,20.226
2025-09-19,AST-0049,20.2644
2025-09-22,AST-0049,20.0632
2025-09-23,AST-0049,19.5354
2025-09-24,AST-0049,19.5785
2025-09-25,AST-0049,19.8736
2025-09-26,AST-0049,19.4644
2025-09-29,AST-0049,19.4894
2025-09-30,AST-0049,19.3212
2025-10-01,AST-0049,19.1611
2025-10-02,AST-0049,19.0401
2025-10-03,AST-0049,18.636
2025-10-06,AST-0049,18.9864
2025-10-07,AST-0049,18.967
2025-10-08,AST-0049,19.0706
2025-10-09,AST-0049,18.7983
2025-10-10,AST-0049,19.0766
2025-10-13,AST-0049,18.849
2025-10-14,AST-0049,18.7548
2025-10-15,AST-0049,18.552
2025-10-16,AST-0049,18.6994
2025-10-17,AST-0049,18.8919
2025-10-20,AST-0049,18.9521
2025-10-21,AST-0049,18.909
2025-10-22,AST-0049,18.9513
2025-10-23,AST-0049,18.7846
2025-10-24,AST-0049,18.6407
2025-10-27,AST-0049,18.8159
2025-10-28,AST-0049,19.0183
2025-10-29,AST-0049,18.9408
2025-10-30,AST-0049,19.1251
2025-10-31,AST-0049,19.0424
2025-11-03,AST-0049,18.999
2025-11-04,AST-0049,19.0187
2025-11-05,AST-0049,18.9495
2025-11-06,AST-0049,19.0318
2025-11-07,AST-0049,19.2045
2025-11-10,AST-0049,19.0453
2025-11-11,AST-0049,18.837
2025-11-12,AST-0049,18.6331
2025-11-13,AST-0049,18.5227
2025-11-14,AST-0049,18.5673
2025-11-17,AST-0049,18.4047
2025-11-18,AST-0049,18.3297
2025-11-19,AST-0049,18.4639
2025-11-20,AST-0049,18.4207
2025-11-21,AST-0049,18.3897
2025-11-24,AST-0049,18.4755
2025-11-25,AST-0049,18.4037
2025-11-26,AST-0049,18.4446
2025-11-27,AST-0049,18.6548
2025-11-28,AST-0049,18.4972
2025-12-01,AST-0049,18.7771
2025-12-02,AST-0049,18.8716
2025-12-03,AST-0049,18.91
2025-12-04,AST-0049,18.8378
2025-12-05,AST-0049,18.824
2025-12-08,AST-0049,18.7982
2025-12-09,AST-0049,18.9783
2025-12-10,AST-0049,19.1243
2025-12-11,AST-0049,19.2229
2025-12-12,AST-0049,19.0221
2025-12-15,AST-0049,19.1045
2025-12-16,AST-0049,18.9491
2025-12-17,AST-0049,18.9472
2025-12-18,AST-0049,18.7124
2025-12-19,AST-0049,18.5576
2025-12-22,AST-0049,18.7161
2025-12-23,AST-0049,18.5676
2025-12-24,AST-0049,18.4649
2025-12-25,AST-0049,18.5913
2025-12-26,AST-0049,18.5881
2025-12-29,AST-0049,18.6574
2025-12-30,AST-0049,18.475
2025-12-31,AST-0049,18.5499
2026-01-01,AST-0049,18.8071
2026-01-02,AST-0049,18.891
2026-01-05,AST-0049,18.8996
2026-01-06,AST-0049,19.0621
2026-01-07,AST-0049,18.9513
2026-01-08,AST-0049,19.1042
2026-01-09,AST-0049,19.2417
2026-01-12,AST-0049,19.4994
2026-01-13,AST-0049,19.4452
2026-01-14,AST-0049,19.3798
2026-01-15,AST-0049,19.3787
2026-01-16,AST-0049,19.0034
2026-01-19,AST-0049,19.0231
2026-01-20,AST-0049,19.2188
2026-01-21,AST-0049,19.1816
2026-01-22,AST-0049,19.1973
2026-01-23,AST-0049,19.0041
2026-01-26,AST-0049,18.9923
2026-01-27,AST-0049,18.8922
2026-01-28,AST-0049,18.7744
2026-01-29,AST-0049,18.8409
2026-01-30,AST-0049,19.0001
2026-02-02,AST-0049,18.6092
2026-02-03,AST-0049,18.5676
2026-02-04,AST-0049,18.475
2026-02-05,AST-0049,18.6939
2026-02-06,AST-0049,18.4698
2026-02-09,AST-0049,18.4586
2026-02-10,AST-0049,18.4274
2026-02-11,AST-0049,18.5406
2026-02-12,AST-0049,18.8352
2026-02-13,AST-0049,19.1055
2026-02-16,AST-0049,18.9841
2026-02-17,AST-0049,19.2881
2026-02-18,AST-0049,19.2282
2026-02-19,AST-0049,19.2467
2026-02-20,AST-0049,19.4201
2026-02-23,AST-0049,19.2359
2026-02-24,AST-0049,19.2979
2026-02-25,AST-0049,19.0631
2026-02-26,AST-0049,18.9085
2026-02-27,AST-0049,18.9081
2026-03-02,AST-0049,18.9878
2026-03-03,AST-0049,18.9693
2026-03-04,AST-0049,18.7385
2026-03-05,AST-0049,18.5437
2026-03-06,AST-0049,18.4371
2026-03-09,AST-0049,18.2161
2026-03-10,AST-0049,18.2781
2026-03-11,AST-0049,17.957
2026-03-12,AST-0049,18.2378
2026-03-13,AST-0049,18.578
2026-03-16,AST-0049,18.3184
2026-03-17,AST-0049,18.2569
2026-03-18,AST-0049,18.2751
2026-03-19,AST-0049,18.2518
2026-03-20,AST-0049,18.3187
2026-03-23,AST-0049,18.361
2026-03-24,AST-0049,18.348
2026-03-25,AST-0049,18.307
2026-03-26,AST-0049,18.2147
2026-03-27,AST-0049,18.4216
2026-03-30,AST-0049,18.7315
2026-03-31,AST-0049,18.7263
2026-04-01,AST-0049,18.6971
2026-04-02,AST-0049,18.616
2026-04-03,AST-0049,18.5686
2026-04-06,AST-0049,18.4479
2026-04-07,AST-0049,18.2151
2026-04-08,AST-0049,18.4742
2026-04-09,AST-0049,18.1747
2026-04-10,AST-0049,18.153
2026-04-13,AST-0049,18.0712
2026-04-14,AST-0049,18.1648
2026-04-15,AST-0049,18.1392
2026-04-16,AST-0049,17.9898
2026-04-17,AST-0049,18.1909
2026-04-20,AST-0049,18.0251
2026-04-21,AST-0049,18.1462
2026-04-22,AST-0049,18.1947
2026-04-23,AST-0049,18.4832
2026-04-24,AST-0049,18.2721
2026-04-27,AST-0049,18.6177
2026-04-28,AST-0049,18.8523
2026-04-29,AST-0049,18.7894
2026-04-30,AST-0049,18.748
2026-05-01,AST-0049,18.436
2026-05-04,AST-0049,18.7149
2026-05-05,AST-0049,18.8539
2026-05-06,AST-0049,19.0009
2026-05-07,AST-0049,18.6761
2026-05-08,AST-0049,18.5132
2026-05-11,AST-0049,18.6782
2026-05-12,AST-0049,18.5156
2026-05-13,AST-0049,18.5622
2026-05-14,AST-0049,18.7417
2026-05-15,AST-0049,18.5647
2026-05-18,AST-0049,18.9005
2026-05-19,AST-0049,18.5672
2026-05-20,AST-0049,18.6298
2026-05-21,AST-0049,18.5608
2026-05-22,AST-0049,18.5502
2026-05-25,AST-0049,18.4423
2026-05-26,AST-0049,18.5921
2026-05-27,AST-0049,18.6064
2026-05-28,AST-0049,18.5205
2026-05-29,AST-0049,18.7193
2026-06-01,AST-0049,18.5102
2026-06-02,AST-0049,18.5127
2026-06-03,AST-0049,18.4354
2026-06-04,AST-0049,18.8042
2026-06-05,AST-0049,18.9803
2026-06-08,AST-0049,19.2061
2026-06-09,AST-0049,19.1137
2026-06-10,AST-0049,19.0991
2026-06-11,AST-0049,19.0126
2026-06-12,AST-0049,18.9142
2026-06-15,AST-0049,18.6829
2026-06-16,AST-0049,18.362
2026-06-17,AST-0049,18.457
2026-06-18,AST-0049,18.4165
2026-06-19,AST-0049,18.4694
2026-06-22,AST-0049,18.5059
2026-06-23,AST-0049,18.4603
2026-06-24,AST-0049,18.0354
2026-06-25,AST-0049,18.3012
2026-06-26,AST-0049,18.562
2026-06-29,AST-0049,18.4067
2026-06-30,AST-0049,18.5987
2026-07-01,AST-0049,18.7688
2026-07-02,AST-0049,18.6739
2026-07-03,AST-0049,18.5945
2026-07-06,AST-0049,18.7158
2026-07-07,AST-0049,18.6907
2026-07-08,AST-0049,18.563
2026-07-09,AST-0049,18.4686
2026-07-10,AST-0049,18.3542
2026-07-13,AST-0049,18.5688
2026-07-14,AST-0049,18.3455
2026-07-15,AST-0049,18.4254
2026-07-16,AST-0049,18.5061
2026-07-17,AST-0049,18.662
2026-07-20,AST-0049,18.9132
2026-07-21,AST-0049,18.9924
2026-07-22,AST-0049,19.3351
2026-07-23,AST-0049,18.9835
2026-07-24,AST-0049,18.9515
2026-07-27,AST-0049,18.7596
2026-07-28,AST-0049,18.6912
2026-07-29,AST-0049,18.6519
2026-07-30,AST-0049,18.6023
2026-07-31,AST-0049,18.4984
2026-08-03,AST-0049,18.6011
2026-08-04,AST-0049,18.2284
2026-08-05,AST-0049,18.2896
2026-08-06,AST-0049,18.2863
2026-08-07,AST-0049,18.2913
