exception_id,created_at,portfolio_id,instrument_type,counterparty,exception_type,exception_description,amount_difference,currency,severity,status,owner_team,due_at,resolved_at,root_cause
EXC-000001,2026-08-08 10:23:00,PORT-1057,FX,Cedar Exchange,Compliance Review,Synthetic control threshold requires documented analyst review before closure.,23007.61,USD,Critical,In Progress,Compliance Operations,2026-08-08 16:23:00,,Policy threshold review
EXC-000002,2026-08-07 02:20:00,PORT-1086,FX,Harbor Trade Services,Pricing Discrepancy,Synthetic valuation check found a price difference against an independent source.,3941.55,USD,Medium,Resolved,Pricing & Valuation,2026-08-08 14:20:00,2026-08-07 22:08:06.274687664,Market data variance
EXC-000003,2026-08-05 20:38:00,PORT-1032,Equity,Harbor Trade Services,Reference Data Issue,Synthetic reference-data record has a missing or inconsistent attribute.,17248.68,EUR,Medium,Open,Reference Data Operations,2026-08-07 08:38:00,,Security master attribute gap
EXC-000004,2026-08-07 08:12:00,PORT-1011,FX,Northstar Clearing,Reporting Delay,Synthetic reporting package is delayed because an upstream input is incomplete.,28595.91,USD,Low,In Progress,Client Reporting,2026-08-10 08:12:00,,Upstream data delivery delay
EXC-000005,2026-08-03 10:22:00,PORT-1084,FX,Northstar Clearing,Reconciliation Break,Cash and position reconciliation identified a synthetic variance requiring investigation.,28048.04,USD,High,Open,Reconciliation Operations,2026-08-04 02:22:00,,Position or cash mismatch
EXC-000006,2026-08-02 04:51:00,PORT-1071,FX,Meridian Markets,Failed Settlement,Synthetic settlement instruction did not complete by the expected cycle.,48234.96,USD,Critical,In Progress,Settlement Operations,2026-08-02 10:51:00,,Settlement instruction or funding issue
EXC-000007,2026-07-31 11:18:00,PORT-1054,Equity,Aurora Securities,Compliance Review,Synthetic control threshold requires documented analyst review before closure.,44272.01,USD,Critical,Escalated,Compliance Operations,2026-07-31 17:18:00,,Policy threshold review
EXC-000008,2026-08-04 08:23:00,PORT-1020,Fixed Income,Harbor Trade Services,Reference Data Issue,Synthetic reference-data record has a missing or inconsistent attribute.,23254.0,USD,High,Open,Reference Data Operations,2026-08-05 00:23:00,,Security master attribute gap
EXC-000009,2026-08-03 03:02:00,PORT-1066,Fixed Income,Summit Custody,Reconciliation Break,Cash and position reconciliation identified a synthetic variance requiring investigation.,7687.17,EUR,Medium,In Progress,Reconciliation Operations,2026-08-04 15:02:00,,Position or cash mismatch
EXC-000010,2026-08-03 08:53:00,PORT-1036,Equity,Aurora Securities,Pricing Discrepancy,Synthetic valuation check found a price difference against an independent source.,16929.35,USD,High,Resolved,Pricing & Valuation,2026-08-04 00:53:00,2026-08-04 02:43:44.391492142,Market data variance
EXC-000011,2026-08-09 07:55:00,PORT-1025,Equity,Cedar Exchange,Pricing Discrepancy,Synthetic valuation check found a price difference against an independent source.,13989.81,EUR,Low,Resolved,Pricing & Valuation,2026-08-12 07:55:00,2026-08-13 15:19:17.284129353,Market data variance
EXC-000012,2026-08-02 05:51:00,PORT-1029,Fixed Income,Northstar Clearing,Failed Settlement,Synthetic settlement instruction did not complete by the expected cycle.,19943.15,USD,High,Open,Settlement Operations,2026-08-02 21:51:00,,Settlement instruction or funding issue
EXC-000013,2026-08-09 03:25:00,PORT-1007,Derivative,Meridian Markets,Reporting Delay,Synthetic reporting package is delayed because an upstream input is incomplete.,55588.24,GBP,Critical,Open,Client Reporting,2026-08-09 09:25:00,,Data mapping variance
EXC-000014,2026-08-03 21:09:00,PORT-1049,Equity,Northstar Clearing,Reference Data Issue,Synthetic reference-data record has a missing or inconsistent attribute.,41122.38,USD,Low,In Progress,Reference Data Operations,2026-08-06 21:09:00,,Data mapping variance
EXC-000015,2026-07-30 09:06:00,PORT-1074,Derivative,Harbor Trade Services,Pricing Discrepancy,Synthetic valuation check found a price difference against an independent source.,63908.39,USD,High,Resolved,Pricing & Valuation,2026-07-31 01:06:00,2026-07-31 11:12:37.168054831,Market data variance
EXC-000016,2026-08-01 11:09:00,PORT-1082,ETF,Harbor Trade Services,Missing Trade Confirmation,Synthetic trade record is awaiting a counterparty confirmation within the control window.,17974.56,USD,Medium,Resolved,Trade Support,2026-08-02 23:09:00,2026-08-01 19:21:54.627676699,Counterparty confirmation delay
EXC-000017,2026-08-04 06:53:00,PORT-1071,Derivative,Meridian Markets,Accounting Difference,Synthetic accounting control detected a ledger variance requiring review.,131108.28,USD,Medium,In Progress,Fund Accounting,2026-08-05 18:53:00,,Ledger posting difference
EXC-000018,2026-08-06 04:13:00,PORT-1086,Fixed Income,Harbor Trade Services,Reconciliation Break,Cash and position reconciliation identified a synthetic variance requiring investigation.,54528.59,USD,High,Resolved,Reconciliation Operations,2026-08-06 20:13:00,2026-08-06 18:27:55.196603857,Late file delivery
EXC-000019,2026-07-31 23:49:00,PORT-1095,Fixed Income,Harbor Trade Services,Reference Data Issue,Synthetic reference-data record has a missing or inconsistent attribute.,30268.0,GBP,Medium,Resolved,Reference Data Operations,2026-08-02 11:49:00,2026-08-03 04:15:29.436583627,Security master attribute gap
EXC-000020,2026-07-31 17:30:00,PORT-1022,FX,Harbor Trade Services,Reporting Delay,Synthetic reporting package is delayed because an upstream input is incomplete.,50691.52,USD,Medium,Escalated,Client Reporting,2026-08-02 05:30:00,,Upstream data delivery delay
EXC-000021,2026-08-05 15:47:00,PORT-1043,Cash,Summit Custody,Compliance Review,Synthetic control threshold requires documented analyst review before closure.,13232.77,USD,Medium,Open,Compliance Operations,2026-08-07 03:47:00,,Policy threshold review
EXC-000022,2026-08-08 07:03:00,PORT-1034,Fixed Income,Meridian Markets,Pricing Discrepancy,Synthetic valuation check found a price difference against an independent source.,2938.95,USD,Medium,Resolved,Pricing & Valuation,2026-08-09 19:03:00,2026-08-08 11:32:38.218151104,Market data variance
EXC-000023,2026-08-03 13:00:00,PORT-1068,ETF,Summit Custody,Failed Settlement,Synthetic settlement instruction did not complete by the expected cycle.,14228.02,GBP,High,Resolved,Settlement Operations,2026-08-04 05:00:00,2026-08-04 01:37:24.665433388,Data mapping variance
EXC-000024,2026-08-02 23:51:00,PORT-1083,ETF,Harbor Trade Services,Failed Settlement,Synthetic settlement instruction did not complete by the expected cycle.,58972.69,GBP,Critical,Escalated,Settlement Operations,2026-08-03 05:51:00,,Settlement instruction or funding issue
EXC-000025,2026-07-30 23:43:00,PORT-1088,FX,Meridian Markets,Compliance Review,Synthetic control threshold requires documented analyst review before closure.,29267.32,EUR,Medium,Open,Compliance Operations,2026-08-01 11:43:00,,Policy threshold review
EXC-000026,2026-07-31 11:08:00,PORT-1009,Equity,Meridian Markets,Reconciliation Break,Cash and position reconciliation identified a synthetic variance requiring investigation.,23302.68,USD,Low,Open,Reconciliation Operations,2026-08-03 11:08:00,,Position or cash mismatch
EXC-000027,2026-08-07 02:24:00,PORT-1051,ETF,Northstar Clearing,Pricing Discrepancy,Synthetic valuation check found a price difference against an independent source.,11045.38,EUR,High,In Progress,Pricing & Valuation,2026-08-07 18:24:00,,Market data variance
EXC-000028,2026-08-06 19:44:00,PORT-1012,Fixed Income,Aurora Securities,Reconciliation Break,Cash and position reconciliation identified a synthetic variance requiring investigation.,3450.87,EUR,Medium,Resolved,Reconciliation Operations,2026-08-08 07:44:00,2026-08-08 08:13:51.596608233,Data mapping variance
EXC-000029,2026-07-30 08:47:00,PORT-1033,Cash,Aurora Securities,Reconciliation Break,Cash and position reconciliation identified a synthetic variance requiring investigation.,120100.95,USD,Medium,Resolved,Reconciliation Operations,2026-07-31 20:47:00,2026-07-31 18:06:08.710303073,Position or cash mismatch
EXC-000030,2026-08-06 02:20:00,PORT-1047,Fixed Income,Meridian Markets,Reporting Delay,Synthetic reporting package is delayed because an upstream input is incomplete.,21627.27,USD,Medium,Open,Client Reporting,2026-08-07 14:20:00,,Upstream data delivery delay
EXC-000031,2026-08-04 17:49:00,PORT-1061,Fixed Income,Meridian Markets,Compliance Review,Synthetic control threshold requires documented analyst review before closure.,17136.83,GBP,Medium,Resolved,Compliance Operations,2026-08-06 05:49:00,2026-08-06 14:29:52.030427845,Policy threshold review
EXC-000032,2026-08-06 07:22:00,PORT-1078,Cash,Cedar Exchange,Failed Settlement,Synthetic settlement instruction did not complete by the expected cycle.,13290.06,USD,Critical,Escalated,Settlement Operations,2026-08-06 13:22:00,,Settlement instruction or funding issue
EXC-000033,2026-08-05 09:48:00,PORT-1098,Fixed Income,Summit Custody,Missing Trade Confirmation,Synthetic trade record is awaiting a counterparty confirmation within the control window.,100433.25,EUR,Medium,Escalated,Trade Support,2026-08-06 21:48:00,,Data mapping variance
EXC-000034,2026-08-03 16:42:00,PORT-1033,Equity,Summit Custody,Pricing Discrepancy,Synthetic valuation check found a price difference against an independent source.,67874.68,USD,Medium,Open,Pricing & Valuation,2026-08-05 04:42:00,,Market data variance
EXC-000035,2026-08-06 10:26:00,PORT-1055,Equity,Summit Custody,Pricing Discrepancy,Synthetic valuation check found a price difference against an independent source.,9743.92,USD,High,Resolved,Pricing & Valuation,2026-08-07 02:26:00,2026-08-06 13:57:26.330479080,Market data variance
EXC-000036,2026-08-05 04:43:00,PORT-1007,Equity,Northstar Clearing,Reconciliation Break,Cash and position reconciliation identified a synthetic variance requiring investigation.,91378.92,USD,Medium,Escalated,Reconciliation Operations,2026-08-06 16:43:00,,Position or cash mismatch
EXC-000037,2026-08-05 20:19:00,PORT-1011,Equity,Aurora Securities,Reconciliation Break,Cash and position reconciliation identified a synthetic variance requiring investigation.,23102.04,EUR,Medium,Resolved,Reconciliation Operations,2026-08-07 08:19:00,2026-08-07 19:53:50.711286389,Position or cash mismatch
EXC-000038,2026-08-08 07:11:00,PORT-1095,Fixed Income,Harbor Trade Services,Pricing Discrepancy,Synthetic valuation check found a price difference against an independent source.,14170.69,GBP,Medium,Resolved,Pricing & Valuation,2026-08-09 19:11:00,2026-08-09 03:06:01.319268836,Market data variance
EXC-000039,2026-08-01 11:44:00,PORT-1092,Derivative,Harbor Trade Services,Missing Trade Confirmation,Synthetic trade record is awaiting a counterparty confirmation within the control window.,19765.77,USD,Low,In Progress,Trade Support,2026-08-04 11:44:00,,Manual processing error
EXC-000040,2026-07-31 11:05:00,PORT-1093,FX,Aurora Securities,Reporting Delay,Synthetic reporting package is delayed because an upstream input is incomplete.,11819.88,USD,High,Resolved,Client Reporting,2026-08-01 03:05:00,2026-08-01 09:10:49.687375583,Upstream data delivery delay
EXC-000041,2026-08-04 09:28:00,PORT-1026,Equity,Meridian Markets,Pricing Discrepancy,Synthetic valuation check found a price difference against an independent source.,6721.58,USD,High,Resolved,Pricing & Valuation,2026-08-05 01:28:00,2026-08-04 21:39:20.632011202,Market data variance
EXC-000042,2026-08-07 06:29:00,PORT-1064,ETF,Meridian Markets,Reference Data Issue,Synthetic reference-data record has a missing or inconsistent attribute.,60775.23,USD,High,In Progress,Reference Data Operations,2026-08-07 22:29:00,,Security master attribute gap
EXC-000043,2026-08-02 21:27:00,PORT-1023,Equity,Harbor Trade Services,Compliance Review,Synthetic control threshold requires documented analyst review before closure.,21338.32,JPY,High,Escalated,Compliance Operations,2026-08-03 13:27:00,,Policy threshold review
EXC-000044,2026-08-04 00:20:00,PORT-1067,Cash,Harbor Trade Services,Missing Trade Confirmation,Synthetic trade record is awaiting a counterparty confirmation within the control window.,51434.79,USD,Medium,In Progress,Trade Support,2026-08-05 12:20:00,,Counterparty confirmation delay
EXC-000045,2026-08-03 20:16:00,PORT-1048,Equity,Cedar Exchange,Reference Data Issue,Synthetic reference-data record has a missing or inconsistent attribute.,36372.71,USD,Medium,In Progress,Reference Data Operations,2026-08-05 08:16:00,,Security master attribute gap
EXC-000046,2026-08-03 10:16:00,PORT-1092,FX,Summit Custody,Reference Data Issue,Synthetic reference-data record has a missing or inconsistent attribute.,47856.78,USD,Medium,Escalated,Reference Data Operations,2026-08-04 22:16:00,,Security master attribute gap
EXC-000047,2026-08-02 03:51:00,PORT-1037,Fixed Income,Northstar Clearing,Pricing Discrepancy,Synthetic valuation check found a price difference against an independent source.,3139.17,JPY,Critical,In Progress,Pricing & Valuation,2026-08-02 09:51:00,,Market data variance
EXC-000048,2026-08-08 23:01:00,PORT-1064,FX,Aurora Securities,Missing Trade Confirmation,Synthetic trade record is awaiting a counterparty confirmation within the control window.,10828.12,USD,High,Open,Trade Support,2026-08-09 15:01:00,,Counterparty confirmation delay
EXC-000049,2026-08-08 08:42:00,PORT-1065,Fixed Income,Summit Custody,Reporting Delay,Synthetic reporting package is delayed because an upstream input is incomplete.,48914.69,EUR,Medium,In Progress,Client Reporting,2026-08-09 20:42:00,,Upstream data delivery delay
EXC-000050,2026-08-08 10:10:00,PORT-1078,Derivative,Cedar Exchange,Reconciliation Break,Cash and position reconciliation identified a synthetic variance requiring investigation.,7054.55,USD,High,Resolved,Reconciliation Operations,2026-08-09 02:10:00,2026-08-08 13:08:14.329658414,Position or cash mismatch
EXC-000051,2026-08-07 19:15:00,PORT-1006,Equity,Summit Custody,Reconciliation Break,Cash and position reconciliation identified a synthetic variance requiring investigation.,39803.83,USD,High,Resolved,Reconciliation Operations,2026-08-08 11:15:00,2026-08-08 20:45:59.880469087,Data mapping variance
EXC-000052,2026-07-30 14:48:00,PORT-1046,Cash,Meridian Markets,Reconciliation Break,Cash and position reconciliation identified a synthetic variance requiring investigation.,6246.4,EUR,Critical,Open,Reconciliation Operations,2026-07-30 20:48:00,,Late file delivery
EXC-000053,2026-08-02 00:49:00,PORT-1045,Fixed Income,Cedar Exchange,Reference Data Issue,Synthetic reference-data record has a missing or inconsistent attribute.,27371.73,USD,High,Resolved,Reference Data Operations,2026-08-02 16:49:00,2026-08-02 21:50:40.247872923,Security master attribute gap
EXC-000054,2026-08-02 16:45:00,PORT-1023,Derivative,Aurora Securities,Reporting Delay,Synthetic reporting package is delayed because an upstream input is incomplete.,145872.75,EUR,Medium,Resolved,Client Reporting,2026-08-04 04:45:00,2026-08-03 16:13:39.745409202,Upstream data delivery delay
EXC-000055,2026-08-02 09:08:00,PORT-1079,Derivative,Harbor Trade Services,Compliance Review,Synthetic control threshold requires documented analyst review before closure.,60677.61,USD,Medium,Resolved,Compliance Operations,2026-08-03 21:08:00,2026-08-03 04:19:35.186789282,Policy threshold review
EXC-000056,2026-08-08 23:55:00,PORT-1082,Cash,Cedar Exchange,Reference Data Issue,Synthetic reference-data record has a missing or inconsistent attribute.,3853.44,EUR,Medium,Resolved,Reference Data Operations,2026-08-10 11:55:00,2026-08-10 12:40:36.439786904,Data mapping variance
EXC-000057,2026-08-07 04:31:00,PORT-1008,Equity,Aurora Securities,Pricing Discrepancy,Synthetic valuation check found a price difference against an independent source.,65564.52,GBP,Medium,Escalated,Pricing & Valuation,2026-08-08 16:31:00,,Market data variance
EXC-000058,2026-08-01 09:50:00,PORT-1068,Fixed Income,Meridian Markets,Accounting Difference,Synthetic accounting control detected a ledger variance requiring review.,182289.28,EUR,Critical,In Progress,Fund Accounting,2026-08-01 15:50:00,,Ledger posting difference
EXC-000059,2026-08-04 16:31:00,PORT-1085,Equity,Northstar Clearing,Reconciliation Break,Cash and position reconciliation identified a synthetic variance requiring investigation.,507304.56,USD,Medium,In Progress,Reconciliation Operations,2026-08-06 04:31:00,,Position or cash mismatch
EXC-000060,2026-08-04 06:00:00,PORT-1029,Equity,Harbor Trade Services,Reconciliation Break,Cash and position reconciliation identified a synthetic variance requiring investigation.,44303.97,EUR,Medium,Resolved,Reconciliation Operations,2026-08-05 18:00:00,2026-08-06 16:42:00.672204747,Position or cash mismatch
EXC-000061,2026-08-01 20:24:00,PORT-1062,ETF,Harbor Trade Services,Reporting Delay,Synthetic reporting package is delayed because an upstream input is incomplete.,6421.19,JPY,Medium,In Progress,Client Reporting,2026-08-03 08:24:00,,Upstream data delivery delay
EXC-000062,2026-08-08 13:41:00,PORT-1062,Cash,Northstar Clearing,Pricing Discrepancy,Synthetic valuation check found a price difference against an independent source.,42464.0,USD,Medium,In Progress,Pricing & Valuation,2026-08-10 01:41:00,,Data mapping variance
EXC-000063,2026-08-01 08:59:00,PORT-1002,Cash,Cedar Exchange,Accounting Difference,Synthetic accounting control detected a ledger variance requiring review.,143750.62,USD,Medium,Open,Fund Accounting,2026-08-02 20:59:00,,Ledger posting difference
EXC-000064,2026-08-02 13:24:00,PORT-1081,ETF,Aurora Securities,Compliance Review,Synthetic control threshold requires documented analyst review before closure.,22104.96,GBP,Critical,Open,Compliance Operations,2026-08-02 19:24:00,,Policy threshold review
EXC-000065,2026-08-05 08:18:00,PORT-1074,FX,Meridian Markets,Reporting Delay,Synthetic reporting package is delayed because an upstream input is incomplete.,80439.8,USD,High,Escalated,Client Reporting,2026-08-06 00:18:00,,Upstream data delivery delay
EXC-000066,2026-08-04 09:08:00,PORT-1027,Derivative,Meridian Markets,Accounting Difference,Synthetic accounting control detected a ledger variance requiring review.,11141.33,EUR,Medium,Open,Fund Accounting,2026-08-05 21:08:00,,Data mapping variance
EXC-000067,2026-08-08 15:15:00,PORT-1031,Cash,Cedar Exchange,Accounting Difference,Synthetic accounting control detected a ledger variance requiring review.,39774.09,EUR,Medium,Resolved,Fund Accounting,2026-08-10 03:15:00,2026-08-09 11:33:08.599232953,Ledger posting difference
EXC-000068,2026-08-07 06:45:00,PORT-1076,Equity,Summit Custody,Missing Trade Confirmation,Synthetic trade record is awaiting a counterparty confirmation within the control window.,1970.3,USD,Low,Resolved,Trade Support,2026-08-10 06:45:00,2026-08-11 23:51:05.566394722,Data mapping variance
EXC-000069,2026-08-06 20:50:00,PORT-1079,ETF,Summit Custody,Reconciliation Break,Cash and position reconciliation identified a synthetic variance requiring investigation.,9918.41,USD,Medium,Open,Reconciliation Operations,2026-08-08 08:50:00,,Position or cash mismatch
EXC-000070,2026-07-31 14:07:00,PORT-1008,Derivative,Meridian Markets,Pricing Discrepancy,Synthetic valuation check found a price difference against an independent source.,26730.84,EUR,High,Open,Pricing & Valuation,2026-08-01 06:07:00,,Market data variance
EXC-000071,2026-08-08 05:21:00,PORT-1036,Fixed Income,Harbor Trade Services,Missing Trade Confirmation,Synthetic trade record is awaiting a counterparty confirmation within the control window.,18370.02,USD,High,In Progress,Trade Support,2026-08-08 21:21:00,,Counterparty confirmation delay
EXC-000072,2026-08-06 11:22:00,PORT-1062,Fixed Income,Northstar Clearing,Pricing Discrepancy,Synthetic valuation check found a price difference against an independent source.,6866.1,GBP,Low,In Progress,Pricing & Valuation,2026-08-09 11:22:00,,Market data variance
EXC-000073,2026-08-08 00:30:00,PORT-1013,Cash,Meridian Markets,Reference Data Issue,Synthetic reference-data record has a missing or inconsistent attribute.,15920.47,USD,Critical,In Progress,Reference Data Operations,2026-08-08 06:30:00,,Security master attribute gap
EXC-000074,2026-08-06 12:06:00,PORT-1098,Cash,Cedar Exchange,Missing Trade Confirmation,Synthetic trade record is awaiting a counterparty confirmation within the control window.,38030.27,USD,High,Resolved,Trade Support,2026-08-07 04:06:00,2026-08-06 22:06:28.356077747,Counterparty confirmation delay
EXC-000075,2026-08-09 06:20:00,PORT-1021,Cash,Northstar Clearing,Reconciliation Break,Cash and position reconciliation identified a synthetic variance requiring investigation.,24574.41,GBP,Medium,Open,Reconciliation Operations,2026-08-10 18:20:00,,Position or cash mismatch
EXC-000076,2026-08-06 14:44:00,PORT-1085,Derivative,Harbor Trade Services,Missing Trade Confirmation,Synthetic trade record is awaiting a counterparty confirmation within the control window.,28680.84,USD,Low,Open,Trade Support,2026-08-09 14:44:00,,Counterparty confirmation delay
EXC-000077,2026-08-02 02:34:00,PORT-1007,Equity,Harbor Trade Services,Missing Trade Confirmation,Synthetic trade record is awaiting a counterparty confirmation within the control window.,58021.4,GBP,Medium,Open,Trade Support,2026-08-03 14:34:00,,Manual processing error
EXC-000078,2026-08-01 16:19:00,PORT-1086,Fixed Income,Cedar Exchange,Reporting Delay,Synthetic reporting package is delayed because an upstream input is incomplete.,18763.69,USD,High,In Progress,Client Reporting,2026-08-02 08:19:00,,Upstream data delivery delay
EXC-000079,2026-08-05 12:30:00,PORT-1004,ETF,Meridian Markets,Accounting Difference,Synthetic accounting control detected a ledger variance requiring review.,112098.9,USD,Medium,In Progress,Fund Accounting,2026-08-07 00:30:00,,Ledger posting difference
EXC-000080,2026-08-02 06:43:00,PORT-1067,ETF,Meridian Markets,Reference Data Issue,Synthetic reference-data record has a missing or inconsistent attribute.,9521.1,USD,Medium,Escalated,Reference Data Operations,2026-08-03 18:43:00,,Security master attribute gap
EXC-000081,2026-08-03 04:11:00,PORT-1036,Fixed Income,Meridian Markets,Reporting Delay,Synthetic reporting package is delayed because an upstream input is incomplete.,203699.81,EUR,High,Open,Client Reporting,2026-08-03 20:11:00,,Upstream data delivery delay
EXC-000082,2026-07-31 07:40:00,PORT-1046,FX,Harbor Trade Services,Pricing Discrepancy,Synthetic valuation check found a price difference against an independent source.,86568.44,GBP,High,Resolved,Pricing & Valuation,2026-07-31 23:40:00,2026-08-01 02:49:22.727856639,Market data variance
EXC-000083,2026-08-01 07:01:00,PORT-1011,Fixed Income,Cedar Exchange,Reference Data Issue,Synthetic reference-data record has a missing or inconsistent attribute.,18512.52,GBP,High,Resolved,Reference Data Operations,2026-08-01 23:01:00,2026-08-01 18:16:53.485483496,Data mapping variance
EXC-000084,2026-08-07 00:48:00,PORT-1067,Derivative,Northstar Clearing,Reconciliation Break,Cash and position reconciliation identified a synthetic variance requiring investigation.,19855.08,JPY,High,Resolved,Reconciliation Operations,2026-08-07 16:48:00,2026-08-07 04:48:07.482397434,Position or cash mismatch
EXC-000085,2026-08-03 11:19:00,PORT-1061,Fixed Income,Northstar Clearing,Reconciliation Break,Cash and position reconciliation identified a synthetic variance requiring investigation.,33425.43,EUR,Low,Resolved,Reconciliation Operations,2026-08-06 11:19:00,2026-08-08 03:05:14.233857455,Position or cash mismatch
EXC-000086,2026-08-01 12:12:00,PORT-1032,Fixed Income,Cedar Exchange,Reconciliation Break,Cash and position reconciliation identified a synthetic variance requiring investigation.,50443.26,GBP,High,Open,Reconciliation Operations,2026-08-02 04:12:00,,Position or cash mismatch
EXC-000087,2026-08-06 06:40:00,PORT-1047,Equity,Meridian Markets,Compliance Review,Synthetic control threshold requires documented analyst review before closure.,84903.93,USD,Medium,Resolved,Compliance Operations,2026-08-07 18:40:00,2026-08-06 20:00:56.954216364,Late file delivery
EXC-000088,2026-08-03 14:38:00,PORT-1055,Equity,Harbor Trade Services,Pricing Discrepancy,Synthetic valuation check found a price difference against an independent source.,6583.88,JPY,Low,In Progress,Pricing & Valuation,2026-08-06 14:38:00,,Market data variance
EXC-000089,2026-08-05 08:26:00,PORT-1068,Derivative,Summit Custody,Reconciliation Break,Cash and position reconciliation identified a synthetic variance requiring investigation.,42587.44,EUR,Critical,Resolved,Reconciliation Operations,2026-08-05 14:26:00,2026-08-05 17:49:32.163634384,Position or cash mismatch
EXC-000090,2026-08-06 06:14:00,PORT-1053,Fixed Income,Northstar Clearing,Accounting Difference,Synthetic accounting control detected a ledger variance requiring review.,2915.1,GBP,Low,Open,Fund Accounting,2026-08-09 06:14:00,,Late file delivery
EXC-000091,2026-08-07 08:50:00,PORT-1006,Equity,Cedar Exchange,Reconciliation Break,Cash and position reconciliation identified a synthetic variance requiring investigation.,22333.31,USD,Low,Resolved,Reconciliation Operations,2026-08-10 08:50:00,2026-08-08 04:51:13.007799561,Position or cash mismatch
EXC-000092,2026-08-08 23:32:00,PORT-1054,Derivative,Cedar Exchange,Reporting Delay,Synthetic reporting package is delayed because an upstream input is incomplete.,123822.97,USD,Medium,Resolved,Client Reporting,2026-08-10 11:32:00,2026-08-09 18:33:24.474965534,Data mapping variance
EXC-000093,2026-08-01 20:46:00,PORT-1035,ETF,Harbor Trade Services,Pricing Discrepancy,Synthetic valuation check found a price difference against an independent source.,6072.41,EUR,Medium,Resolved,Pricing & Valuation,2026-08-03 08:46:00,2026-08-04 03:48:40.078709145,Market data variance
EXC-000094,2026-08-01 03:44:00,PORT-1041,Equity,Summit Custody,Pricing Discrepancy,Synthetic valuation check found a price difference against an independent source.,5018.07,USD,Low,Open,Pricing & Valuation,2026-08-04 03:44:00,,Data mapping variance
EXC-000095,2026-08-02 20:03:00,PORT-1037,Fixed Income,Harbor Trade Services,Missing Trade Confirmation,Synthetic trade record is awaiting a counterparty confirmation within the control window.,33922.54,USD,Medium,Resolved,Trade Support,2026-08-04 08:03:00,2026-08-04 12:38:32.750624216,Manual processing error
EXC-000096,2026-08-06 23:23:00,PORT-1035,Equity,Summit Custody,Reporting Delay,Synthetic reporting package is delayed because an upstream input is incomplete.,115473.99,JPY,High,Resolved,Client Reporting,2026-08-07 15:23:00,2026-08-07 05:56:30.796233856,Upstream data delivery delay
EXC-000097,2026-08-09 03:41:00,PORT-1024,FX,Harbor Trade Services,Pricing Discrepancy,Synthetic valuation check found a price difference against an independent source.,37860.56,USD,High,In Progress,Pricing & Valuation,2026-08-09 19:41:00,,Late file delivery
EXC-000098,2026-08-03 00:39:00,PORT-1033,Fixed Income,Harbor Trade Services,Reconciliation Break,Cash and position reconciliation identified a synthetic variance requiring investigation.,3641.5,USD,Low,In Progress,Reconciliation Operations,2026-08-06 00:39:00,,Data mapping variance
EXC-000099,2026-08-07 09:00:00,PORT-1070,Equity,Summit Custody,Reconciliation Break,Cash and position reconciliation identified a synthetic variance requiring investigation.,4594.96,USD,Medium,Open,Reconciliation Operations,2026-08-08 21:00:00,,Position or cash mismatch
EXC-000100,2026-08-03 20:56:00,PORT-1023,Equity,Aurora Securities,Failed Settlement,Synthetic settlement instruction did not complete by the expected cycle.,29811.03,USD,Critical,In Progress,Settlement Operations,2026-08-04 02:56:00,,Manual processing error
EXC-000101,2026-07-30 16:12:00,PORT-1075,ETF,Cedar Exchange,Failed Settlement,Synthetic settlement instruction did not complete by the expected cycle.,7799.35,EUR,Critical,Resolved,Settlement Operations,2026-07-30 22:12:00,2026-07-30 22:21:19.499756974,Data mapping variance
EXC-000102,2026-08-09 06:59:00,PORT-1043,Equity,Harbor Trade Services,Reporting Delay,Synthetic reporting package is delayed because an upstream input is incomplete.,31055.17,JPY,Low,In Progress,Client Reporting,2026-08-12 06:59:00,,Upstream data delivery delay
EXC-000103,2026-08-03 14:12:00,PORT-1060,Derivative,Aurora Securities,Missing Trade Confirmation,Synthetic trade record is awaiting a counterparty confirmation within the control window.,33050.6,JPY,Low,Resolved,Trade Support,2026-08-06 14:12:00,2026-08-04 18:42:42.823717907,Counterparty confirmation delay
EXC-000104,2026-07-30 10:01:00,PORT-1012,Equity,Harbor Trade Services,Failed Settlement,Synthetic settlement instruction did not complete by the expected cycle.,16086.8,EUR,Medium,Resolved,Settlement Operations,2026-07-31 22:01:00,2026-08-01 14:30:03.368714216,Settlement instruction or funding issue
EXC-000105,2026-08-06 00:18:00,PORT-1021,ETF,Aurora Securities,Compliance Review,Synthetic control threshold requires documented analyst review before closure.,180862.44,EUR,Low,Resolved,Compliance Operations,2026-08-09 00:18:00,2026-08-06 14:25:44.829783881,Policy threshold review
EXC-000106,2026-08-01 04:50:00,PORT-1089,Fixed Income,Harbor Trade Services,Compliance Review,Synthetic control threshold requires documented analyst review before closure.,50010.62,USD,High,Resolved,Compliance Operations,2026-08-01 20:50:00,2026-08-01 19:43:20.248949735,Policy threshold review
EXC-000107,2026-08-01 02:12:00,PORT-1082,Fixed Income,Meridian Markets,Pricing Discrepancy,Synthetic valuation check found a price difference against an independent source.,96006.43,GBP,Critical,Escalated,Pricing & Valuation,2026-08-01 08:12:00,,Market data variance
EXC-000108,2026-08-04 11:43:00,PORT-1007,Equity,Harbor Trade Services,Missing Trade Confirmation,Synthetic trade record is awaiting a counterparty confirmation within the control window.,70728.99,USD,Low,Resolved,Trade Support,2026-08-07 11:43:00,2026-08-05 03:20:55.878691344,Counterparty confirmation delay
EXC-000109,2026-08-06 06:55:00,PORT-1089,Derivative,Cedar Exchange,Reconciliation Break,Cash and position reconciliation identified a synthetic variance requiring investigation.,22980.99,USD,Medium,Open,Reconciliation Operations,2026-08-07 18:55:00,,Position or cash mismatch
EXC-000110,2026-08-02 12:33:00,PORT-1083,Derivative,Harbor Trade Services,Failed Settlement,Synthetic settlement instruction did not complete by the expected cycle.,21934.82,JPY,Low,Resolved,Settlement Operations,2026-08-05 12:33:00,2026-08-06 01:45:13.342527394,Settlement instruction or funding issue
EXC-000111,2026-08-03 04:13:00,PORT-1014,Equity,Aurora Securities,Pricing Discrepancy,Synthetic valuation check found a price difference against an independent source.,19682.77,GBP,Low,Escalated,Pricing & Valuation,2026-08-06 04:13:00,,Market data variance
EXC-000112,2026-08-04 14:10:00,PORT-1024,Equity,Northstar Clearing,Missing Trade Confirmation,Synthetic trade record is awaiting a counterparty confirmation within the control window.,55003.79,USD,High,In Progress,Trade Support,2026-08-05 06:10:00,,Counterparty confirmation delay
EXC-000113,2026-08-07 10:12:00,PORT-1018,Cash,Meridian Markets,Missing Trade Confirmation,Synthetic trade record is awaiting a counterparty confirmation within the control window.,13590.37,EUR,Medium,Escalated,Trade Support,2026-08-08 22:12:00,,Counterparty confirmation delay
EXC-000114,2026-08-01 21:49:00,PORT-1084,ETF,Northstar Clearing,Accounting Difference,Synthetic accounting control detected a ledger variance requiring review.,164601.81,USD,Critical,Escalated,Fund Accounting,2026-08-02 03:49:00,,Data mapping variance
EXC-000115,2026-08-07 06:20:00,PORT-1084,Equity,Aurora Securities,Reconciliation Break,Cash and position reconciliation identified a synthetic variance requiring investigation.,12293.64,USD,Medium,In Progress,Reconciliation Operations,2026-08-08 18:20:00,,Position or cash mismatch
EXC-000116,2026-08-07 23:45:00,PORT-1071,Equity,Summit Custody,Reference Data Issue,Synthetic reference-data record has a missing or inconsistent attribute.,33698.17,USD,Low,Resolved,Reference Data Operations,2026-08-10 23:45:00,2026-08-12 15:28:38.724344163,Security master attribute gap
EXC-000117,2026-08-08 15:37:00,PORT-1025,FX,Cedar Exchange,Compliance Review,Synthetic control threshold requires documented analyst review before closure.,21151.48,USD,Medium,Resolved,Compliance Operations,2026-08-10 03:37:00,2026-08-10 17:42:42.504172492,Policy threshold review
EXC-000118,2026-08-04 20:46:00,PORT-1091,FX,Aurora Securities,Compliance Review,Synthetic control threshold requires documented analyst review before closure.,16758.6,USD,Low,Open,Compliance Operations,2026-08-07 20:46:00,,Policy threshold review
EXC-000119,2026-08-08 04:18:00,PORT-1084,ETF,Meridian Markets,Pricing Discrepancy,Synthetic valuation check found a price difference against an independent source.,263277.58,USD,High,Open,Pricing & Valuation,2026-08-08 20:18:00,,Market data variance
EXC-000120,2026-08-05 23:57:00,PORT-1086,Cash,Northstar Clearing,Reporting Delay,Synthetic reporting package is delayed because an upstream input is incomplete.,16966.45,USD,High,In Progress,Client Reporting,2026-08-06 15:57:00,,Manual processing error
EXC-000121,2026-08-06 21:54:00,PORT-1036,Fixed Income,Harbor Trade Services,Accounting Difference,Synthetic accounting control detected a ledger variance requiring review.,19536.56,USD,Medium,Resolved,Fund Accounting,2026-08-08 09:54:00,2026-08-07 22:41:41.166993865,Ledger posting difference
EXC-000122,2026-08-04 18:03:00,PORT-1069,Fixed Income,Harbor Trade Services,Reporting Delay,Synthetic reporting package is delayed because an upstream input is incomplete.,13395.31,JPY,Medium,In Progress,Client Reporting,2026-08-06 06:03:00,,Upstream data delivery delay
EXC-000123,2026-08-01 13:59:00,PORT-1067,Fixed Income,Aurora Securities,Reconciliation Break,Cash and position reconciliation identified a synthetic variance requiring investigation.,28087.86,EUR,High,Resolved,Reconciliation Operations,2026-08-02 05:59:00,2026-08-01 21:42:09.955510120,Position or cash mismatch
EXC-000124,2026-08-04 19:41:00,PORT-1015,Fixed Income,Aurora Securities,Pricing Discrepancy,Synthetic valuation check found a price difference against an independent source.,24188.4,GBP,High,Resolved,Pricing & Valuation,2026-08-05 11:41:00,2026-08-05 00:33:57.910849071,Market data variance
EXC-000125,2026-08-03 18:36:00,PORT-1058,Equity,Summit Custody,Reconciliation Break,Cash and position reconciliation identified a synthetic variance requiring investigation.,8306.42,USD,Low,Resolved,Reconciliation Operations,2026-08-06 18:36:00,2026-08-08 03:28:42.306420215,Position or cash mismatch
EXC-000126,2026-08-07 22:08:00,PORT-1054,Equity,Aurora Securities,Accounting Difference,Synthetic accounting control detected a ledger variance requiring review.,17230.07,EUR,Low,In Progress,Fund Accounting,2026-08-10 22:08:00,,Ledger posting difference
EXC-000127,2026-08-08 05:07:00,PORT-1058,Fixed Income,Harbor Trade Services,Missing Trade Confirmation,Synthetic trade record is awaiting a counterparty confirmation within the control window.,51030.1,GBP,Low,In Progress,Trade Support,2026-08-11 05:07:00,,Counterparty confirmation delay
EXC-000128,2026-07-30 14:14:00,PORT-1034,FX,Cedar Exchange,Reconciliation Break,Cash and position reconciliation identified a synthetic variance requiring investigation.,79089.56,USD,Medium,Open,Reconciliation Operations,2026-08-01 02:14:00,,Position or cash mismatch
EXC-000129,2026-08-03 04:02:00,PORT-1066,Equity,Summit Custody,Reconciliation Break,Cash and position reconciliation identified a synthetic variance requiring investigation.,27589.78,USD,Medium,Open,Reconciliation Operations,2026-08-04 16:02:00,,Position or cash mismatch
EXC-000130,2026-08-09 04:54:00,PORT-1087,Fixed Income,Harbor Trade Services,Accounting Difference,Synthetic accounting control detected a ledger variance requiring review.,28622.39,USD,Low,Open,Fund Accounting,2026-08-12 04:54:00,,Ledger posting difference
EXC-000131,2026-08-03 16:44:00,PORT-1060,FX,Harbor Trade Services,Reconciliation Break,Cash and position reconciliation identified a synthetic variance requiring investigation.,18415.63,USD,Medium,Open,Reconciliation Operations,2026-08-05 04:44:00,,Position or cash mismatch
EXC-000132,2026-08-09 06:10:00,PORT-1086,FX,Summit Custody,Failed Settlement,Synthetic settlement instruction did not complete by the expected cycle.,15873.97,USD,Critical,Open,Settlement Operations,2026-08-09 12:10:00,,Settlement instruction or funding issue
EXC-000133,2026-08-08 14:14:00,PORT-1076,Derivative,Summit Custody,Accounting Difference,Synthetic accounting control detected a ledger variance requiring review.,10244.01,USD,Low,Resolved,Fund Accounting,2026-08-11 14:14:00,2026-08-09 07:48:29.933961106,Ledger posting difference
EXC-000134,2026-08-05 15:25:00,PORT-1031,Derivative,Harbor Trade Services,Pricing Discrepancy,Synthetic valuation check found a price difference against an independent source.,5247.56,USD,Critical,Escalated,Pricing & Valuation,2026-08-05 21:25:00,,Market data variance
EXC-000135,2026-08-02 19:21:00,PORT-1073,FX,Summit Custody,Accounting Difference,Synthetic accounting control detected a ledger variance requiring review.,12867.13,EUR,Medium,In Progress,Fund Accounting,2026-08-04 07:21:00,,Ledger posting difference
EXC-000136,2026-08-03 04:23:00,PORT-1066,Equity,Northstar Clearing,Reconciliation Break,Cash and position reconciliation identified a synthetic variance requiring investigation.,69512.06,USD,Medium,Resolved,Reconciliation Operations,2026-08-04 16:23:00,2026-08-04 19:20:21.282739572,Position or cash mismatch
EXC-000137,2026-08-01 11:14:00,PORT-1093,Fixed Income,Aurora Securities,Failed Settlement,Synthetic settlement instruction did not complete by the expected cycle.,17229.22,USD,Medium,Resolved,Settlement Operations,2026-08-02 23:14:00,2026-08-02 11:46:56.731991563,Manual processing error
EXC-000138,2026-08-07 12:45:00,PORT-1034,ETF,Summit Custody,Accounting Difference,Synthetic accounting control detected a ledger variance requiring review.,18707.51,EUR,Medium,Escalated,Fund Accounting,2026-08-09 00:45:00,,Late file delivery
EXC-000139,2026-08-07 09:40:00,PORT-1017,Equity,Northstar Clearing,Reference Data Issue,Synthetic reference-data record has a missing or inconsistent attribute.,18329.01,USD,High,Resolved,Reference Data Operations,2026-08-08 01:40:00,2026-08-08 11:57:47.951641396,Security master attribute gap
EXC-000140,2026-08-04 00:28:00,PORT-1067,Equity,Meridian Markets,Reconciliation Break,Cash and position reconciliation identified a synthetic variance requiring investigation.,99403.54,USD,Medium,Open,Reconciliation Operations,2026-08-05 12:28:00,,Position or cash mismatch
EXC-000141,2026-07-31 15:54:00,PORT-1062,Equity,Aurora Securities,Accounting Difference,Synthetic accounting control detected a ledger variance requiring review.,10149.69,USD,Medium,Escalated,Fund Accounting,2026-08-02 03:54:00,,Ledger posting difference
EXC-000142,2026-08-02 02:59:00,PORT-1061,Fixed Income,Summit Custody,Accounting Difference,Synthetic accounting control detected a ledger variance requiring review.,35986.75,USD,Critical,Resolved,Fund Accounting,2026-08-02 08:59:00,2026-08-02 08:22:27.592865154,Ledger posting difference
EXC-000143,2026-08-02 15:33:00,PORT-1073,Fixed Income,Aurora Securities,Failed Settlement,Synthetic settlement instruction did not complete by the expected cycle.,25037.01,USD,High,Resolved,Settlement Operations,2026-08-03 07:33:00,2026-08-03 06:54:15.848815462,Settlement instruction or funding issue
EXC-000144,2026-08-08 10:18:00,PORT-1051,Equity,Meridian Markets,Accounting Difference,Synthetic accounting control detected a ledger variance requiring review.,28892.09,USD,High,Resolved,Fund Accounting,2026-08-09 02:18:00,2026-08-09 10:41:23.702845788,Ledger posting difference
EXC-000145,2026-07-31 13:49:00,PORT-1003,Derivative,Cedar Exchange,Pricing Discrepancy,Synthetic valuation check found a price difference against an independent source.,34772.01,USD,Medium,In Progress,Pricing & Valuation,2026-08-02 01:49:00,,Market data variance
EXC-000146,2026-07-30 11:37:00,PORT-1087,Cash,Harbor Trade Services,Missing Trade Confirmation,Synthetic trade record is awaiting a counterparty confirmation within the control window.,28567.45,JPY,Low,In Progress,Trade Support,2026-08-02 11:37:00,,Counterparty confirmation delay
EXC-000147,2026-08-03 12:56:00,PORT-1028,Equity,Northstar Clearing,Missing Trade Confirmation,Synthetic trade record is awaiting a counterparty confirmation within the control window.,61862.72,JPY,High,Resolved,Trade Support,2026-08-04 04:56:00,2026-08-04 14:35:24.161009688,Counterparty confirmation delay
EXC-000148,2026-08-06 00:11:00,PORT-1025,Cash,Summit Custody,Accounting Difference,Synthetic accounting control detected a ledger variance requiring review.,26089.28,USD,Medium,Resolved,Fund Accounting,2026-08-07 12:11:00,2026-08-07 12:39:00.106597514,Ledger posting difference
EXC-000149,2026-08-02 16:49:00,PORT-1080,Equity,Aurora Securities,Pricing Discrepancy,Synthetic valuation check found a price difference against an independent source.,167979.16,USD,High,Open,Pricing & Valuation,2026-08-03 08:49:00,,Data mapping variance
EXC-000150,2026-08-02 21:27:00,PORT-1079,Cash,Cedar Exchange,Reconciliation Break,Cash and position reconciliation identified a synthetic variance requiring investigation.,28189.47,USD,High,Open,Reconciliation Operations,2026-08-03 13:27:00,,Manual processing error
EXC-000151,2026-07-31 02:12:00,PORT-1050,Cash,Cedar Exchange,Reference Data Issue,Synthetic reference-data record has a missing or inconsistent attribute.,4497.87,GBP,Medium,Open,Reference Data Operations,2026-08-01 14:12:00,,Security master attribute gap
EXC-000152,2026-08-08 05:53:00,PORT-1068,Equity,Aurora Securities,Failed Settlement,Synthetic settlement instruction did not complete by the expected cycle.,52587.09,GBP,Critical,Escalated,Settlement Operations,2026-08-08 11:53:00,,Settlement instruction or funding issue
EXC-000153,2026-08-04 05:23:00,PORT-1008,Derivative,Summit Custody,Reconciliation Break,Cash and position reconciliation identified a synthetic variance requiring investigation.,40607.24,USD,Medium,In Progress,Reconciliation Operations,2026-08-05 17:23:00,,Position or cash mismatch
EXC-000154,2026-08-02 06:13:00,PORT-1028,Cash,Harbor Trade Services,Accounting Difference,Synthetic accounting control detected a ledger variance requiring review.,27838.42,USD,Medium,Resolved,Fund Accounting,2026-08-03 18:13:00,2026-08-04 06:23:25.351236511,Ledger posting difference
EXC-000155,2026-08-05 20:40:00,PORT-1024,Cash,Aurora Securities,Reconciliation Break,Cash and position reconciliation identified a synthetic variance requiring investigation.,20485.04,USD,High,Open,Reconciliation Operations,2026-08-06 12:40:00,,Position or cash mismatch
EXC-000156,2026-07-31 22:57:00,PORT-1042,Cash,Meridian Markets,Reporting Delay,Synthetic reporting package is delayed because an upstream input is incomplete.,2920.91,GBP,High,In Progress,Client Reporting,2026-08-01 14:57:00,,Upstream data delivery delay
EXC-000157,2026-08-08 17:15:00,PORT-1036,ETF,Harbor Trade Services,Missing Trade Confirmation,Synthetic trade record is awaiting a counterparty confirmation within the control window.,3483.57,GBP,Medium,Open,Trade Support,2026-08-10 05:15:00,,Manual processing error
EXC-000158,2026-08-08 07:06:00,PORT-1007,Equity,Harbor Trade Services,Reporting Delay,Synthetic reporting package is delayed because an upstream input is incomplete.,151735.66,USD,High,Resolved,Client Reporting,2026-08-08 23:06:00,2026-08-09 00:33:32.724065429,Upstream data delivery delay
EXC-000159,2026-08-01 11:19:00,PORT-1068,Derivative,Aurora Securities,Compliance Review,Synthetic control threshold requires documented analyst review before closure.,14548.2,EUR,Medium,Resolved,Compliance Operations,2026-08-02 23:19:00,2026-08-02 15:10:40.383204366,Policy threshold review
EXC-000160,2026-08-08 01:40:00,PORT-1059,FX,Northstar Clearing,Compliance Review,Synthetic control threshold requires documented analyst review before closure.,74154.16,USD,High,Resolved,Compliance Operations,2026-08-08 17:40:00,2026-08-08 04:59:23.087805904,Policy threshold review
EXC-000161,2026-08-05 03:30:00,PORT-1038,FX,Northstar Clearing,Reconciliation Break,Cash and position reconciliation identified a synthetic variance requiring investigation.,4998.11,EUR,Medium,Escalated,Reconciliation Operations,2026-08-06 15:30:00,,Manual processing error
EXC-000162,2026-08-06 13:20:00,PORT-1088,Fixed Income,Cedar Exchange,Failed Settlement,Synthetic settlement instruction did not complete by the expected cycle.,8962.45,JPY,Critical,Escalated,Settlement Operations,2026-08-06 19:20:00,,Settlement instruction or funding issue
EXC-000163,2026-08-02 11:12:00,PORT-1036,ETF,Northstar Clearing,Missing Trade Confirmation,Synthetic trade record is awaiting a counterparty confirmation within the control window.,54861.82,USD,High,Resolved,Trade Support,2026-08-03 03:12:00,2026-08-03 06:41:25.332087490,Counterparty confirmation delay
EXC-000164,2026-08-09 05:35:00,PORT-1012,Equity,Harbor Trade Services,Reconciliation Break,Cash and position reconciliation identified a synthetic variance requiring investigation.,24158.07,USD,Medium,Open,Reconciliation Operations,2026-08-10 17:35:00,,Position or cash mismatch
EXC-000165,2026-08-05 18:34:00,PORT-1084,FX,Aurora Securities,Accounting Difference,Synthetic accounting control detected a ledger variance requiring review.,47313.48,EUR,Medium,In Progress,Fund Accounting,2026-08-07 06:34:00,,Ledger posting difference
EXC-000166,2026-07-30 11:40:00,PORT-1013,Equity,Summit Custody,Pricing Discrepancy,Synthetic valuation check found a price difference against an independent source.,26520.83,USD,High,Resolved,Pricing & Valuation,2026-07-31 03:40:00,2026-07-31 06:43:44.757602599,Market data variance
EXC-000167,2026-08-05 15:44:00,PORT-1007,FX,Cedar Exchange,Reference Data Issue,Synthetic reference-data record has a missing or inconsistent attribute.,21632.33,GBP,Medium,In Progress,Reference Data Operations,2026-08-07 03:44:00,,Security master attribute gap
EXC-000168,2026-08-03 08:35:00,PORT-1047,Derivative,Summit Custody,Reference Data Issue,Synthetic reference-data record has a missing or inconsistent attribute.,13173.39,USD,High,Resolved,Reference Data Operations,2026-08-04 00:35:00,2026-08-03 13:21:36.740883863,Security master attribute gap
EXC-000169,2026-07-30 11:04:00,PORT-1057,Fixed Income,Northstar Clearing,Missing Trade Confirmation,Synthetic trade record is awaiting a counterparty confirmation within the control window.,7679.4,GBP,Critical,Open,Trade Support,2026-07-30 17:04:00,,Counterparty confirmation delay
EXC-000170,2026-08-03 06:33:00,PORT-1028,Fixed Income,Harbor Trade Services,Failed Settlement,Synthetic settlement instruction did not complete by the expected cycle.,117340.63,USD,High,Open,Settlement Operations,2026-08-03 22:33:00,,Late file delivery
EXC-000171,2026-08-01 18:33:00,PORT-1083,Fixed Income,Cedar Exchange,Missing Trade Confirmation,Synthetic trade record is awaiting a counterparty confirmation within the control window.,139479.73,USD,Medium,Open,Trade Support,2026-08-03 06:33:00,,Counterparty confirmation delay
EXC-000172,2026-07-30 18:13:00,PORT-1028,Cash,Northstar Clearing,Accounting Difference,Synthetic accounting control detected a ledger variance requiring review.,9039.52,USD,Medium,Resolved,Fund Accounting,2026-08-01 06:13:00,2026-07-31 11:12:31.897077347,Ledger posting difference
EXC-000173,2026-08-03 04:22:00,PORT-1095,FX,Meridian Markets,Missing Trade Confirmation,Synthetic trade record is awaiting a counterparty confirmation within the control window.,8439.83,USD,Critical,Escalated,Trade Support,2026-08-03 10:22:00,,Counterparty confirmation delay
EXC-000174,2026-08-01 00:55:00,PORT-1063,Fixed Income,Summit Custody,Failed Settlement,Synthetic settlement instruction did not complete by the expected cycle.,18673.08,USD,Medium,Open,Settlement Operations,2026-08-02 12:55:00,,Settlement instruction or funding issue
EXC-000175,2026-08-04 06:41:00,PORT-1019,Equity,Summit Custody,Reconciliation Break,Cash and position reconciliation identified a synthetic variance requiring investigation.,38463.18,EUR,Low,Resolved,Reconciliation Operations,2026-08-07 06:41:00,2026-08-07 23:58:28.467838023,Position or cash mismatch
EXC-000176,2026-08-01 04:36:00,PORT-1041,Equity,Aurora Securities,Reconciliation Break,Cash and position reconciliation identified a synthetic variance requiring investigation.,22227.62,USD,Low,In Progress,Reconciliation Operations,2026-08-04 04:36:00,,Position or cash mismatch
EXC-000177,2026-08-02 22:18:00,PORT-1008,Fixed Income,Meridian Markets,Pricing Discrepancy,Synthetic valuation check found a price difference against an independent source.,45455.82,USD,High,Resolved,Pricing & Valuation,2026-08-03 14:18:00,2026-08-03 03:53:05.817161451,Market data variance
EXC-000178,2026-08-05 23:04:00,PORT-1083,Cash,Meridian Markets,Failed Settlement,Synthetic settlement instruction did not complete by the expected cycle.,25547.34,USD,Medium,Open,Settlement Operations,2026-08-07 11:04:00,,Settlement instruction or funding issue
EXC-000179,2026-08-03 18:40:00,PORT-1064,FX,Summit Custody,Failed Settlement,Synthetic settlement instruction did not complete by the expected cycle.,23852.33,USD,Medium,Open,Settlement Operations,2026-08-05 06:40:00,,Settlement instruction or funding issue
EXC-000180,2026-08-06 00:23:00,PORT-1043,Equity,Summit Custody,Compliance Review,Synthetic control threshold requires documented analyst review before closure.,338992.3,GBP,Medium,Resolved,Compliance Operations,2026-08-07 12:23:00,2026-08-07 18:45:36.126107598,Policy threshold review
EXC-000181,2026-08-05 08:43:00,PORT-1067,Derivative,Cedar Exchange,Failed Settlement,Synthetic settlement instruction did not complete by the expected cycle.,15499.09,JPY,High,Resolved,Settlement Operations,2026-08-06 00:43:00,2026-08-06 04:12:45.893906503,Settlement instruction or funding issue
EXC-000182,2026-08-06 10:09:00,PORT-1061,Fixed Income,Northstar Clearing,Failed Settlement,Synthetic settlement instruction did not complete by the expected cycle.,150534.0,USD,Medium,Resolved,Settlement Operations,2026-08-07 22:09:00,2026-08-07 09:55:55.846506616,Settlement instruction or funding issue
EXC-000183,2026-08-04 11:25:00,PORT-1059,Derivative,Harbor Trade Services,Accounting Difference,Synthetic accounting control detected a ledger variance requiring review.,122909.82,GBP,High,Resolved,Fund Accounting,2026-08-05 03:25:00,2026-08-04 19:39:25.050057361,Manual processing error
EXC-000184,2026-08-05 21:12:00,PORT-1039,Equity,Meridian Markets,Missing Trade Confirmation,Synthetic trade record is awaiting a counterparty confirmation within the control window.,45674.63,EUR,High,Escalated,Trade Support,2026-08-06 13:12:00,,Counterparty confirmation delay
EXC-000185,2026-08-03 01:42:00,PORT-1035,FX,Meridian Markets,Compliance Review,Synthetic control threshold requires documented analyst review before closure.,3560.16,JPY,Critical,Escalated,Compliance Operations,2026-08-03 07:42:00,,Data mapping variance
EXC-000186,2026-08-05 15:34:00,PORT-1026,Cash,Northstar Clearing,Reporting Delay,Synthetic reporting package is delayed because an upstream input is incomplete.,27794.97,USD,High,In Progress,Client Reporting,2026-08-06 07:34:00,,Upstream data delivery delay
EXC-000187,2026-08-04 11:22:00,PORT-1078,Equity,Cedar Exchange,Pricing Discrepancy,Synthetic valuation check found a price difference against an independent source.,15671.05,USD,Medium,Escalated,Pricing & Valuation,2026-08-05 23:22:00,,Market data variance
EXC-000188,2026-08-07 22:59:00,PORT-1047,FX,Meridian Markets,Reconciliation Break,Cash and position reconciliation identified a synthetic variance requiring investigation.,27476.74,USD,High,Open,Reconciliation Operations,2026-08-08 14:59:00,,Position or cash mismatch
EXC-000189,2026-08-05 12:14:00,PORT-1046,Cash,Harbor Trade Services,Compliance Review,Synthetic control threshold requires documented analyst review before closure.,8812.13,GBP,Low,Resolved,Compliance Operations,2026-08-08 12:14:00,2026-08-07 13:58:02.477497826,Policy threshold review
EXC-000190,2026-08-05 18:45:00,PORT-1071,Equity,Cedar Exchange,Missing Trade Confirmation,Synthetic trade record is awaiting a counterparty confirmation within the control window.,59520.19,EUR,Critical,Escalated,Trade Support,2026-08-06 00:45:00,,Counterparty confirmation delay
EXC-000191,2026-07-30 17:40:00,PORT-1053,Equity,Aurora Securities,Failed Settlement,Synthetic settlement instruction did not complete by the expected cycle.,75677.36,USD,Medium,In Progress,Settlement Operations,2026-08-01 05:40:00,,Settlement instruction or funding issue
EXC-000192,2026-08-04 20:29:00,PORT-1094,FX,Summit Custody,Missing Trade Confirmation,Synthetic trade record is awaiting a counterparty confirmation within the control window.,91906.36,USD,High,Open,Trade Support,2026-08-05 12:29:00,,Counterparty confirmation delay
EXC-000193,2026-08-09 03:05:00,PORT-1024,Fixed Income,Harbor Trade Services,Reconciliation Break,Cash and position reconciliation identified a synthetic variance requiring investigation.,18010.54,EUR,High,Resolved,Reconciliation Operations,2026-08-09 19:05:00,2026-08-09 13:47:47.279850112,Position or cash mismatch
EXC-000194,2026-08-06 06:09:00,PORT-1005,Equity,Harbor Trade Services,Reference Data Issue,Synthetic reference-data record has a missing or inconsistent attribute.,8844.96,GBP,Low,Resolved,Reference Data Operations,2026-08-09 06:09:00,2026-08-09 09:39:33.486467100,Security master attribute gap
EXC-000195,2026-08-02 01:08:00,PORT-1042,Fixed Income,Meridian Markets,Reconciliation Break,Cash and position reconciliation identified a synthetic variance requiring investigation.,38920.08,USD,High,Open,Reconciliation Operations,2026-08-02 17:08:00,,Position or cash mismatch
EXC-000196,2026-08-07 16:41:00,PORT-1053,Derivative,Northstar Clearing,Reconciliation Break,Cash and position reconciliation identified a synthetic variance requiring investigation.,170055.14,EUR,Low,Open,Reconciliation Operations,2026-08-10 16:41:00,,Manual processing error
EXC-000197,2026-08-07 17:00:00,PORT-1081,Fixed Income,Summit Custody,Accounting Difference,Synthetic accounting control detected a ledger variance requiring review.,28936.5,USD,Medium,In Progress,Fund Accounting,2026-08-09 05:00:00,,Ledger posting difference
EXC-000198,2026-08-05 15:25:00,PORT-1063,Fixed Income,Northstar Clearing,Reference Data Issue,Synthetic reference-data record has a missing or inconsistent attribute.,43256.9,USD,Medium,In Progress,Reference Data Operations,2026-08-07 03:25:00,,Security master attribute gap
EXC-000199,2026-08-05 18:30:00,PORT-1093,Derivative,Northstar Clearing,Reconciliation Break,Cash and position reconciliation identified a synthetic variance requiring investigation.,21022.12,USD,Medium,In Progress,Reconciliation Operations,2026-08-07 06:30:00,,Position or cash mismatch
EXC-000200,2026-08-04 13:20:00,PORT-1009,ETF,Summit Custody,Missing Trade Confirmation,Synthetic trade record is awaiting a counterparty confirmation within the control window.,15856.84,GBP,Medium,Escalated,Trade Support,2026-08-06 01:20:00,,Counterparty confirmation delay
EXC-000201,2026-08-08 23:31:00,PORT-1053,Derivative,Cedar Exchange,Compliance Review,Synthetic control threshold requires documented analyst review before closure.,53701.15,JPY,Critical,Open,Compliance Operations,2026-08-09 05:31:00,,Policy threshold review
EXC-000202,2026-08-02 04:17:00,PORT-1082,Fixed Income,Aurora Securities,Failed Settlement,Synthetic settlement instruction did not complete by the expected cycle.,24067.79,USD,Medium,In Progress,Settlement Operations,2026-08-03 16:17:00,,Settlement instruction or funding issue
EXC-000203,2026-08-07 04:54:00,PORT-1050,Cash,Northstar Clearing,Accounting Difference,Synthetic accounting control detected a ledger variance requiring review.,41097.36,USD,Medium,In Progress,Fund Accounting,2026-08-08 16:54:00,,Late file delivery
EXC-000204,2026-08-02 06:08:00,PORT-1028,FX,Harbor Trade Services,Reconciliation Break,Cash and position reconciliation identified a synthetic variance requiring investigation.,45838.62,USD,High,In Progress,Reconciliation Operations,2026-08-02 22:08:00,,Position or cash mismatch
EXC-000205,2026-08-03 16:45:00,PORT-1076,Equity,Summit Custody,Reconciliation Break,Cash and position reconciliation identified a synthetic variance requiring investigation.,38750.26,USD,High,In Progress,Reconciliation Operations,2026-08-04 08:45:00,,Position or cash mismatch
EXC-000206,2026-08-07 08:02:00,PORT-1086,Derivative,Meridian Markets,Missing Trade Confirmation,Synthetic trade record is awaiting a counterparty confirmation within the control window.,48327.12,USD,Low,Resolved,Trade Support,2026-08-10 08:02:00,2026-08-11 02:36:56.383309307,Counterparty confirmation delay
EXC-000207,2026-08-04 16:04:00,PORT-1026,Fixed Income,Aurora Securities,Reconciliation Break,Cash and position reconciliation identified a synthetic variance requiring investigation.,10985.64,USD,Critical,Escalated,Reconciliation Operations,2026-08-04 22:04:00,,Position or cash mismatch
EXC-000208,2026-08-08 23:58:00,PORT-1055,Equity,Cedar Exchange,Reporting Delay,Synthetic reporting package is delayed because an upstream input is incomplete.,10303.81,USD,Low,Resolved,Client Reporting,2026-08-11 23:58:00,2026-08-13 07:32:14.412918417,Upstream data delivery delay
EXC-000209,2026-08-02 07:28:00,PORT-1079,Equity,Meridian Markets,Reconciliation Break,Cash and position reconciliation identified a synthetic variance requiring investigation.,25725.74,USD,Medium,In Progress,Reconciliation Operations,2026-08-03 19:28:00,,Position or cash mismatch
EXC-000210,2026-08-06 08:12:00,PORT-1015,FX,Northstar Clearing,Accounting Difference,Synthetic accounting control detected a ledger variance requiring review.,26383.94,USD,Medium,Resolved,Fund Accounting,2026-08-07 20:12:00,2026-08-06 14:10:19.110010211,Ledger posting difference
EXC-000211,2026-08-05 12:13:00,PORT-1002,Equity,Northstar Clearing,Reporting Delay,Synthetic reporting package is delayed because an upstream input is incomplete.,15546.04,GBP,High,Resolved,Client Reporting,2026-08-06 04:13:00,2026-08-06 07:55:21.535647847,Upstream data delivery delay
EXC-000212,2026-08-07 19:23:00,PORT-1073,Fixed Income,Northstar Clearing,Accounting Difference,Synthetic accounting control detected a ledger variance requiring review.,34649.91,USD,Low,Resolved,Fund Accounting,2026-08-10 19:23:00,2026-08-09 14:38:02.634389042,Ledger posting difference
EXC-000213,2026-08-05 16:42:00,PORT-1074,Equity,Meridian Markets,Reconciliation Break,Cash and position reconciliation identified a synthetic variance requiring investigation.,69816.69,EUR,Low,Escalated,Reconciliation Operations,2026-08-08 16:42:00,,Position or cash mismatch
EXC-000214,2026-08-05 09:46:00,PORT-1016,Fixed Income,Harbor Trade Services,Reference Data Issue,Synthetic reference-data record has a missing or inconsistent attribute.,93609.53,JPY,High,In Progress,Reference Data Operations,2026-08-06 01:46:00,,Security master attribute gap
EXC-000215,2026-08-07 02:50:00,PORT-1059,Fixed Income,Harbor Trade Services,Compliance Review,Synthetic control threshold requires documented analyst review before closure.,118524.5,USD,Critical,Escalated,Compliance Operations,2026-08-07 08:50:00,,Policy threshold review
EXC-000216,2026-07-30 13:25:00,PORT-1071,ETF,Cedar Exchange,Compliance Review,Synthetic control threshold requires documented analyst review before closure.,6764.6,USD,Medium,Resolved,Compliance Operations,2026-08-01 01:25:00,2026-08-01 15:55:44.647019758,Policy threshold review
EXC-000217,2026-08-06 12:39:00,PORT-1095,Fixed Income,Cedar Exchange,Reconciliation Break,Cash and position reconciliation identified a synthetic variance requiring investigation.,7933.52,USD,High,Resolved,Reconciliation Operations,2026-08-07 04:39:00,2026-08-06 16:25:24.784228055,Position or cash mismatch
EXC-000218,2026-08-07 12:38:00,PORT-1080,Equity,Summit Custody,Reconciliation Break,Cash and position reconciliation identified a synthetic variance requiring investigation.,19848.27,EUR,High,Resolved,Reconciliation Operations,2026-08-08 04:38:00,2026-08-08 04:02:45.907232532,Position or cash mismatch
EXC-000219,2026-08-03 20:30:00,PORT-1022,FX,Aurora Securities,Failed Settlement,Synthetic settlement instruction did not complete by the expected cycle.,29269.49,USD,Low,Escalated,Settlement Operations,2026-08-06 20:30:00,,Manual processing error
EXC-000220,2026-08-06 03:31:00,PORT-1057,Fixed Income,Cedar Exchange,Pricing Discrepancy,Synthetic valuation check found a price difference against an independent source.,20945.12,USD,Medium,In Progress,Pricing & Valuation,2026-08-07 15:31:00,,Market data variance
EXC-000221,2026-08-04 20:11:00,PORT-1072,FX,Cedar Exchange,Missing Trade Confirmation,Synthetic trade record is awaiting a counterparty confirmation within the control window.,15058.96,USD,Critical,Resolved,Trade Support,2026-08-05 02:11:00,2026-08-05 01:56:24.564794190,Counterparty confirmation delay
EXC-000222,2026-08-02 01:44:00,PORT-1027,Equity,Aurora Securities,Accounting Difference,Synthetic accounting control detected a ledger variance requiring review.,19542.77,USD,Medium,Resolved,Fund Accounting,2026-08-03 13:44:00,2026-08-03 00:02:15.304811801,Ledger posting difference
EXC-000223,2026-08-08 14:02:00,PORT-1016,Equity,Harbor Trade Services,Reporting Delay,Synthetic reporting package is delayed because an upstream input is incomplete.,44688.86,USD,Low,Resolved,Client Reporting,2026-08-11 14:02:00,2026-08-13 09:33:44.309152008,Upstream data delivery delay
EXC-000224,2026-08-04 05:51:00,PORT-1043,Equity,Cedar Exchange,Failed Settlement,Synthetic settlement instruction did not complete by the expected cycle.,6660.14,EUR,Low,Resolved,Settlement Operations,2026-08-07 05:51:00,2026-08-05 02:16:07.155597873,Settlement instruction or funding issue
EXC-000225,2026-08-09 03:07:00,PORT-1071,Fixed Income,Aurora Securities,Missing Trade Confirmation,Synthetic trade record is awaiting a counterparty confirmation within the control window.,315062.1,USD,Medium,Open,Trade Support,2026-08-10 15:07:00,,Counterparty confirmation delay
EXC-000226,2026-08-08 21:47:00,PORT-1052,Fixed Income,Aurora Securities,Failed Settlement,Synthetic settlement instruction did not complete by the expected cycle.,27502.8,USD,Critical,In Progress,Settlement Operations,2026-08-09 03:47:00,,Settlement instruction or funding issue
EXC-000227,2026-08-08 09:29:00,PORT-1060,Derivative,Meridian Markets,Reconciliation Break,Cash and position reconciliation identified a synthetic variance requiring investigation.,81096.07,GBP,Medium,In Progress,Reconciliation Operations,2026-08-09 21:29:00,,Manual processing error
EXC-000228,2026-08-07 17:47:00,PORT-1066,Fixed Income,Cedar Exchange,Accounting Difference,Synthetic accounting control detected a ledger variance requiring review.,14632.42,USD,Low,Resolved,Fund Accounting,2026-08-10 17:47:00,2026-08-08 17:26:55.869286345,Ledger posting difference
EXC-000229,2026-08-05 20:31:00,PORT-1094,ETF,Aurora Securities,Reporting Delay,Synthetic reporting package is delayed because an upstream input is incomplete.,49171.38,EUR,Medium,Resolved,Client Reporting,2026-08-07 08:31:00,2026-08-07 12:19:20.947205556,Upstream data delivery delay
EXC-000230,2026-07-30 23:31:00,PORT-1063,ETF,Aurora Securities,Reconciliation Break,Cash and position reconciliation identified a synthetic variance requiring investigation.,29884.51,USD,Low,Resolved,Reconciliation Operations,2026-08-02 23:31:00,2026-08-02 16:48:42.729312281,Position or cash mismatch
EXC-000231,2026-07-31 07:19:00,PORT-1014,Equity,Aurora Securities,Reconciliation Break,Cash and position reconciliation identified a synthetic variance requiring investigation.,66147.93,USD,Medium,Resolved,Reconciliation Operations,2026-08-01 19:19:00,2026-08-01 02:12:12.657986328,Data mapping variance
EXC-000232,2026-08-08 07:29:00,PORT-1040,ETF,Cedar Exchange,Pricing Discrepancy,Synthetic valuation check found a price difference against an independent source.,21838.3,JPY,Critical,Resolved,Pricing & Valuation,2026-08-08 13:29:00,2026-08-08 10:59:47.574329325,Market data variance
EXC-000233,2026-07-30 10:37:00,PORT-1017,Fixed Income,Summit Custody,Failed Settlement,Synthetic settlement instruction did not complete by the expected cycle.,137192.69,USD,Critical,Open,Settlement Operations,2026-07-30 16:37:00,,Settlement instruction or funding issue
EXC-000234,2026-08-03 00:01:00,PORT-1075,Fixed Income,Cedar Exchange,Accounting Difference,Synthetic accounting control detected a ledger variance requiring review.,5615.81,USD,Low,Resolved,Fund Accounting,2026-08-06 00:01:00,2026-08-04 01:57:15.675674508,Ledger posting difference
EXC-000235,2026-08-03 19:50:00,PORT-1098,Equity,Summit Custody,Failed Settlement,Synthetic settlement instruction did not complete by the expected cycle.,72899.9,JPY,Critical,Resolved,Settlement Operations,2026-08-04 01:50:00,2026-08-04 04:31:09.869262759,Data mapping variance
EXC-000236,2026-08-01 09:49:00,PORT-1076,Derivative,Cedar Exchange,Reference Data Issue,Synthetic reference-data record has a missing or inconsistent attribute.,30474.81,EUR,Low,Resolved,Reference Data Operations,2026-08-04 09:49:00,2026-08-04 09:11:41.516634245,Security master attribute gap
EXC-000237,2026-08-04 11:39:00,PORT-1025,Cash,Cedar Exchange,Pricing Discrepancy,Synthetic valuation check found a price difference against an independent source.,9235.01,EUR,Low,Resolved,Pricing & Valuation,2026-08-07 11:39:00,2026-08-05 23:15:39.516872781,Market data variance
EXC-000238,2026-08-06 16:38:00,PORT-1069,Equity,Aurora Securities,Reference Data Issue,Synthetic reference-data record has a missing or inconsistent attribute.,208912.16,USD,Medium,Escalated,Reference Data Operations,2026-08-08 04:38:00,,Security master attribute gap
EXC-000239,2026-08-04 01:20:00,PORT-1003,ETF,Meridian Markets,Reconciliation Break,Cash and position reconciliation identified a synthetic variance requiring investigation.,187424.73,USD,Medium,In Progress,Reconciliation Operations,2026-08-05 13:20:00,,Position or cash mismatch
EXC-000240,2026-08-02 02:26:00,PORT-1027,Derivative,Summit Custody,Reconciliation Break,Cash and position reconciliation identified a synthetic variance requiring investigation.,3048.59,EUR,High,Resolved,Reconciliation Operations,2026-08-02 18:26:00,2026-08-02 13:59:03.384535408,Position or cash mismatch
EXC-000241,2026-08-02 13:12:00,PORT-1030,Fixed Income,Northstar Clearing,Reference Data Issue,Synthetic reference-data record has a missing or inconsistent attribute.,32390.6,USD,High,Resolved,Reference Data Operations,2026-08-03 05:12:00,2026-08-03 13:18:56.340465780,Security master attribute gap
EXC-000242,2026-08-07 15:55:00,PORT-1047,Derivative,Meridian Markets,Reference Data Issue,Synthetic reference-data record has a missing or inconsistent attribute.,56440.69,USD,Medium,In Progress,Reference Data Operations,2026-08-09 03:55:00,,Security master attribute gap
EXC-000243,2026-07-30 22:36:00,PORT-1032,FX,Meridian Markets,Missing Trade Confirmation,Synthetic trade record is awaiting a counterparty confirmation within the control window.,42778.46,GBP,Critical,Open,Trade Support,2026-07-31 04:36:00,,Counterparty confirmation delay
EXC-000244,2026-08-06 11:47:00,PORT-1043,Cash,Meridian Markets,Accounting Difference,Synthetic accounting control detected a ledger variance requiring review.,132098.89,USD,Medium,Open,Fund Accounting,2026-08-07 23:47:00,,Ledger posting difference
EXC-000245,2026-08-01 04:18:00,PORT-1001,Cash,Cedar Exchange,Reporting Delay,Synthetic reporting package is delayed because an upstream input is incomplete.,106193.09,USD,Medium,Open,Client Reporting,2026-08-02 16:18:00,,Upstream data delivery delay
EXC-000246,2026-08-06 05:43:00,PORT-1081,Equity,Aurora Securities,Reference Data Issue,Synthetic reference-data record has a missing or inconsistent attribute.,35541.16,USD,High,Resolved,Reference Data Operations,2026-08-06 21:43:00,2026-08-07 05:20:47.537894161,Security master attribute gap
EXC-000247,2026-08-08 16:58:00,PORT-1039,Fixed Income,Northstar Clearing,Reporting Delay,Synthetic reporting package is delayed because an upstream input is incomplete.,293889.4,USD,Low,Open,Client Reporting,2026-08-11 16:58:00,,Upstream data delivery delay
EXC-000248,2026-07-30 09:04:00,PORT-1080,ETF,Summit Custody,Pricing Discrepancy,Synthetic valuation check found a price difference against an independent source.,71947.28,EUR,Medium,In Progress,Pricing & Valuation,2026-07-31 21:04:00,,Market data variance
EXC-000249,2026-08-03 10:40:00,PORT-1006,Equity,Cedar Exchange,Pricing Discrepancy,Synthetic valuation check found a price difference against an independent source.,18601.82,GBP,High,Resolved,Pricing & Valuation,2026-08-04 02:40:00,2026-08-03 14:16:42.234474424,Market data variance
EXC-000250,2026-08-07 05:09:00,PORT-1085,Fixed Income,Cedar Exchange,Pricing Discrepancy,Synthetic valuation check found a price difference against an independent source.,15063.58,USD,Medium,In Progress,Pricing & Valuation,2026-08-08 17:09:00,,Market data variance
EXC-000251,2026-08-09 07:49:00,PORT-1062,Cash,Cedar Exchange,Reporting Delay,Synthetic reporting package is delayed because an upstream input is incomplete.,99261.06,USD,High,Resolved,Client Reporting,2026-08-09 23:49:00,2026-08-10 01:44:56.536986313,Upstream data delivery delay
EXC-000252,2026-08-08 01:16:00,PORT-1023,Equity,Cedar Exchange,Reference Data Issue,Synthetic reference-data record has a missing or inconsistent attribute.,11700.63,USD,Medium,In Progress,Reference Data Operations,2026-08-09 13:16:00,,Security master attribute gap
EXC-000253,2026-08-07 16:04:00,PORT-1074,Fixed Income,Aurora Securities,Pricing Discrepancy,Synthetic valuation check found a price difference against an independent source.,17496.83,USD,High,Open,Pricing & Valuation,2026-08-08 08:04:00,,Market data variance
EXC-000254,2026-07-31 01:53:00,PORT-1074,Derivative,Aurora Securities,Missing Trade Confirmation,Synthetic trade record is awaiting a counterparty confirmation within the control window.,20919.76,USD,Low,Escalated,Trade Support,2026-08-03 01:53:00,,Counterparty confirmation delay
EXC-000255,2026-08-07 13:49:00,PORT-1072,Fixed Income,Meridian Markets,Missing Trade Confirmation,Synthetic trade record is awaiting a counterparty confirmation within the control window.,39082.73,JPY,Low,Resolved,Trade Support,2026-08-10 13:49:00,2026-08-08 15:18:28.695098489,Manual processing error
EXC-000256,2026-08-07 17:31:00,PORT-1086,Fixed Income,Harbor Trade Services,Compliance Review,Synthetic control threshold requires documented analyst review before closure.,21957.6,USD,Medium,Resolved,Compliance Operations,2026-08-09 05:31:00,2026-08-08 09:27:07.640787832,Data mapping variance
EXC-000257,2026-07-31 23:09:00,PORT-1094,Cash,Meridian Markets,Reference Data Issue,Synthetic reference-data record has a missing or inconsistent attribute.,6749.21,USD,High,Resolved,Reference Data Operations,2026-08-01 15:09:00,2026-08-01 22:13:32.886689492,Security master attribute gap
EXC-000258,2026-07-31 12:33:00,PORT-1017,Fixed Income,Cedar Exchange,Reconciliation Break,Cash and position reconciliation identified a synthetic variance requiring investigation.,91142.89,JPY,Low,Open,Reconciliation Operations,2026-08-03 12:33:00,,Data mapping variance
EXC-000259,2026-08-07 05:38:00,PORT-1028,Equity,Northstar Clearing,Reconciliation Break,Cash and position reconciliation identified a synthetic variance requiring investigation.,17595.2,USD,High,Resolved,Reconciliation Operations,2026-08-07 21:38:00,2026-08-08 05:28:03.332298521,Position or cash mismatch
EXC-000260,2026-08-02 20:05:00,PORT-1004,Equity,Cedar Exchange,Accounting Difference,Synthetic accounting control detected a ledger variance requiring review.,224343.14,JPY,Medium,Open,Fund Accounting,2026-08-04 08:05:00,,Ledger posting difference
EXC-000261,2026-08-04 00:18:00,PORT-1007,Cash,Meridian Markets,Reconciliation Break,Cash and position reconciliation identified a synthetic variance requiring investigation.,37019.11,USD,Medium,In Progress,Reconciliation Operations,2026-08-05 12:18:00,,Position or cash mismatch
EXC-000262,2026-08-03 14:11:00,PORT-1011,Equity,Aurora Securities,Reference Data Issue,Synthetic reference-data record has a missing or inconsistent attribute.,101779.89,USD,Medium,Open,Reference Data Operations,2026-08-05 02:11:00,,Security master attribute gap
EXC-000263,2026-08-06 05:47:00,PORT-1068,Fixed Income,Harbor Trade Services,Missing Trade Confirmation,Synthetic trade record is awaiting a counterparty confirmation within the control window.,52177.39,JPY,Low,Resolved,Trade Support,2026-08-09 05:47:00,2026-08-06 23:31:57.629237558,Counterparty confirmation delay
EXC-000264,2026-08-01 19:39:00,PORT-1060,Equity,Aurora Securities,Reconciliation Break,Cash and position reconciliation identified a synthetic variance requiring investigation.,107024.07,USD,Critical,Escalated,Reconciliation Operations,2026-08-02 01:39:00,,Manual processing error
EXC-000265,2026-07-31 12:50:00,PORT-1004,Fixed Income,Summit Custody,Failed Settlement,Synthetic settlement instruction did not complete by the expected cycle.,48964.75,USD,Medium,In Progress,Settlement Operations,2026-08-02 00:50:00,,Settlement instruction or funding issue
EXC-000266,2026-08-02 01:43:00,PORT-1042,Cash,Meridian Markets,Reconciliation Break,Cash and position reconciliation identified a synthetic variance requiring investigation.,34438.39,USD,High,Open,Reconciliation Operations,2026-08-02 17:43:00,,Position or cash mismatch
EXC-000267,2026-07-31 08:20:00,PORT-1011,Fixed Income,Meridian Markets,Missing Trade Confirmation,Synthetic trade record is awaiting a counterparty confirmation within the control window.,84786.85,EUR,Medium,Resolved,Trade Support,2026-08-01 20:20:00,2026-08-02 12:47:20.509155671,Counterparty confirmation delay
EXC-000268,2026-08-08 05:56:00,PORT-1020,Cash,Meridian Markets,Reconciliation Break,Cash and position reconciliation identified a synthetic variance requiring investigation.,365956.85,USD,Medium,In Progress,Reconciliation Operations,2026-08-09 17:56:00,,Position or cash mismatch
EXC-000269,2026-08-02 18:34:00,PORT-1006,Equity,Aurora Securities,Reconciliation Break,Cash and position reconciliation identified a synthetic variance requiring investigation.,20266.27,USD,Medium,Resolved,Reconciliation Operations,2026-08-04 06:34:00,2026-08-04 15:00:43.529606177,Position or cash mismatch
EXC-000270,2026-07-30 09:03:00,PORT-1052,Fixed Income,Harbor Trade Services,Reconciliation Break,Cash and position reconciliation identified a synthetic variance requiring investigation.,61986.59,EUR,High,In Progress,Reconciliation Operations,2026-07-31 01:03:00,,Position or cash mismatch
EXC-000271,2026-08-03 23:33:00,PORT-1008,Derivative,Cedar Exchange,Reconciliation Break,Cash and position reconciliation identified a synthetic variance requiring investigation.,26755.43,EUR,High,Resolved,Reconciliation Operations,2026-08-04 15:33:00,2026-08-04 20:27:33.802893967,Manual processing error
EXC-000272,2026-07-30 22:19:00,PORT-1077,Fixed Income,Aurora Securities,Reconciliation Break,Cash and position reconciliation identified a synthetic variance requiring investigation.,45768.99,USD,Medium,Open,Reconciliation Operations,2026-08-01 10:19:00,,Late file delivery
EXC-000273,2026-08-05 20:28:00,PORT-1092,Fixed Income,Harbor Trade Services,Reconciliation Break,Cash and position reconciliation identified a synthetic variance requiring investigation.,28120.85,USD,Medium,Escalated,Reconciliation Operations,2026-08-07 08:28:00,,Position or cash mismatch
EXC-000274,2026-07-31 08:39:00,PORT-1084,Derivative,Harbor Trade Services,Accounting Difference,Synthetic accounting control detected a ledger variance requiring review.,2791.6,USD,Medium,In Progress,Fund Accounting,2026-08-01 20:39:00,,Ledger posting difference
EXC-000275,2026-07-30 22:49:00,PORT-1081,Fixed Income,Summit Custody,Reporting Delay,Synthetic reporting package is delayed because an upstream input is incomplete.,21803.02,USD,Medium,Open,Client Reporting,2026-08-01 10:49:00,,Upstream data delivery delay
EXC-000276,2026-08-03 02:49:00,PORT-1074,ETF,Cedar Exchange,Pricing Discrepancy,Synthetic valuation check found a price difference against an independent source.,76844.01,USD,Medium,Open,Pricing & Valuation,2026-08-04 14:49:00,,Manual processing error
EXC-000277,2026-08-02 06:30:00,PORT-1090,Cash,Aurora Securities,Missing Trade Confirmation,Synthetic trade record is awaiting a counterparty confirmation within the control window.,12046.54,USD,Medium,Open,Trade Support,2026-08-03 18:30:00,,Counterparty confirmation delay
EXC-000278,2026-08-04 03:04:00,PORT-1087,Equity,Cedar Exchange,Accounting Difference,Synthetic accounting control detected a ledger variance requiring review.,70756.08,USD,High,In Progress,Fund Accounting,2026-08-04 19:04:00,,Ledger posting difference
EXC-000279,2026-08-06 04:17:00,PORT-1022,Fixed Income,Cedar Exchange,Reference Data Issue,Synthetic reference-data record has a missing or inconsistent attribute.,32623.55,USD,Critical,Escalated,Reference Data Operations,2026-08-06 10:17:00,,Data mapping variance
EXC-000280,2026-08-03 23:31:00,PORT-1060,Equity,Summit Custody,Reference Data Issue,Synthetic reference-data record has a missing or inconsistent attribute.,22003.02,EUR,Critical,Resolved,Reference Data Operations,2026-08-04 05:31:00,2026-08-04 07:30:19.912948038,Late file delivery
EXC-000281,2026-07-30 18:20:00,PORT-1030,Fixed Income,Meridian Markets,Reconciliation Break,Cash and position reconciliation identified a synthetic variance requiring investigation.,69640.82,USD,High,Resolved,Reconciliation Operations,2026-07-31 10:20:00,2026-07-31 08:40:13.453771726,Position or cash mismatch
EXC-000282,2026-08-09 04:47:00,PORT-1083,Equity,Harbor Trade Services,Reconciliation Break,Cash and position reconciliation identified a synthetic variance requiring investigation.,54999.71,JPY,Medium,Open,Reconciliation Operations,2026-08-10 16:47:00,,Data mapping variance
EXC-000283,2026-08-07 07:11:00,PORT-1002,FX,Summit Custody,Missing Trade Confirmation,Synthetic trade record is awaiting a counterparty confirmation within the control window.,41838.59,JPY,High,In Progress,Trade Support,2026-08-07 23:11:00,,Counterparty confirmation delay
EXC-000284,2026-08-04 08:31:00,PORT-1041,Equity,Harbor Trade Services,Missing Trade Confirmation,Synthetic trade record is awaiting a counterparty confirmation within the control window.,78174.22,EUR,Low,Open,Trade Support,2026-08-07 08:31:00,,Counterparty confirmation delay
EXC-000285,2026-08-05 22:28:00,PORT-1038,FX,Northstar Clearing,Accounting Difference,Synthetic accounting control detected a ledger variance requiring review.,33298.02,JPY,Medium,Open,Fund Accounting,2026-08-07 10:28:00,,Ledger posting difference
EXC-000286,2026-08-03 02:58:00,PORT-1084,Equity,Aurora Securities,Pricing Discrepancy,Synthetic valuation check found a price difference against an independent source.,4784.33,GBP,Medium,In Progress,Pricing & Valuation,2026-08-04 14:58:00,,Market data variance
EXC-000287,2026-08-05 17:55:00,PORT-1029,Fixed Income,Cedar Exchange,Reconciliation Break,Cash and position reconciliation identified a synthetic variance requiring investigation.,18087.44,USD,Low,Open,Reconciliation Operations,2026-08-08 17:55:00,,Position or cash mismatch
EXC-000288,2026-08-02 17:59:00,PORT-1088,Fixed Income,Meridian Markets,Pricing Discrepancy,Synthetic valuation check found a price difference against an independent source.,4045.57,EUR,Critical,Escalated,Pricing & Valuation,2026-08-02 23:59:00,,Market data variance
EXC-000289,2026-08-08 07:01:00,PORT-1049,FX,Northstar Clearing,Accounting Difference,Synthetic accounting control detected a ledger variance requiring review.,53649.8,USD,High,Escalated,Fund Accounting,2026-08-08 23:01:00,,Ledger posting difference
EXC-000290,2026-08-06 00:30:00,PORT-1068,Fixed Income,Northstar Clearing,Reconciliation Break,Cash and position reconciliation identified a synthetic variance requiring investigation.,68941.24,EUR,Medium,Resolved,Reconciliation Operations,2026-08-07 12:30:00,2026-08-08 08:58:32.422712844,Position or cash mismatch
EXC-000291,2026-08-02 10:09:00,PORT-1053,Fixed Income,Northstar Clearing,Reference Data Issue,Synthetic reference-data record has a missing or inconsistent attribute.,72315.04,USD,Medium,Escalated,Reference Data Operations,2026-08-03 22:09:00,,Security master attribute gap
EXC-000292,2026-08-04 14:29:00,PORT-1043,Derivative,Cedar Exchange,Reconciliation Break,Cash and position reconciliation identified a synthetic variance requiring investigation.,44960.94,USD,High,In Progress,Reconciliation Operations,2026-08-05 06:29:00,,Position or cash mismatch
EXC-000293,2026-08-02 04:47:00,PORT-1030,ETF,Harbor Trade Services,Failed Settlement,Synthetic settlement instruction did not complete by the expected cycle.,74333.83,USD,Medium,Resolved,Settlement Operations,2026-08-03 16:47:00,2026-08-02 20:08:20.905154104,Settlement instruction or funding issue
EXC-000294,2026-08-02 23:29:00,PORT-1028,Equity,Harbor Trade Services,Reconciliation Break,Cash and position reconciliation identified a synthetic variance requiring investigation.,5138.76,JPY,High,In Progress,Reconciliation Operations,2026-08-03 15:29:00,,Position or cash mismatch
EXC-000295,2026-08-06 01:50:00,PORT-1063,Cash,Aurora Securities,Reference Data Issue,Synthetic reference-data record has a missing or inconsistent attribute.,24029.91,USD,Critical,Escalated,Reference Data Operations,2026-08-06 07:50:00,,Security master attribute gap
EXC-000296,2026-08-05 01:37:00,PORT-1032,Fixed Income,Aurora Securities,Failed Settlement,Synthetic settlement instruction did not complete by the expected cycle.,6089.6,USD,Medium,Resolved,Settlement Operations,2026-08-06 13:37:00,2026-08-06 09:45:00.521239438,Settlement instruction or funding issue
EXC-000297,2026-07-30 16:57:00,PORT-1085,Equity,Cedar Exchange,Failed Settlement,Synthetic settlement instruction did not complete by the expected cycle.,18467.25,USD,Medium,Open,Settlement Operations,2026-08-01 04:57:00,,Settlement instruction or funding issue
EXC-000298,2026-07-30 17:59:00,PORT-1013,Fixed Income,Harbor Trade Services,Reference Data Issue,Synthetic reference-data record has a missing or inconsistent attribute.,146834.93,USD,Medium,In Progress,Reference Data Operations,2026-08-01 05:59:00,,Security master attribute gap
EXC-000299,2026-08-09 00:11:00,PORT-1022,Equity,Meridian Markets,Compliance Review,Synthetic control threshold requires documented analyst review before closure.,84787.13,GBP,Low,Resolved,Compliance Operations,2026-08-12 00:11:00,2026-08-10 19:54:54.307921823,Policy threshold review
EXC-000300,2026-08-02 07:14:00,PORT-1005,Equity,Harbor Trade Services,Reporting Delay,Synthetic reporting package is delayed because an upstream input is incomplete.,53927.71,EUR,Medium,Resolved,Client Reporting,2026-08-03 19:14:00,2026-08-04 08:51:10.246272823,Upstream data delivery delay
EXC-000301,2026-08-04 11:24:00,PORT-1085,Derivative,Aurora Securities,Compliance Review,Synthetic control threshold requires documented analyst review before closure.,22232.24,USD,Low,Resolved,Compliance Operations,2026-08-07 11:24:00,2026-08-05 05:09:01.117613182,Policy threshold review
EXC-000302,2026-08-09 08:03:00,PORT-1041,Equity,Northstar Clearing,Reconciliation Break,Cash and position reconciliation identified a synthetic variance requiring investigation.,9477.97,USD,Low,Open,Reconciliation Operations,2026-08-12 08:03:00,,Position or cash mismatch
EXC-000303,2026-08-02 23:27:00,PORT-1004,Derivative,Cedar Exchange,Accounting Difference,Synthetic accounting control detected a ledger variance requiring review.,32740.86,USD,Medium,Open,Fund Accounting,2026-08-04 11:27:00,,Ledger posting difference
EXC-000304,2026-08-09 02:30:00,PORT-1005,Cash,Meridian Markets,Accounting Difference,Synthetic accounting control detected a ledger variance requiring review.,86353.93,USD,Low,Open,Fund Accounting,2026-08-12 02:30:00,,Ledger posting difference
EXC-000305,2026-08-06 03:45:00,PORT-1090,ETF,Cedar Exchange,Reference Data Issue,Synthetic reference-data record has a missing or inconsistent attribute.,41372.23,GBP,High,Open,Reference Data Operations,2026-08-06 19:45:00,,Security master attribute gap
EXC-000306,2026-08-02 11:05:00,PORT-1087,FX,Summit Custody,Pricing Discrepancy,Synthetic valuation check found a price difference against an independent source.,5089.96,EUR,Low,In Progress,Pricing & Valuation,2026-08-05 11:05:00,,Data mapping variance
EXC-000307,2026-08-01 04:55:00,PORT-1028,FX,Northstar Clearing,Pricing Discrepancy,Synthetic valuation check found a price difference against an independent source.,30026.68,USD,High,Open,Pricing & Valuation,2026-08-01 20:55:00,,Market data variance
EXC-000308,2026-08-05 04:41:00,PORT-1064,Cash,Cedar Exchange,Reporting Delay,Synthetic reporting package is delayed because an upstream input is incomplete.,3608.35,EUR,Medium,Escalated,Client Reporting,2026-08-06 16:41:00,,Upstream data delivery delay
EXC-000309,2026-08-01 06:26:00,PORT-1025,Fixed Income,Meridian Markets,Missing Trade Confirmation,Synthetic trade record is awaiting a counterparty confirmation within the control window.,62592.02,USD,Low,Resolved,Trade Support,2026-08-04 06:26:00,2026-08-03 14:50:50.479630478,Data mapping variance
EXC-000310,2026-07-31 22:31:00,PORT-1083,Equity,Summit Custody,Reconciliation Break,Cash and position reconciliation identified a synthetic variance requiring investigation.,12995.28,EUR,Low,In Progress,Reconciliation Operations,2026-08-03 22:31:00,,Position or cash mismatch
EXC-000311,2026-08-04 20:34:00,PORT-1071,ETF,Summit Custody,Pricing Discrepancy,Synthetic valuation check found a price difference against an independent source.,7448.16,USD,High,Escalated,Pricing & Valuation,2026-08-05 12:34:00,,Market data variance
EXC-000312,2026-08-07 14:28:00,PORT-1044,ETF,Summit Custody,Pricing Discrepancy,Synthetic valuation check found a price difference against an independent source.,63502.03,EUR,Medium,Open,Pricing & Valuation,2026-08-09 02:28:00,,Late file delivery
EXC-000313,2026-08-02 18:21:00,PORT-1091,Equity,Summit Custody,Missing Trade Confirmation,Synthetic trade record is awaiting a counterparty confirmation within the control window.,48404.44,USD,Medium,Resolved,Trade Support,2026-08-04 06:21:00,2026-08-04 17:16:23.337501573,Counterparty confirmation delay
EXC-000314,2026-08-09 04:30:00,PORT-1022,FX,Harbor Trade Services,Pricing Discrepancy,Synthetic valuation check found a price difference against an independent source.,34338.38,JPY,Low,Open,Pricing & Valuation,2026-08-12 04:30:00,,Market data variance
EXC-000315,2026-07-31 09:50:00,PORT-1098,Equity,Harbor Trade Services,Pricing Discrepancy,Synthetic valuation check found a price difference against an independent source.,268684.56,USD,Critical,In Progress,Pricing & Valuation,2026-07-31 15:50:00,,Market data variance
EXC-000316,2026-08-05 10:53:00,PORT-1029,Cash,Harbor Trade Services,Missing Trade Confirmation,Synthetic trade record is awaiting a counterparty confirmation within the control window.,52404.61,USD,Low,Open,Trade Support,2026-08-08 10:53:00,,Counterparty confirmation delay
EXC-000317,2026-08-01 18:16:00,PORT-1088,Equity,Northstar Clearing,Pricing Discrepancy,Synthetic valuation check found a price difference against an independent source.,13667.76,USD,Medium,Escalated,Pricing & Valuation,2026-08-03 06:16:00,,Market data variance
EXC-000318,2026-08-01 23:57:00,PORT-1084,Equity,Aurora Securities,Reporting Delay,Synthetic reporting package is delayed because an upstream input is incomplete.,46405.07,USD,High,Escalated,Client Reporting,2026-08-02 15:57:00,,Upstream data delivery delay
EXC-000319,2026-08-04 15:05:00,PORT-1056,Equity,Harbor Trade Services,Missing Trade Confirmation,Synthetic trade record is awaiting a counterparty confirmation within the control window.,19922.77,USD,Medium,Resolved,Trade Support,2026-08-06 03:05:00,2026-08-05 12:36:25.454670961,Counterparty confirmation delay
EXC-000320,2026-07-30 14:27:00,PORT-1012,Equity,Northstar Clearing,Failed Settlement,Synthetic settlement instruction did not complete by the expected cycle.,101731.96,USD,Critical,Open,Settlement Operations,2026-07-30 20:27:00,,Late file delivery
EXC-000321,2026-08-01 09:06:00,PORT-1074,Fixed Income,Northstar Clearing,Failed Settlement,Synthetic settlement instruction did not complete by the expected cycle.,36135.32,EUR,High,In Progress,Settlement Operations,2026-08-02 01:06:00,,Settlement instruction or funding issue
EXC-000322,2026-07-31 12:13:00,PORT-1069,Equity,Aurora Securities,Accounting Difference,Synthetic accounting control detected a ledger variance requiring review.,40091.49,USD,Medium,In Progress,Fund Accounting,2026-08-02 00:13:00,,Ledger posting difference
EXC-000323,2026-08-08 09:30:00,PORT-1085,Fixed Income,Summit Custody,Missing Trade Confirmation,Synthetic trade record is awaiting a counterparty confirmation within the control window.,5916.58,EUR,Low,In Progress,Trade Support,2026-08-11 09:30:00,,Counterparty confirmation delay
EXC-000324,2026-08-04 12:15:00,PORT-1023,Equity,Harbor Trade Services,Accounting Difference,Synthetic accounting control detected a ledger variance requiring review.,28693.31,EUR,Medium,Open,Fund Accounting,2026-08-06 00:15:00,,Ledger posting difference
EXC-000325,2026-07-30 19:32:00,PORT-1024,Fixed Income,Summit Custody,Reference Data Issue,Synthetic reference-data record has a missing or inconsistent attribute.,25359.81,USD,Low,Resolved,Reference Data Operations,2026-08-02 19:32:00,2026-08-01 06:39:51.122910837,Security master attribute gap
EXC-000326,2026-08-01 04:29:00,PORT-1035,Fixed Income,Northstar Clearing,Reporting Delay,Synthetic reporting package is delayed because an upstream input is incomplete.,9178.1,USD,High,Resolved,Client Reporting,2026-08-01 20:29:00,2026-08-01 12:49:49.931913764,Upstream data delivery delay
EXC-000327,2026-08-04 20:08:00,PORT-1037,Fixed Income,Harbor Trade Services,Reference Data Issue,Synthetic reference-data record has a missing or inconsistent attribute.,21320.48,USD,Medium,Escalated,Reference Data Operations,2026-08-06 08:08:00,,Security master attribute gap
EXC-000328,2026-08-08 15:45:00,PORT-1001,Fixed Income,Harbor Trade Services,Accounting Difference,Synthetic accounting control detected a ledger variance requiring review.,42511.93,USD,Medium,In Progress,Fund Accounting,2026-08-10 03:45:00,,Ledger posting difference
EXC-000329,2026-08-06 12:39:00,PORT-1016,Equity,Cedar Exchange,Reporting Delay,Synthetic reporting package is delayed because an upstream input is incomplete.,26780.6,GBP,Low,In Progress,Client Reporting,2026-08-09 12:39:00,,Upstream data delivery delay
EXC-000330,2026-08-03 14:54:00,PORT-1047,Equity,Northstar Clearing,Missing Trade Confirmation,Synthetic trade record is awaiting a counterparty confirmation within the control window.,6107.64,JPY,High,Resolved,Trade Support,2026-08-04 06:54:00,2026-08-04 10:17:19.268985524,Counterparty confirmation delay
EXC-000331,2026-08-02 21:45:00,PORT-1095,Equity,Summit Custody,Compliance Review,Synthetic control threshold requires documented analyst review before closure.,20193.63,EUR,Critical,Escalated,Compliance Operations,2026-08-03 03:45:00,,Policy threshold review
EXC-000332,2026-07-31 03:19:00,PORT-1013,Derivative,Cedar Exchange,Missing Trade Confirmation,Synthetic trade record is awaiting a counterparty confirmation within the control window.,16458.12,USD,Low,Resolved,Trade Support,2026-08-03 03:19:00,2026-08-01 19:32:55.126453460,Counterparty confirmation delay
EXC-000333,2026-08-08 09:56:00,PORT-1024,Cash,Aurora Securities,Reporting Delay,Synthetic reporting package is delayed because an upstream input is incomplete.,32964.59,EUR,High,Resolved,Client Reporting,2026-08-09 01:56:00,2026-08-08 21:42:39.695494561,Late file delivery
EXC-000334,2026-08-05 08:56:00,PORT-1085,Cash,Meridian Markets,Reference Data Issue,Synthetic reference-data record has a missing or inconsistent attribute.,29431.16,EUR,Medium,Open,Reference Data Operations,2026-08-06 20:56:00,,Security master attribute gap
EXC-000335,2026-08-06 14:53:00,PORT-1004,Fixed Income,Harbor Trade Services,Reconciliation Break,Cash and position reconciliation identified a synthetic variance requiring investigation.,17462.42,USD,High,In Progress,Reconciliation Operations,2026-08-07 06:53:00,,Position or cash mismatch
EXC-000336,2026-07-30 17:30:00,PORT-1010,ETF,Summit Custody,Reporting Delay,Synthetic reporting package is delayed because an upstream input is incomplete.,16760.89,GBP,Medium,Resolved,Client Reporting,2026-08-01 05:30:00,2026-08-01 03:52:31.433722139,Upstream data delivery delay
EXC-000337,2026-08-07 16:37:00,PORT-1088,Fixed Income,Harbor Trade Services,Reconciliation Break,Cash and position reconciliation identified a synthetic variance requiring investigation.,28870.73,USD,Low,In Progress,Reconciliation Operations,2026-08-10 16:37:00,,Position or cash mismatch
EXC-000338,2026-08-07 03:50:00,PORT-1025,Derivative,Meridian Markets,Compliance Review,Synthetic control threshold requires documented analyst review before closure.,73948.6,USD,High,Resolved,Compliance Operations,2026-08-07 19:50:00,2026-08-08 04:46:59.304237414,Policy threshold review
EXC-000339,2026-08-06 09:02:00,PORT-1031,Derivative,Harbor Trade Services,Reconciliation Break,Cash and position reconciliation identified a synthetic variance requiring investigation.,36046.77,USD,High,Resolved,Reconciliation Operations,2026-08-07 01:02:00,2026-08-07 06:23:56.261757715,Position or cash mismatch
EXC-000340,2026-08-08 07:02:00,PORT-1002,Derivative,Meridian Markets,Failed Settlement,Synthetic settlement instruction did not complete by the expected cycle.,119877.16,USD,Critical,Resolved,Settlement Operations,2026-08-08 13:02:00,2026-08-08 09:27:15.188439275,Settlement instruction or funding issue
EXC-000341,2026-08-02 22:25:00,PORT-1040,Derivative,Meridian Markets,Reconciliation Break,Cash and position reconciliation identified a synthetic variance requiring investigation.,88419.74,GBP,Low,Open,Reconciliation Operations,2026-08-05 22:25:00,,Position or cash mismatch
EXC-000342,2026-08-04 02:53:00,PORT-1098,Fixed Income,Aurora Securities,Failed Settlement,Synthetic settlement instruction did not complete by the expected cycle.,129510.42,USD,High,Resolved,Settlement Operations,2026-08-04 18:53:00,2026-08-05 02:25:16.447244794,Settlement instruction or funding issue
EXC-000343,2026-08-03 19:11:00,PORT-1097,Derivative,Summit Custody,Reference Data Issue,Synthetic reference-data record has a missing or inconsistent attribute.,113216.71,USD,Low,Escalated,Reference Data Operations,2026-08-06 19:11:00,,Manual processing error
EXC-000344,2026-07-31 06:33:00,PORT-1063,Derivative,Aurora Securities,Accounting Difference,Synthetic accounting control detected a ledger variance requiring review.,138842.71,USD,Medium,Open,Fund Accounting,2026-08-01 18:33:00,,Data mapping variance
EXC-000345,2026-08-05 00:40:00,PORT-1067,Fixed Income,Summit Custody,Reference Data Issue,Synthetic reference-data record has a missing or inconsistent attribute.,8016.04,USD,Medium,Open,Reference Data Operations,2026-08-06 12:40:00,,Security master attribute gap
EXC-000346,2026-08-06 05:32:00,PORT-1064,Cash,Cedar Exchange,Reference Data Issue,Synthetic reference-data record has a missing or inconsistent attribute.,53092.85,USD,Low,Resolved,Reference Data Operations,2026-08-09 05:32:00,2026-08-10 11:13:58.489582855,Manual processing error
EXC-000347,2026-08-05 13:27:00,PORT-1069,Equity,Meridian Markets,Failed Settlement,Synthetic settlement instruction did not complete by the expected cycle.,96687.23,USD,Low,Resolved,Settlement Operations,2026-08-08 13:27:00,2026-08-09 08:11:02.159066991,Settlement instruction or funding issue
EXC-000348,2026-08-01 08:02:00,PORT-1051,Cash,Cedar Exchange,Missing Trade Confirmation,Synthetic trade record is awaiting a counterparty confirmation within the control window.,116888.84,EUR,Low,In Progress,Trade Support,2026-08-04 08:02:00,,Counterparty confirmation delay
EXC-000349,2026-08-04 02:01:00,PORT-1021,Derivative,Summit Custody,Accounting Difference,Synthetic accounting control detected a ledger variance requiring review.,11977.02,USD,Critical,Resolved,Fund Accounting,2026-08-04 08:01:00,2026-08-04 07:28:54.708654263,Ledger posting difference
EXC-000350,2026-08-07 15:50:00,PORT-1086,Equity,Cedar Exchange,Reconciliation Break,Cash and position reconciliation identified a synthetic variance requiring investigation.,53650.69,GBP,Medium,Resolved,Reconciliation Operations,2026-08-09 03:50:00,2026-08-07 23:59:55.467848061,Position or cash mismatch
EXC-000351,2026-08-02 11:01:00,PORT-1087,FX,Summit Custody,Reporting Delay,Synthetic reporting package is delayed because an upstream input is incomplete.,29113.67,USD,High,In Progress,Client Reporting,2026-08-03 03:01:00,,Upstream data delivery delay
EXC-000352,2026-08-01 22:10:00,PORT-1015,Equity,Summit Custody,Reconciliation Break,Cash and position reconciliation identified a synthetic variance requiring investigation.,187102.76,EUR,Critical,Open,Reconciliation Operations,2026-08-02 04:10:00,,Position or cash mismatch
EXC-000353,2026-08-06 20:44:00,PORT-1010,Derivative,Summit Custody,Accounting Difference,Synthetic accounting control detected a ledger variance requiring review.,6268.82,GBP,High,Open,Fund Accounting,2026-08-07 12:44:00,,Manual processing error
EXC-000354,2026-08-03 18:59:00,PORT-1078,Derivative,Cedar Exchange,Accounting Difference,Synthetic accounting control detected a ledger variance requiring review.,11995.01,USD,Medium,In Progress,Fund Accounting,2026-08-05 06:59:00,,Ledger posting difference
EXC-000355,2026-08-03 16:30:00,PORT-1005,ETF,Meridian Markets,Pricing Discrepancy,Synthetic valuation check found a price difference against an independent source.,4019.19,USD,Medium,Escalated,Pricing & Valuation,2026-08-05 04:30:00,,Market data variance
EXC-000356,2026-08-07 14:13:00,PORT-1080,Derivative,Northstar Clearing,Accounting Difference,Synthetic accounting control detected a ledger variance requiring review.,31314.83,JPY,Medium,Resolved,Fund Accounting,2026-08-09 02:13:00,2026-08-09 09:43:34.951304574,Ledger posting difference
EXC-000357,2026-08-09 06:00:00,PORT-1097,Equity,Cedar Exchange,Compliance Review,Synthetic control threshold requires documented analyst review before closure.,289824.92,USD,Medium,Open,Compliance Operations,2026-08-10 18:00:00,,Policy threshold review
EXC-000358,2026-08-02 03:55:00,PORT-1004,Fixed Income,Cedar Exchange,Reference Data Issue,Synthetic reference-data record has a missing or inconsistent attribute.,25679.32,EUR,Critical,Escalated,Reference Data Operations,2026-08-02 09:55:00,,Security master attribute gap
EXC-000359,2026-08-03 04:32:00,PORT-1079,Fixed Income,Northstar Clearing,Accounting Difference,Synthetic accounting control detected a ledger variance requiring review.,29914.09,USD,High,In Progress,Fund Accounting,2026-08-03 20:32:00,,Ledger posting difference
EXC-000360,2026-08-02 04:52:00,PORT-1014,Equity,Aurora Securities,Accounting Difference,Synthetic accounting control detected a ledger variance requiring review.,47942.17,USD,Medium,In Progress,Fund Accounting,2026-08-03 16:52:00,,Data mapping variance
EXC-000361,2026-08-05 14:22:00,PORT-1029,Fixed Income,Meridian Markets,Failed Settlement,Synthetic settlement instruction did not complete by the expected cycle.,23810.81,USD,Medium,Open,Settlement Operations,2026-08-07 02:22:00,,Settlement instruction or funding issue
EXC-000362,2026-08-04 05:06:00,PORT-1054,Equity,Northstar Clearing,Reconciliation Break,Cash and position reconciliation identified a synthetic variance requiring investigation.,39510.72,GBP,High,Resolved,Reconciliation Operations,2026-08-04 21:06:00,2026-08-04 19:42:32.458795022,Position or cash mismatch
EXC-000363,2026-07-30 12:33:00,PORT-1067,Fixed Income,Summit Custody,Reconciliation Break,Cash and position reconciliation identified a synthetic variance requiring investigation.,40612.14,USD,Low,Resolved,Reconciliation Operations,2026-08-02 12:33:00,2026-08-01 07:18:53.300981181,Position or cash mismatch
EXC-000364,2026-08-07 02:10:00,PORT-1009,Fixed Income,Aurora Securities,Reconciliation Break,Cash and position reconciliation identified a synthetic variance requiring investigation.,11071.9,GBP,High,Resolved,Reconciliation Operations,2026-08-07 18:10:00,2026-08-07 04:19:47.816065610,Position or cash mismatch
EXC-000365,2026-08-02 20:06:00,PORT-1011,Derivative,Harbor Trade Services,Reporting Delay,Synthetic reporting package is delayed because an upstream input is incomplete.,24373.48,EUR,Medium,In Progress,Client Reporting,2026-08-04 08:06:00,,Upstream data delivery delay
EXC-000366,2026-08-08 01:17:00,PORT-1028,Fixed Income,Aurora Securities,Pricing Discrepancy,Synthetic valuation check found a price difference against an independent source.,58631.63,USD,High,In Progress,Pricing & Valuation,2026-08-08 17:17:00,,Market data variance
EXC-000367,2026-08-08 16:43:00,PORT-1067,Derivative,Summit Custody,Compliance Review,Synthetic control threshold requires documented analyst review before closure.,71325.2,USD,High,Open,Compliance Operations,2026-08-09 08:43:00,,Policy threshold review
EXC-000368,2026-07-30 19:18:00,PORT-1040,Fixed Income,Harbor Trade Services,Reporting Delay,Synthetic reporting package is delayed because an upstream input is incomplete.,105179.82,USD,Medium,Escalated,Client Reporting,2026-08-01 07:18:00,,Manual processing error
EXC-000369,2026-08-08 01:04:00,PORT-1028,Fixed Income,Summit Custody,Missing Trade Confirmation,Synthetic trade record is awaiting a counterparty confirmation within the control window.,38261.82,USD,Low,Open,Trade Support,2026-08-11 01:04:00,,Counterparty confirmation delay
EXC-000370,2026-08-02 18:44:00,PORT-1016,Fixed Income,Meridian Markets,Failed Settlement,Synthetic settlement instruction did not complete by the expected cycle.,39088.16,EUR,High,Resolved,Settlement Operations,2026-08-03 10:44:00,2026-08-03 02:18:33.884577858,Manual processing error
EXC-000371,2026-08-04 04:33:00,PORT-1095,Fixed Income,Cedar Exchange,Compliance Review,Synthetic control threshold requires documented analyst review before closure.,59141.85,USD,Medium,Resolved,Compliance Operations,2026-08-05 16:33:00,2026-08-05 18:13:53.093931862,Late file delivery
EXC-000372,2026-08-01 06:13:00,PORT-1070,Equity,Aurora Securities,Missing Trade Confirmation,Synthetic trade record is awaiting a counterparty confirmation within the control window.,14407.31,USD,Medium,Open,Trade Support,2026-08-02 18:13:00,,Counterparty confirmation delay
EXC-000373,2026-08-03 21:07:00,PORT-1097,Fixed Income,Harbor Trade Services,Pricing Discrepancy,Synthetic valuation check found a price difference against an independent source.,13800.11,EUR,Medium,In Progress,Pricing & Valuation,2026-08-05 09:07:00,,Market data variance
EXC-000374,2026-08-02 09:19:00,PORT-1049,Equity,Aurora Securities,Missing Trade Confirmation,Synthetic trade record is awaiting a counterparty confirmation within the control window.,23599.06,EUR,Medium,Open,Trade Support,2026-08-03 21:19:00,,Late file delivery
EXC-000375,2026-07-31 10:00:00,PORT-1081,Fixed Income,Meridian Markets,Reconciliation Break,Cash and position reconciliation identified a synthetic variance requiring investigation.,7053.16,USD,High,Resolved,Reconciliation Operations,2026-08-01 02:00:00,2026-07-31 14:40:09.354840262,Data mapping variance
EXC-000376,2026-08-01 00:27:00,PORT-1063,ETF,Northstar Clearing,Reconciliation Break,Cash and position reconciliation identified a synthetic variance requiring investigation.,41243.38,USD,Low,Escalated,Reconciliation Operations,2026-08-04 00:27:00,,Late file delivery
EXC-000377,2026-08-02 03:08:00,PORT-1052,Fixed Income,Aurora Securities,Failed Settlement,Synthetic settlement instruction did not complete by the expected cycle.,80945.89,USD,Medium,In Progress,Settlement Operations,2026-08-03 15:08:00,,Settlement instruction or funding issue
EXC-000378,2026-08-07 18:11:00,PORT-1047,Derivative,Summit Custody,Pricing Discrepancy,Synthetic valuation check found a price difference against an independent source.,12764.9,EUR,High,Escalated,Pricing & Valuation,2026-08-08 10:11:00,,Market data variance
EXC-000379,2026-08-07 16:03:00,PORT-1050,Equity,Meridian Markets,Pricing Discrepancy,Synthetic valuation check found a price difference against an independent source.,42485.01,USD,Low,Open,Pricing & Valuation,2026-08-10 16:03:00,,Manual processing error
EXC-000380,2026-08-04 08:33:00,PORT-1041,Cash,Cedar Exchange,Compliance Review,Synthetic control threshold requires documented analyst review before closure.,13896.78,USD,Medium,In Progress,Compliance Operations,2026-08-05 20:33:00,,Policy threshold review
EXC-000381,2026-08-02 17:54:00,PORT-1063,Derivative,Northstar Clearing,Accounting Difference,Synthetic accounting control detected a ledger variance requiring review.,9252.01,USD,High,Escalated,Fund Accounting,2026-08-03 09:54:00,,Ledger posting difference
EXC-000382,2026-08-02 15:50:00,PORT-1049,Cash,Harbor Trade Services,Failed Settlement,Synthetic settlement instruction did not complete by the expected cycle.,232894.09,EUR,Critical,Escalated,Settlement Operations,2026-08-02 21:50:00,,Settlement instruction or funding issue
EXC-000383,2026-08-01 11:40:00,PORT-1096,Derivative,Cedar Exchange,Reference Data Issue,Synthetic reference-data record has a missing or inconsistent attribute.,9392.39,EUR,Medium,In Progress,Reference Data Operations,2026-08-02 23:40:00,,Security master attribute gap
EXC-000384,2026-08-08 07:44:00,PORT-1089,Equity,Harbor Trade Services,Pricing Discrepancy,Synthetic valuation check found a price difference against an independent source.,7021.38,USD,High,Resolved,Pricing & Valuation,2026-08-08 23:44:00,2026-08-09 01:41:52.739776276,Market data variance
EXC-000385,2026-08-07 14:51:00,PORT-1046,ETF,Northstar Clearing,Pricing Discrepancy,Synthetic valuation check found a price difference against an independent source.,33706.67,GBP,Medium,Resolved,Pricing & Valuation,2026-08-09 02:51:00,2026-08-09 16:19:03.139148339,Market data variance
EXC-000386,2026-08-07 20:53:00,PORT-1039,Equity,Northstar Clearing,Failed Settlement,Synthetic settlement instruction did not complete by the expected cycle.,35665.8,GBP,Medium,Resolved,Settlement Operations,2026-08-09 08:53:00,2026-08-08 18:43:42.946827909,Settlement instruction or funding issue
EXC-000387,2026-08-03 22:55:00,PORT-1075,Derivative,Cedar Exchange,Compliance Review,Synthetic control threshold requires documented analyst review before closure.,54208.54,USD,Critical,Resolved,Compliance Operations,2026-08-04 04:55:00,2026-08-04 00:23:21.458107907,Policy threshold review
EXC-000388,2026-08-03 00:16:00,PORT-1063,ETF,Northstar Clearing,Failed Settlement,Synthetic settlement instruction did not complete by the expected cycle.,219979.46,EUR,Critical,Open,Settlement Operations,2026-08-03 06:16:00,,Settlement instruction or funding issue
EXC-000389,2026-08-08 05:02:00,PORT-1023,Equity,Northstar Clearing,Reconciliation Break,Cash and position reconciliation identified a synthetic variance requiring investigation.,11896.67,USD,Medium,Open,Reconciliation Operations,2026-08-09 17:02:00,,Position or cash mismatch
EXC-000390,2026-07-31 15:36:00,PORT-1082,Cash,Meridian Markets,Reference Data Issue,Synthetic reference-data record has a missing or inconsistent attribute.,14656.53,JPY,Medium,Resolved,Reference Data Operations,2026-08-02 03:36:00,2026-08-01 03:36:52.593756034,Security master attribute gap
EXC-000391,2026-08-06 08:24:00,PORT-1067,Equity,Northstar Clearing,Reporting Delay,Synthetic reporting package is delayed because an upstream input is incomplete.,145691.37,USD,Medium,In Progress,Client Reporting,2026-08-07 20:24:00,,Upstream data delivery delay
EXC-000392,2026-08-02 17:37:00,PORT-1061,ETF,Meridian Markets,Reconciliation Break,Cash and position reconciliation identified a synthetic variance requiring investigation.,72119.52,USD,Low,Open,Reconciliation Operations,2026-08-05 17:37:00,,Position or cash mismatch
EXC-000393,2026-08-01 19:53:00,PORT-1077,FX,Meridian Markets,Accounting Difference,Synthetic accounting control detected a ledger variance requiring review.,62322.97,USD,High,In Progress,Fund Accounting,2026-08-02 11:53:00,,Ledger posting difference
EXC-000394,2026-08-09 00:06:00,PORT-1023,Equity,Meridian Markets,Reporting Delay,Synthetic reporting package is delayed because an upstream input is incomplete.,14481.65,USD,High,In Progress,Client Reporting,2026-08-09 16:06:00,,Upstream data delivery delay
EXC-000395,2026-07-31 17:20:00,PORT-1079,ETF,Summit Custody,Reconciliation Break,Cash and position reconciliation identified a synthetic variance requiring investigation.,87744.34,EUR,Medium,In Progress,Reconciliation Operations,2026-08-02 05:20:00,,Data mapping variance
EXC-000396,2026-07-30 15:41:00,PORT-1012,Derivative,Cedar Exchange,Pricing Discrepancy,Synthetic valuation check found a price difference against an independent source.,62526.26,USD,Medium,In Progress,Pricing & Valuation,2026-08-01 03:41:00,,Market data variance
EXC-000397,2026-07-30 18:26:00,PORT-1078,Equity,Meridian Markets,Reference Data Issue,Synthetic reference-data record has a missing or inconsistent attribute.,32827.25,USD,Medium,In Progress,Reference Data Operations,2026-08-01 06:26:00,,Security master attribute gap
EXC-000398,2026-08-07 22:54:00,PORT-1058,ETF,Summit Custody,Missing Trade Confirmation,Synthetic trade record is awaiting a counterparty confirmation within the control window.,14556.98,USD,Low,Open,Trade Support,2026-08-10 22:54:00,,Counterparty confirmation delay
EXC-000399,2026-08-05 10:17:00,PORT-1058,Equity,Northstar Clearing,Pricing Discrepancy,Synthetic valuation check found a price difference against an independent source.,30092.47,GBP,High,Resolved,Pricing & Valuation,2026-08-06 02:17:00,2026-08-05 20:57:53.798406436,Market data variance
EXC-000400,2026-08-07 00:32:00,PORT-1072,FX,Harbor Trade Services,Pricing Discrepancy,Synthetic valuation check found a price difference against an independent source.,151889.91,GBP,Medium,Resolved,Pricing & Valuation,2026-08-08 12:32:00,2026-08-09 01:39:26.251110963,Market data variance
EXC-000401,2026-08-04 20:16:00,PORT-1031,Equity,Northstar Clearing,Missing Trade Confirmation,Synthetic trade record is awaiting a counterparty confirmation within the control window.,8529.91,USD,Medium,Open,Trade Support,2026-08-06 08:16:00,,Counterparty confirmation delay
EXC-000402,2026-07-30 14:38:00,PORT-1076,Cash,Northstar Clearing,Failed Settlement,Synthetic settlement instruction did not complete by the expected cycle.,11616.84,USD,Medium,In Progress,Settlement Operations,2026-08-01 02:38:00,,Settlement instruction or funding issue
EXC-000403,2026-08-01 16:52:00,PORT-1003,Derivative,Harbor Trade Services,Reference Data Issue,Synthetic reference-data record has a missing or inconsistent attribute.,13916.18,USD,Critical,In Progress,Reference Data Operations,2026-08-01 22:52:00,,Security master attribute gap
EXC-000404,2026-08-01 15:24:00,PORT-1068,Equity,Harbor Trade Services,Reconciliation Break,Cash and position reconciliation identified a synthetic variance requiring investigation.,17476.94,GBP,Low,Resolved,Reconciliation Operations,2026-08-04 15:24:00,2026-08-04 21:54:43.717548805,Late file delivery
EXC-000405,2026-08-05 02:43:00,PORT-1078,Fixed Income,Northstar Clearing,Failed Settlement,Synthetic settlement instruction did not complete by the expected cycle.,26462.3,EUR,Medium,Resolved,Settlement Operations,2026-08-06 14:43:00,2026-08-07 06:50:23.705965696,Settlement instruction or funding issue
EXC-000406,2026-07-30 23:34:00,PORT-1001,ETF,Harbor Trade Services,Reference Data Issue,Synthetic reference-data record has a missing or inconsistent attribute.,73607.31,EUR,Medium,Resolved,Reference Data Operations,2026-08-01 11:34:00,2026-08-02 10:39:34.963309400,Security master attribute gap
EXC-000407,2026-07-31 04:13:00,PORT-1069,FX,Meridian Markets,Missing Trade Confirmation,Synthetic trade record is awaiting a counterparty confirmation within the control window.,43672.98,GBP,Low,Resolved,Trade Support,2026-08-03 04:13:00,2026-08-01 11:10:16.894480937,Counterparty confirmation delay
EXC-000408,2026-08-01 06:28:00,PORT-1076,Fixed Income,Harbor Trade Services,Reference Data Issue,Synthetic reference-data record has a missing or inconsistent attribute.,28677.93,USD,Medium,Open,Reference Data Operations,2026-08-02 18:28:00,,Security master attribute gap
EXC-000409,2026-08-01 04:39:00,PORT-1052,Equity,Harbor Trade Services,Reconciliation Break,Cash and position reconciliation identified a synthetic variance requiring investigation.,35984.48,EUR,Medium,In Progress,Reconciliation Operations,2026-08-02 16:39:00,,Position or cash mismatch
EXC-000410,2026-08-02 19:42:00,PORT-1060,Equity,Northstar Clearing,Failed Settlement,Synthetic settlement instruction did not complete by the expected cycle.,51802.34,USD,Low,Open,Settlement Operations,2026-08-05 19:42:00,,Settlement instruction or funding issue
EXC-000411,2026-08-08 10:06:00,PORT-1006,Cash,Northstar Clearing,Reporting Delay,Synthetic reporting package is delayed because an upstream input is incomplete.,4601.83,USD,Low,In Progress,Client Reporting,2026-08-11 10:06:00,,Late file delivery
EXC-000412,2026-08-06 12:19:00,PORT-1097,Fixed Income,Northstar Clearing,Reporting Delay,Synthetic reporting package is delayed because an upstream input is incomplete.,82881.19,USD,High,In Progress,Client Reporting,2026-08-07 04:19:00,,Upstream data delivery delay
EXC-000413,2026-08-01 16:01:00,PORT-1095,Derivative,Summit Custody,Reconciliation Break,Cash and position reconciliation identified a synthetic variance requiring investigation.,11296.71,USD,Medium,Resolved,Reconciliation Operations,2026-08-03 04:01:00,2026-08-03 10:36:26.752948521,Position or cash mismatch
EXC-000414,2026-08-06 01:38:00,PORT-1075,Fixed Income,Meridian Markets,Failed Settlement,Synthetic settlement instruction did not complete by the expected cycle.,16887.25,JPY,Medium,Open,Settlement Operations,2026-08-07 13:38:00,,Late file delivery
EXC-000415,2026-08-07 14:51:00,PORT-1002,Cash,Cedar Exchange,Reconciliation Break,Cash and position reconciliation identified a synthetic variance requiring investigation.,38463.19,USD,Medium,Resolved,Reconciliation Operations,2026-08-09 02:51:00,2026-08-08 20:51:56.663422079,Position or cash mismatch
EXC-000416,2026-07-30 20:48:00,PORT-1043,Equity,Meridian Markets,Missing Trade Confirmation,Synthetic trade record is awaiting a counterparty confirmation within the control window.,24855.24,GBP,High,In Progress,Trade Support,2026-07-31 12:48:00,,Counterparty confirmation delay
EXC-000417,2026-08-04 10:40:00,PORT-1081,Equity,Meridian Markets,Reconciliation Break,Cash and position reconciliation identified a synthetic variance requiring investigation.,44858.89,EUR,High,In Progress,Reconciliation Operations,2026-08-05 02:40:00,,Late file delivery
EXC-000418,2026-07-31 18:06:00,PORT-1067,Cash,Aurora Securities,Compliance Review,Synthetic control threshold requires documented analyst review before closure.,31223.28,EUR,Critical,Resolved,Compliance Operations,2026-08-01 00:06:00,2026-07-31 23:21:00.462958170,Policy threshold review
EXC-000419,2026-08-06 12:24:00,PORT-1089,Cash,Harbor Trade Services,Reconciliation Break,Cash and position reconciliation identified a synthetic variance requiring investigation.,19854.8,JPY,Medium,Open,Reconciliation Operations,2026-08-08 00:24:00,,Position or cash mismatch
EXC-000420,2026-08-05 17:33:00,PORT-1061,Fixed Income,Cedar Exchange,Failed Settlement,Synthetic settlement instruction did not complete by the expected cycle.,133946.54,USD,Critical,In Progress,Settlement Operations,2026-08-05 23:33:00,,Settlement instruction or funding issue
EXC-000421,2026-08-05 21:50:00,PORT-1070,Fixed Income,Aurora Securities,Reporting Delay,Synthetic reporting package is delayed because an upstream input is incomplete.,56583.28,USD,Medium,In Progress,Client Reporting,2026-08-07 09:50:00,,Upstream data delivery delay
EXC-000422,2026-08-05 14:53:00,PORT-1034,Fixed Income,Meridian Markets,Reconciliation Break,Cash and position reconciliation identified a synthetic variance requiring investigation.,36946.39,USD,Medium,Resolved,Reconciliation Operations,2026-08-07 02:53:00,2026-08-06 13:08:10.885349264,Late file delivery
EXC-000423,2026-08-04 22:52:00,PORT-1080,Fixed Income,Aurora Securities,Reconciliation Break,Cash and position reconciliation identified a synthetic variance requiring investigation.,55667.17,USD,Medium,Open,Reconciliation Operations,2026-08-06 10:52:00,,Position or cash mismatch
EXC-000424,2026-08-06 08:35:00,PORT-1053,Equity,Northstar Clearing,Reconciliation Break,Cash and position reconciliation identified a synthetic variance requiring investigation.,12828.24,GBP,Low,Escalated,Reconciliation Operations,2026-08-09 08:35:00,,Position or cash mismatch
EXC-000425,2026-08-01 04:40:00,PORT-1079,Derivative,Aurora Securities,Reporting Delay,Synthetic reporting package is delayed because an upstream input is incomplete.,263948.77,USD,Medium,Escalated,Client Reporting,2026-08-02 16:40:00,,Upstream data delivery delay
EXC-000426,2026-08-06 01:46:00,PORT-1021,Equity,Meridian Markets,Reference Data Issue,Synthetic reference-data record has a missing or inconsistent attribute.,8586.8,USD,Medium,Resolved,Reference Data Operations,2026-08-07 13:46:00,2026-08-07 00:57:08.062087803,Security master attribute gap
EXC-000427,2026-08-04 22:40:00,PORT-1027,FX,Harbor Trade Services,Missing Trade Confirmation,Synthetic trade record is awaiting a counterparty confirmation within the control window.,30297.7,USD,Low,In Progress,Trade Support,2026-08-07 22:40:00,,Counterparty confirmation delay
EXC-000428,2026-07-31 18:09:00,PORT-1009,Equity,Northstar Clearing,Reference Data Issue,Synthetic reference-data record has a missing or inconsistent attribute.,19915.48,USD,Medium,Resolved,Reference Data Operations,2026-08-02 06:09:00,2026-08-02 11:43:10.594983896,Security master attribute gap
EXC-000429,2026-08-04 23:44:00,PORT-1067,Equity,Cedar Exchange,Reconciliation Break,Cash and position reconciliation identified a synthetic variance requiring investigation.,19136.73,EUR,High,Open,Reconciliation Operations,2026-08-05 15:44:00,,Data mapping variance
EXC-000430,2026-08-09 05:28:00,PORT-1072,FX,Summit Custody,Reference Data Issue,Synthetic reference-data record has a missing or inconsistent attribute.,16697.77,USD,Medium,Resolved,Reference Data Operations,2026-08-10 17:28:00,2026-08-10 19:58:49.768844963,Security master attribute gap
EXC-000431,2026-08-09 08:12:00,PORT-1028,Fixed Income,Harbor Trade Services,Failed Settlement,Synthetic settlement instruction did not complete by the expected cycle.,11964.56,EUR,High,Resolved,Settlement Operations,2026-08-10 00:12:00,2026-08-09 17:55:01.082672254,Settlement instruction or funding issue
EXC-000432,2026-08-04 23:52:00,PORT-1038,FX,Summit Custody,Compliance Review,Synthetic control threshold requires documented analyst review before closure.,93691.18,EUR,Critical,Open,Compliance Operations,2026-08-05 05:52:00,,Policy threshold review
EXC-000433,2026-08-02 20:46:00,PORT-1056,Equity,Aurora Securities,Reporting Delay,Synthetic reporting package is delayed because an upstream input is incomplete.,7593.61,GBP,High,In Progress,Client Reporting,2026-08-03 12:46:00,,Data mapping variance
EXC-000434,2026-07-30 21:55:00,PORT-1075,Cash,Summit Custody,Reference Data Issue,Synthetic reference-data record has a missing or inconsistent attribute.,75564.52,USD,High,Resolved,Reference Data Operations,2026-07-31 13:55:00,2026-07-31 02:44:22.299213688,Security master attribute gap
EXC-000435,2026-08-08 00:28:00,PORT-1030,Derivative,Northstar Clearing,Reconciliation Break,Cash and position reconciliation identified a synthetic variance requiring investigation.,53154.85,EUR,Low,Resolved,Reconciliation Operations,2026-08-11 00:28:00,2026-08-11 00:48:20.616755537,Position or cash mismatch
EXC-000436,2026-08-03 22:02:00,PORT-1048,Derivative,Harbor Trade Services,Missing Trade Confirmation,Synthetic trade record is awaiting a counterparty confirmation within the control window.,18034.9,USD,Critical,Resolved,Trade Support,2026-08-04 04:02:00,2026-08-04 05:32:27.570408399,Counterparty confirmation delay
EXC-000437,2026-08-06 11:13:00,PORT-1019,Equity,Northstar Clearing,Reconciliation Break,Cash and position reconciliation identified a synthetic variance requiring investigation.,47062.78,USD,Low,In Progress,Reconciliation Operations,2026-08-09 11:13:00,,Position or cash mismatch
EXC-000438,2026-08-04 20:18:00,PORT-1080,Fixed Income,Cedar Exchange,Accounting Difference,Synthetic accounting control detected a ledger variance requiring review.,22792.94,EUR,Medium,Resolved,Fund Accounting,2026-08-06 08:18:00,2026-08-06 07:23:19.997538054,Ledger posting difference
EXC-000439,2026-08-04 21:36:00,PORT-1086,Fixed Income,Cedar Exchange,Compliance Review,Synthetic control threshold requires documented analyst review before closure.,8467.1,EUR,Critical,Resolved,Compliance Operations,2026-08-05 03:36:00,2026-08-04 22:21:12.647456395,Policy threshold review
EXC-000440,2026-08-06 05:45:00,PORT-1073,ETF,Aurora Securities,Reporting Delay,Synthetic reporting package is delayed because an upstream input is incomplete.,8561.62,USD,Medium,Resolved,Client Reporting,2026-08-07 17:45:00,2026-08-07 01:37:11.778337405,Upstream data delivery delay
EXC-000441,2026-08-09 03:52:00,PORT-1080,Fixed Income,Meridian Markets,Reference Data Issue,Synthetic reference-data record has a missing or inconsistent attribute.,53541.57,GBP,Medium,In Progress,Reference Data Operations,2026-08-10 15:52:00,,Late file delivery
EXC-000442,2026-08-08 15:01:00,PORT-1075,Equity,Cedar Exchange,Reconciliation Break,Cash and position reconciliation identified a synthetic variance requiring investigation.,50703.43,USD,Medium,Resolved,Reconciliation Operations,2026-08-10 03:01:00,2026-08-10 14:13:14.940097547,Position or cash mismatch
EXC-000443,2026-08-04 03:02:00,PORT-1082,Fixed Income,Summit Custody,Compliance Review,Synthetic control threshold requires documented analyst review before closure.,34686.71,EUR,Low,Resolved,Compliance Operations,2026-08-07 03:02:00,2026-08-07 21:28:20.797055827,Policy threshold review
EXC-000444,2026-08-07 02:30:00,PORT-1043,Equity,Meridian Markets,Reconciliation Break,Cash and position reconciliation identified a synthetic variance requiring investigation.,17834.81,JPY,Low,Open,Reconciliation Operations,2026-08-10 02:30:00,,Position or cash mismatch
EXC-000445,2026-08-06 01:46:00,PORT-1021,Fixed Income,Northstar Clearing,Missing Trade Confirmation,Synthetic trade record is awaiting a counterparty confirmation within the control window.,22027.5,USD,Low,In Progress,Trade Support,2026-08-09 01:46:00,,Counterparty confirmation delay
EXC-000446,2026-08-08 10:29:00,PORT-1095,Equity,Meridian Markets,Compliance Review,Synthetic control threshold requires documented analyst review before closure.,19113.86,GBP,Low,Open,Compliance Operations,2026-08-11 10:29:00,,Policy threshold review
EXC-000447,2026-08-08 20:38:00,PORT-1001,Equity,Meridian Markets,Failed Settlement,Synthetic settlement instruction did not complete by the expected cycle.,4297.16,EUR,Medium,In Progress,Settlement Operations,2026-08-10 08:38:00,,Settlement instruction or funding issue
EXC-000448,2026-08-08 01:40:00,PORT-1040,FX,Northstar Clearing,Reporting Delay,Synthetic reporting package is delayed because an upstream input is incomplete.,28690.34,GBP,Medium,Resolved,Client Reporting,2026-08-09 13:40:00,2026-08-08 06:33:36.228155947,Manual processing error
EXC-000449,2026-08-05 13:53:00,PORT-1072,Fixed Income,Meridian Markets,Reconciliation Break,Cash and position reconciliation identified a synthetic variance requiring investigation.,46563.75,EUR,Medium,Open,Reconciliation Operations,2026-08-07 01:53:00,,Position or cash mismatch
EXC-000450,2026-08-07 17:12:00,PORT-1078,Fixed Income,Cedar Exchange,Reporting Delay,Synthetic reporting package is delayed because an upstream input is incomplete.,28882.44,EUR,High,Resolved,Client Reporting,2026-08-08 09:12:00,2026-08-08 06:37:58.266400689,Upstream data delivery delay
EXC-000451,2026-08-07 00:47:00,PORT-1068,ETF,Summit Custody,Reconciliation Break,Cash and position reconciliation identified a synthetic variance requiring investigation.,172405.86,USD,Low,Open,Reconciliation Operations,2026-08-10 00:47:00,,Position or cash mismatch
EXC-000452,2026-08-06 07:44:00,PORT-1048,Derivative,Meridian Markets,Failed Settlement,Synthetic settlement instruction did not complete by the expected cycle.,9369.45,EUR,Medium,Resolved,Settlement Operations,2026-08-07 19:44:00,2026-08-07 12:08:26.945818490,Settlement instruction or funding issue
EXC-000453,2026-08-06 10:55:00,PORT-1091,Fixed Income,Harbor Trade Services,Compliance Review,Synthetic control threshold requires documented analyst review before closure.,13437.99,USD,High,Resolved,Compliance Operations,2026-08-07 02:55:00,2026-08-07 04:48:16.253129768,Policy threshold review
EXC-000454,2026-08-09 06:25:00,PORT-1024,ETF,Harbor Trade Services,Reconciliation Break,Cash and position reconciliation identified a synthetic variance requiring investigation.,30935.82,JPY,High,Resolved,Reconciliation Operations,2026-08-09 22:25:00,2026-08-09 11:23:46.240970848,Position or cash mismatch
EXC-000455,2026-08-08 03:29:00,PORT-1014,Cash,Northstar Clearing,Reconciliation Break,Cash and position reconciliation identified a synthetic variance requiring investigation.,34750.71,USD,Medium,Resolved,Reconciliation Operations,2026-08-09 15:29:00,2026-08-09 18:01:51.183697759,Position or cash mismatch
EXC-000456,2026-07-30 19:37:00,PORT-1062,ETF,Harbor Trade Services,Reconciliation Break,Cash and position reconciliation identified a synthetic variance requiring investigation.,3654.56,USD,Low,Open,Reconciliation Operations,2026-08-02 19:37:00,,Position or cash mismatch
EXC-000457,2026-08-02 16:05:00,PORT-1032,Cash,Cedar Exchange,Failed Settlement,Synthetic settlement instruction did not complete by the expected cycle.,50657.01,GBP,High,Resolved,Settlement Operations,2026-08-03 08:05:00,2026-08-03 17:11:01.991280753,Settlement instruction or funding issue
EXC-000458,2026-08-08 02:57:00,PORT-1046,Derivative,Aurora Securities,Pricing Discrepancy,Synthetic valuation check found a price difference against an independent source.,34917.13,USD,High,Resolved,Pricing & Valuation,2026-08-08 18:57:00,2026-08-08 13:58:13.542986572,Market data variance
EXC-000459,2026-08-06 12:19:00,PORT-1045,Equity,Meridian Markets,Reference Data Issue,Synthetic reference-data record has a missing or inconsistent attribute.,2906.3,USD,Medium,Open,Reference Data Operations,2026-08-08 00:19:00,,Security master attribute gap
EXC-000460,2026-08-05 12:30:00,PORT-1026,Fixed Income,Meridian Markets,Reporting Delay,Synthetic reporting package is delayed because an upstream input is incomplete.,23800.34,EUR,Medium,Escalated,Client Reporting,2026-08-07 00:30:00,,Data mapping variance
EXC-000461,2026-07-31 07:13:00,PORT-1098,FX,Meridian Markets,Accounting Difference,Synthetic accounting control detected a ledger variance requiring review.,11510.69,USD,Low,Open,Fund Accounting,2026-08-03 07:13:00,,Data mapping variance
EXC-000462,2026-07-31 13:04:00,PORT-1038,Cash,Summit Custody,Reconciliation Break,Cash and position reconciliation identified a synthetic variance requiring investigation.,16714.14,USD,Medium,Resolved,Reconciliation Operations,2026-08-02 01:04:00,2026-08-01 11:58:05.729344918,Position or cash mismatch
EXC-000463,2026-08-01 16:01:00,PORT-1066,Fixed Income,Summit Custody,Failed Settlement,Synthetic settlement instruction did not complete by the expected cycle.,6601.12,USD,High,Open,Settlement Operations,2026-08-02 08:01:00,,Settlement instruction or funding issue
EXC-000464,2026-08-08 07:11:00,PORT-1016,Equity,Meridian Markets,Missing Trade Confirmation,Synthetic trade record is awaiting a counterparty confirmation within the control window.,41647.56,USD,High,Resolved,Trade Support,2026-08-08 23:11:00,2026-08-08 09:47:43.688274564,Counterparty confirmation delay
EXC-000465,2026-08-04 10:48:00,PORT-1098,ETF,Cedar Exchange,Accounting Difference,Synthetic accounting control detected a ledger variance requiring review.,171076.35,USD,Medium,Open,Fund Accounting,2026-08-05 22:48:00,,Manual processing error
EXC-000466,2026-08-04 11:27:00,PORT-1097,Equity,Summit Custody,Reporting Delay,Synthetic reporting package is delayed because an upstream input is incomplete.,35535.05,USD,Medium,Open,Client Reporting,2026-08-05 23:27:00,,Upstream data delivery delay
EXC-000467,2026-08-02 22:35:00,PORT-1007,Derivative,Meridian Markets,Reporting Delay,Synthetic reporting package is delayed because an upstream input is incomplete.,2786.79,USD,High,In Progress,Client Reporting,2026-08-03 14:35:00,,Upstream data delivery delay
EXC-000468,2026-07-31 21:55:00,PORT-1064,Fixed Income,Summit Custody,Failed Settlement,Synthetic settlement instruction did not complete by the expected cycle.,36310.99,USD,Medium,Escalated,Settlement Operations,2026-08-02 09:55:00,,Late file delivery
EXC-000469,2026-08-06 03:19:00,PORT-1059,FX,Harbor Trade Services,Reconciliation Break,Cash and position reconciliation identified a synthetic variance requiring investigation.,21930.4,USD,High,In Progress,Reconciliation Operations,2026-08-06 19:19:00,,Position or cash mismatch
EXC-000470,2026-08-03 18:35:00,PORT-1018,Derivative,Harbor Trade Services,Accounting Difference,Synthetic accounting control detected a ledger variance requiring review.,8467.04,EUR,Medium,Resolved,Fund Accounting,2026-08-05 06:35:00,2026-08-04 02:03:52.751450154,Ledger posting difference
EXC-000471,2026-08-06 17:11:00,PORT-1076,FX,Northstar Clearing,Pricing Discrepancy,Synthetic valuation check found a price difference against an independent source.,38999.54,EUR,Medium,Resolved,Pricing & Valuation,2026-08-08 05:11:00,2026-08-09 00:48:51.637356800,Market data variance
EXC-000472,2026-08-07 05:32:00,PORT-1075,FX,Summit Custody,Pricing Discrepancy,Synthetic valuation check found a price difference against an independent source.,67761.74,USD,Medium,Resolved,Pricing & Valuation,2026-08-08 17:32:00,2026-08-09 15:35:02.310146463,Market data variance
EXC-000473,2026-08-06 05:03:00,PORT-1083,Derivative,Cedar Exchange,Reconciliation Break,Cash and position reconciliation identified a synthetic variance requiring investigation.,13334.13,USD,Medium,In Progress,Reconciliation Operations,2026-08-07 17:03:00,,Position or cash mismatch
EXC-000474,2026-08-01 23:55:00,PORT-1059,Derivative,Cedar Exchange,Reconciliation Break,Cash and position reconciliation identified a synthetic variance requiring investigation.,4789.02,GBP,Critical,Resolved,Reconciliation Operations,2026-08-02 05:55:00,2026-08-02 00:41:18.446916028,Position or cash mismatch
EXC-000475,2026-08-04 23:00:00,PORT-1070,Derivative,Aurora Securities,Missing Trade Confirmation,Synthetic trade record is awaiting a counterparty confirmation within the control window.,3254.34,EUR,Medium,Escalated,Trade Support,2026-08-06 11:00:00,,Late file delivery
EXC-000476,2026-08-02 12:59:00,PORT-1071,Equity,Northstar Clearing,Missing Trade Confirmation,Synthetic trade record is awaiting a counterparty confirmation within the control window.,13373.5,USD,Medium,In Progress,Trade Support,2026-08-04 00:59:00,,Counterparty confirmation delay
EXC-000477,2026-08-02 11:17:00,PORT-1076,ETF,Cedar Exchange,Pricing Discrepancy,Synthetic valuation check found a price difference against an independent source.,22850.34,USD,Medium,In Progress,Pricing & Valuation,2026-08-03 23:17:00,,Market data variance
EXC-000478,2026-08-05 17:53:00,PORT-1058,Equity,Cedar Exchange,Reporting Delay,Synthetic reporting package is delayed because an upstream input is incomplete.,15649.5,USD,Medium,Resolved,Client Reporting,2026-08-07 05:53:00,2026-08-07 23:48:45.973645613,Upstream data delivery delay
EXC-000479,2026-07-30 19:02:00,PORT-1073,Derivative,Summit Custody,Reporting Delay,Synthetic reporting package is delayed because an upstream input is incomplete.,13128.67,GBP,Medium,In Progress,Client Reporting,2026-08-01 07:02:00,,Upstream data delivery delay
EXC-000480,2026-08-08 20:36:00,PORT-1006,FX,Harbor Trade Services,Pricing Discrepancy,Synthetic valuation check found a price difference against an independent source.,48839.49,JPY,High,In Progress,Pricing & Valuation,2026-08-09 12:36:00,,Market data variance
EXC-000481,2026-07-31 08:58:00,PORT-1061,Fixed Income,Summit Custody,Pricing Discrepancy,Synthetic valuation check found a price difference against an independent source.,43737.77,JPY,Medium,In Progress,Pricing & Valuation,2026-08-01 20:58:00,,Data mapping variance
EXC-000482,2026-08-09 06:29:00,PORT-1020,Equity,Cedar Exchange,Missing Trade Confirmation,Synthetic trade record is awaiting a counterparty confirmation within the control window.,33175.7,USD,Medium,Resolved,Trade Support,2026-08-10 18:29:00,2026-08-09 20:23:06.186563638,Counterparty confirmation delay
EXC-000483,2026-08-05 13:09:00,PORT-1040,Fixed Income,Aurora Securities,Accounting Difference,Synthetic accounting control detected a ledger variance requiring review.,63405.9,USD,Medium,Escalated,Fund Accounting,2026-08-07 01:09:00,,Ledger posting difference
EXC-000484,2026-08-01 02:07:00,PORT-1076,FX,Meridian Markets,Missing Trade Confirmation,Synthetic trade record is awaiting a counterparty confirmation within the control window.,13505.84,USD,Low,Resolved,Trade Support,2026-08-04 02:07:00,2026-08-04 00:35:45.395209892,Counterparty confirmation delay
EXC-000485,2026-08-02 12:24:00,PORT-1012,Equity,Meridian Markets,Reconciliation Break,Cash and position reconciliation identified a synthetic variance requiring investigation.,8524.61,USD,High,Resolved,Reconciliation Operations,2026-08-03 04:24:00,2026-08-03 06:55:15.203308741,Position or cash mismatch
EXC-000486,2026-08-06 02:42:00,PORT-1074,Equity,Meridian Markets,Pricing Discrepancy,Synthetic valuation check found a price difference against an independent source.,15545.86,USD,Medium,In Progress,Pricing & Valuation,2026-08-07 14:42:00,,Market data variance
EXC-000487,2026-07-31 12:22:00,PORT-1026,Derivative,Northstar Clearing,Pricing Discrepancy,Synthetic valuation check found a price difference against an independent source.,14459.86,EUR,Medium,Open,Pricing & Valuation,2026-08-02 00:22:00,,Market data variance
EXC-000488,2026-08-07 23:09:00,PORT-1074,Derivative,Meridian Markets,Missing Trade Confirmation,Synthetic trade record is awaiting a counterparty confirmation within the control window.,3121.74,USD,High,Open,Trade Support,2026-08-08 15:09:00,,Manual processing error
EXC-000489,2026-08-02 15:32:00,PORT-1076,Equity,Northstar Clearing,Accounting Difference,Synthetic accounting control detected a ledger variance requiring review.,15171.18,JPY,High,Open,Fund Accounting,2026-08-03 07:32:00,,Ledger posting difference
EXC-000490,2026-08-04 03:50:00,PORT-1002,Fixed Income,Aurora Securities,Accounting Difference,Synthetic accounting control detected a ledger variance requiring review.,85827.36,USD,High,Open,Fund Accounting,2026-08-04 19:50:00,,Ledger posting difference
EXC-000491,2026-08-07 06:53:00,PORT-1023,Cash,Aurora Securities,Compliance Review,Synthetic control threshold requires documented analyst review before closure.,62373.52,USD,Medium,Resolved,Compliance Operations,2026-08-08 18:53:00,2026-08-08 06:58:49.033599636,Policy threshold review
EXC-000492,2026-07-31 03:38:00,PORT-1079,FX,Meridian Markets,Reporting Delay,Synthetic reporting package is delayed because an upstream input is incomplete.,46697.37,GBP,Medium,Open,Client Reporting,2026-08-01 15:38:00,,Upstream data delivery delay
EXC-000493,2026-08-01 16:40:00,PORT-1034,FX,Summit Custody,Reporting Delay,Synthetic reporting package is delayed because an upstream input is incomplete.,30890.34,EUR,High,Open,Client Reporting,2026-08-02 08:40:00,,Upstream data delivery delay
EXC-000494,2026-08-09 05:33:00,PORT-1044,Fixed Income,Cedar Exchange,Missing Trade Confirmation,Synthetic trade record is awaiting a counterparty confirmation within the control window.,123172.79,USD,Medium,Open,Trade Support,2026-08-10 17:33:00,,Counterparty confirmation delay
EXC-000495,2026-08-08 11:47:00,PORT-1002,Fixed Income,Meridian Markets,Reference Data Issue,Synthetic reference-data record has a missing or inconsistent attribute.,8838.07,EUR,Medium,Open,Reference Data Operations,2026-08-09 23:47:00,,Security master attribute gap
EXC-000496,2026-08-08 19:00:00,PORT-1068,Equity,Cedar Exchange,Accounting Difference,Synthetic accounting control detected a ledger variance requiring review.,9768.63,USD,Medium,Open,Fund Accounting,2026-08-10 07:00:00,,Ledger posting difference
EXC-000497,2026-08-05 05:19:00,PORT-1010,FX,Meridian Markets,Pricing Discrepancy,Synthetic valuation check found a price difference against an independent source.,87597.7,USD,High,Open,Pricing & Valuation,2026-08-05 21:19:00,,Market data variance
EXC-000498,2026-08-05 04:04:00,PORT-1027,Equity,Harbor Trade Services,Reporting Delay,Synthetic reporting package is delayed because an upstream input is incomplete.,27694.39,USD,Low,In Progress,Client Reporting,2026-08-08 04:04:00,,Upstream data delivery delay
EXC-000499,2026-08-02 02:44:00,PORT-1047,Equity,Northstar Clearing,Pricing Discrepancy,Synthetic valuation check found a price difference against an independent source.,13296.59,USD,Medium,Resolved,Pricing & Valuation,2026-08-03 14:44:00,2026-08-03 12:11:23.990741031,Market data variance
EXC-000500,2026-08-02 14:11:00,PORT-1076,FX,Harbor Trade Services,Accounting Difference,Synthetic accounting control detected a ledger variance requiring review.,48027.11,EUR,Low,Resolved,Fund Accounting,2026-08-05 14:11:00,2026-08-05 19:57:12.170809878,Ledger posting difference
EXC-000501,2026-08-09 04:46:00,PORT-1049,Cash,Meridian Markets,Compliance Review,Synthetic control threshold requires documented analyst review before closure.,16976.91,USD,Medium,Resolved,Compliance Operations,2026-08-10 16:46:00,2026-08-09 19:46:05.258052411,Data mapping variance
EXC-000502,2026-08-04 14:18:00,PORT-1097,Derivative,Summit Custody,Failed Settlement,Synthetic settlement instruction did not complete by the expected cycle.,11165.66,EUR,Critical,Resolved,Settlement Operations,2026-08-04 20:18:00,2026-08-05 00:08:50.192830163,Settlement instruction or funding issue
EXC-000503,2026-08-01 12:23:00,PORT-1052,Fixed Income,Meridian Markets,Failed Settlement,Synthetic settlement instruction did not complete by the expected cycle.,10844.15,GBP,Medium,Resolved,Settlement Operations,2026-08-03 00:23:00,2026-08-02 03:55:59.321414574,Settlement instruction or funding issue
EXC-000504,2026-07-31 09:05:00,PORT-1025,Fixed Income,Harbor Trade Services,Accounting Difference,Synthetic accounting control detected a ledger variance requiring review.,37707.97,USD,Medium,Escalated,Fund Accounting,2026-08-01 21:05:00,,Late file delivery
EXC-000505,2026-08-06 10:13:00,PORT-1019,Fixed Income,Aurora Securities,Accounting Difference,Synthetic accounting control detected a ledger variance requiring review.,33393.16,USD,High,Resolved,Fund Accounting,2026-08-07 02:13:00,2026-08-06 12:23:23.108215902,Ledger posting difference
EXC-000506,2026-08-08 21:34:00,PORT-1077,Fixed Income,Summit Custody,Reference Data Issue,Synthetic reference-data record has a missing or inconsistent attribute.,132267.82,USD,High,Resolved,Reference Data Operations,2026-08-09 13:34:00,2026-08-09 22:36:09.912533007,Security master attribute gap
EXC-000507,2026-08-07 20:04:00,PORT-1046,ETF,Aurora Securities,Missing Trade Confirmation,Synthetic trade record is awaiting a counterparty confirmation within the control window.,19839.03,GBP,Medium,In Progress,Trade Support,2026-08-09 08:04:00,,Counterparty confirmation delay
EXC-000508,2026-08-05 23:01:00,PORT-1060,Fixed Income,Summit Custody,Reference Data Issue,Synthetic reference-data record has a missing or inconsistent attribute.,19486.81,EUR,Critical,In Progress,Reference Data Operations,2026-08-06 05:01:00,,Security master attribute gap
EXC-000509,2026-08-04 22:02:00,PORT-1037,ETF,Summit Custody,Accounting Difference,Synthetic accounting control detected a ledger variance requiring review.,121980.35,EUR,Medium,In Progress,Fund Accounting,2026-08-06 10:02:00,,Ledger posting difference
EXC-000510,2026-08-05 20:07:00,PORT-1027,Derivative,Meridian Markets,Reconciliation Break,Cash and position reconciliation identified a synthetic variance requiring investigation.,75729.96,USD,High,Open,Reconciliation Operations,2026-08-06 12:07:00,,Position or cash mismatch
EXC-000511,2026-08-08 10:31:00,PORT-1059,Cash,Harbor Trade Services,Reconciliation Break,Cash and position reconciliation identified a synthetic variance requiring investigation.,31324.11,USD,Low,Resolved,Reconciliation Operations,2026-08-11 10:31:00,2026-08-10 18:25:45.747097898,Position or cash mismatch
EXC-000512,2026-08-05 22:42:00,PORT-1029,Equity,Harbor Trade Services,Reference Data Issue,Synthetic reference-data record has a missing or inconsistent attribute.,5223.57,USD,Medium,Open,Reference Data Operations,2026-08-07 10:42:00,,Security master attribute gap
EXC-000513,2026-08-06 11:17:00,PORT-1098,Fixed Income,Summit Custody,Reconciliation Break,Cash and position reconciliation identified a synthetic variance requiring investigation.,11470.71,USD,Medium,Resolved,Reconciliation Operations,2026-08-07 23:17:00,2026-08-07 13:33:33.506826493,Position or cash mismatch
EXC-000514,2026-08-04 11:14:00,PORT-1072,Equity,Cedar Exchange,Missing Trade Confirmation,Synthetic trade record is awaiting a counterparty confirmation within the control window.,8894.61,EUR,Low,Resolved,Trade Support,2026-08-07 11:14:00,2026-08-06 02:14:28.628792100,Counterparty confirmation delay
EXC-000515,2026-08-08 14:22:00,PORT-1081,Fixed Income,Northstar Clearing,Missing Trade Confirmation,Synthetic trade record is awaiting a counterparty confirmation within the control window.,27952.85,USD,Medium,In Progress,Trade Support,2026-08-10 02:22:00,,Counterparty confirmation delay
EXC-000516,2026-08-01 11:11:00,PORT-1028,Fixed Income,Summit Custody,Reconciliation Break,Cash and position reconciliation identified a synthetic variance requiring investigation.,15775.95,USD,Low,Open,Reconciliation Operations,2026-08-04 11:11:00,,Position or cash mismatch
EXC-000517,2026-08-05 03:47:00,PORT-1003,Equity,Cedar Exchange,Missing Trade Confirmation,Synthetic trade record is awaiting a counterparty confirmation within the control window.,144791.51,USD,Medium,In Progress,Trade Support,2026-08-06 15:47:00,,Counterparty confirmation delay
EXC-000518,2026-08-06 03:30:00,PORT-1005,Derivative,Cedar Exchange,Compliance Review,Synthetic control threshold requires documented analyst review before closure.,5166.71,USD,Low,In Progress,Compliance Operations,2026-08-09 03:30:00,,Policy threshold review
EXC-000519,2026-07-31 06:58:00,PORT-1085,Fixed Income,Summit Custody,Reconciliation Break,Cash and position reconciliation identified a synthetic variance requiring investigation.,7947.35,EUR,Low,Escalated,Reconciliation Operations,2026-08-03 06:58:00,,Position or cash mismatch
EXC-000520,2026-08-01 22:22:00,PORT-1086,Cash,Northstar Clearing,Reference Data Issue,Synthetic reference-data record has a missing or inconsistent attribute.,34782.17,USD,Critical,Resolved,Reference Data Operations,2026-08-02 04:22:00,2026-08-01 23:19:25.693516594,Security master attribute gap
EXC-000521,2026-08-08 00:24:00,PORT-1067,Equity,Northstar Clearing,Reference Data Issue,Synthetic reference-data record has a missing or inconsistent attribute.,46513.96,JPY,High,Resolved,Reference Data Operations,2026-08-08 16:24:00,2026-08-08 08:47:47.865746205,Security master attribute gap
EXC-000522,2026-08-07 21:02:00,PORT-1058,Equity,Summit Custody,Pricing Discrepancy,Synthetic valuation check found a price difference against an independent source.,1778.47,GBP,Critical,Escalated,Pricing & Valuation,2026-08-08 03:02:00,,Market data variance
EXC-000523,2026-08-09 08:11:00,PORT-1021,Fixed Income,Cedar Exchange,Reconciliation Break,Cash and position reconciliation identified a synthetic variance requiring investigation.,4349.51,GBP,Medium,Resolved,Reconciliation Operations,2026-08-10 20:11:00,2026-08-10 10:09:58.738326723,Position or cash mismatch
EXC-000524,2026-08-03 17:52:00,PORT-1075,Equity,Northstar Clearing,Reporting Delay,Synthetic reporting package is delayed because an upstream input is incomplete.,20398.49,EUR,Low,Resolved,Client Reporting,2026-08-06 17:52:00,2026-08-06 11:49:34.092198569,Upstream data delivery delay
EXC-000525,2026-08-05 19:19:00,PORT-1051,Equity,Aurora Securities,Reconciliation Break,Cash and position reconciliation identified a synthetic variance requiring investigation.,111730.59,EUR,Medium,Open,Reconciliation Operations,2026-08-07 07:19:00,,Position or cash mismatch
EXC-000526,2026-08-05 14:13:00,PORT-1060,Cash,Cedar Exchange,Pricing Discrepancy,Synthetic valuation check found a price difference against an independent source.,195272.04,EUR,Medium,Open,Pricing & Valuation,2026-08-07 02:13:00,,Market data variance
EXC-000527,2026-08-04 05:53:00,PORT-1003,Equity,Northstar Clearing,Failed Settlement,Synthetic settlement instruction did not complete by the expected cycle.,17409.61,USD,Low,Open,Settlement Operations,2026-08-07 05:53:00,,Settlement instruction or funding issue
EXC-000528,2026-08-03 23:10:00,PORT-1051,Equity,Summit Custody,Failed Settlement,Synthetic settlement instruction did not complete by the expected cycle.,22489.88,USD,High,In Progress,Settlement Operations,2026-08-04 15:10:00,,Settlement instruction or funding issue
EXC-000529,2026-08-09 08:05:00,PORT-1068,ETF,Harbor Trade Services,Compliance Review,Synthetic control threshold requires documented analyst review before closure.,11173.4,EUR,Medium,Resolved,Compliance Operations,2026-08-10 20:05:00,2026-08-10 13:36:37.357119547,Policy threshold review
EXC-000530,2026-08-08 07:13:00,PORT-1076,Fixed Income,Aurora Securities,Missing Trade Confirmation,Synthetic trade record is awaiting a counterparty confirmation within the control window.,52306.02,USD,High,Resolved,Trade Support,2026-08-08 23:13:00,2026-08-09 06:39:19.702912540,Counterparty confirmation delay
EXC-000531,2026-08-01 11:23:00,PORT-1015,ETF,Meridian Markets,Reporting Delay,Synthetic reporting package is delayed because an upstream input is incomplete.,133914.4,USD,Medium,In Progress,Client Reporting,2026-08-02 23:23:00,,Upstream data delivery delay
EXC-000532,2026-07-30 20:06:00,PORT-1004,Fixed Income,Harbor Trade Services,Compliance Review,Synthetic control threshold requires documented analyst review before closure.,100591.37,GBP,Medium,Escalated,Compliance Operations,2026-08-01 08:06:00,,Policy threshold review
EXC-000533,2026-08-01 00:07:00,PORT-1084,Derivative,Harbor Trade Services,Pricing Discrepancy,Synthetic valuation check found a price difference against an independent source.,26096.31,USD,Medium,Open,Pricing & Valuation,2026-08-02 12:07:00,,Market data variance
EXC-000534,2026-07-31 06:33:00,PORT-1031,Equity,Meridian Markets,Reporting Delay,Synthetic reporting package is delayed because an upstream input is incomplete.,11153.87,USD,Critical,Open,Client Reporting,2026-07-31 12:33:00,,Late file delivery
EXC-000535,2026-08-04 16:33:00,PORT-1047,Fixed Income,Northstar Clearing,Reconciliation Break,Cash and position reconciliation identified a synthetic variance requiring investigation.,27135.74,EUR,Medium,Escalated,Reconciliation Operations,2026-08-06 04:33:00,,Position or cash mismatch
EXC-000536,2026-08-01 02:01:00,PORT-1062,FX,Harbor Trade Services,Missing Trade Confirmation,Synthetic trade record is awaiting a counterparty confirmation within the control window.,114671.41,USD,Low,Escalated,Trade Support,2026-08-04 02:01:00,,Counterparty confirmation delay
EXC-000537,2026-07-31 13:09:00,PORT-1049,Derivative,Northstar Clearing,Accounting Difference,Synthetic accounting control detected a ledger variance requiring review.,17667.06,GBP,Low,Resolved,Fund Accounting,2026-08-03 13:09:00,2026-08-05 02:10:55.551324810,Ledger posting difference
EXC-000538,2026-07-31 10:01:00,PORT-1093,Fixed Income,Meridian Markets,Reconciliation Break,Cash and position reconciliation identified a synthetic variance requiring investigation.,3999.0,USD,Medium,Open,Reconciliation Operations,2026-08-01 22:01:00,,Position or cash mismatch
EXC-000539,2026-08-07 20:50:00,PORT-1083,ETF,Cedar Exchange,Reconciliation Break,Cash and position reconciliation identified a synthetic variance requiring investigation.,18434.7,GBP,Critical,Escalated,Reconciliation Operations,2026-08-08 02:50:00,,Position or cash mismatch
EXC-000540,2026-08-07 21:03:00,PORT-1039,Equity,Summit Custody,Reference Data Issue,Synthetic reference-data record has a missing or inconsistent attribute.,20070.83,GBP,High,Resolved,Reference Data Operations,2026-08-08 13:03:00,2026-08-08 06:44:02.228949775,Security master attribute gap
EXC-000541,2026-08-05 07:41:00,PORT-1019,Equity,Northstar Clearing,Failed Settlement,Synthetic settlement instruction did not complete by the expected cycle.,3974.43,USD,High,Resolved,Settlement Operations,2026-08-05 23:41:00,2026-08-06 09:05:35.627249056,Settlement instruction or funding issue
EXC-000542,2026-08-04 07:29:00,PORT-1096,Equity,Summit Custody,Accounting Difference,Synthetic accounting control detected a ledger variance requiring review.,34325.34,USD,Critical,Open,Fund Accounting,2026-08-04 13:29:00,,Ledger posting difference
EXC-000543,2026-07-30 19:02:00,PORT-1070,FX,Aurora Securities,Reference Data Issue,Synthetic reference-data record has a missing or inconsistent attribute.,45766.37,USD,High,Resolved,Reference Data Operations,2026-07-31 11:02:00,2026-07-31 18:07:36.918720622,Security master attribute gap
EXC-000544,2026-08-06 04:19:00,PORT-1075,Fixed Income,Harbor Trade Services,Failed Settlement,Synthetic settlement instruction did not complete by the expected cycle.,189640.84,USD,Medium,Resolved,Settlement Operations,2026-08-07 16:19:00,2026-08-08 11:43:50.852501042,Late file delivery
EXC-000545,2026-08-01 01:19:00,PORT-1046,FX,Northstar Clearing,Reconciliation Break,Cash and position reconciliation identified a synthetic variance requiring investigation.,6640.91,USD,Medium,Resolved,Reconciliation Operations,2026-08-02 13:19:00,2026-08-02 20:32:28.938006911,Position or cash mismatch
EXC-000546,2026-07-31 11:34:00,PORT-1048,Equity,Northstar Clearing,Pricing Discrepancy,Synthetic valuation check found a price difference against an independent source.,57933.29,JPY,Low,Resolved,Pricing & Valuation,2026-08-03 11:34:00,2026-08-01 18:02:53.854538669,Market data variance
EXC-000547,2026-07-30 17:02:00,PORT-1018,Derivative,Cedar Exchange,Pricing Discrepancy,Synthetic valuation check found a price difference against an independent source.,74248.88,USD,Medium,Resolved,Pricing & Valuation,2026-08-01 05:02:00,2026-07-31 08:06:23.328550524,Manual processing error
EXC-000548,2026-08-07 11:07:00,PORT-1043,Derivative,Northstar Clearing,Reconciliation Break,Cash and position reconciliation identified a synthetic variance requiring investigation.,46425.4,GBP,Medium,Resolved,Reconciliation Operations,2026-08-08 23:07:00,2026-08-09 17:29:06.701140788,Position or cash mismatch
EXC-000549,2026-08-06 21:49:00,PORT-1054,Equity,Meridian Markets,Compliance Review,Synthetic control threshold requires documented analyst review before closure.,9347.44,USD,Low,Resolved,Compliance Operations,2026-08-09 21:49:00,2026-08-09 14:18:46.060318961,Policy threshold review
EXC-000550,2026-08-07 03:29:00,PORT-1013,Equity,Aurora Securities,Pricing Discrepancy,Synthetic valuation check found a price difference against an independent source.,8794.02,JPY,Critical,Escalated,Pricing & Valuation,2026-08-07 09:29:00,,Market data variance
EXC-000551,2026-08-02 00:01:00,PORT-1063,Equity,Meridian Markets,Pricing Discrepancy,Synthetic valuation check found a price difference against an independent source.,29793.83,USD,Critical,Escalated,Pricing & Valuation,2026-08-02 06:01:00,,Market data variance
EXC-000552,2026-08-02 12:08:00,PORT-1061,Derivative,Summit Custody,Reconciliation Break,Cash and position reconciliation identified a synthetic variance requiring investigation.,29575.05,USD,Medium,Open,Reconciliation Operations,2026-08-04 00:08:00,,Position or cash mismatch
EXC-000553,2026-08-05 06:35:00,PORT-1083,Equity,Harbor Trade Services,Reconciliation Break,Cash and position reconciliation identified a synthetic variance requiring investigation.,14951.91,USD,High,Resolved,Reconciliation Operations,2026-08-05 22:35:00,2026-08-06 06:18:07.102844844,Position or cash mismatch
EXC-000554,2026-08-08 11:22:00,PORT-1006,ETF,Northstar Clearing,Failed Settlement,Synthetic settlement instruction did not complete by the expected cycle.,104424.42,USD,Critical,Open,Settlement Operations,2026-08-08 17:22:00,,Settlement instruction or funding issue
EXC-000555,2026-08-04 03:36:00,PORT-1023,Fixed Income,Northstar Clearing,Reconciliation Break,Cash and position reconciliation identified a synthetic variance requiring investigation.,17662.71,GBP,Low,Open,Reconciliation Operations,2026-08-07 03:36:00,,Data mapping variance
EXC-000556,2026-08-02 00:55:00,PORT-1043,Derivative,Aurora Securities,Missing Trade Confirmation,Synthetic trade record is awaiting a counterparty confirmation within the control window.,3683.48,USD,Medium,Escalated,Trade Support,2026-08-03 12:55:00,,Counterparty confirmation delay
EXC-000557,2026-08-04 15:25:00,PORT-1087,Fixed Income,Northstar Clearing,Missing Trade Confirmation,Synthetic trade record is awaiting a counterparty confirmation within the control window.,21263.36,USD,Medium,Resolved,Trade Support,2026-08-06 03:25:00,2026-08-06 11:25:27.997868691,Counterparty confirmation delay
EXC-000558,2026-08-06 16:13:00,PORT-1024,Fixed Income,Northstar Clearing,Accounting Difference,Synthetic accounting control detected a ledger variance requiring review.,44546.42,USD,Medium,Open,Fund Accounting,2026-08-08 04:13:00,,Ledger posting difference
EXC-000559,2026-08-03 09:46:00,PORT-1096,Cash,Cedar Exchange,Accounting Difference,Synthetic accounting control detected a ledger variance requiring review.,38524.87,EUR,Low,In Progress,Fund Accounting,2026-08-06 09:46:00,,Ledger posting difference
EXC-000560,2026-08-02 17:41:00,PORT-1094,Equity,Summit Custody,Accounting Difference,Synthetic accounting control detected a ledger variance requiring review.,38213.1,USD,Low,Resolved,Fund Accounting,2026-08-05 17:41:00,2026-08-04 01:44:01.279603983,Data mapping variance
EXC-000561,2026-08-03 11:15:00,PORT-1010,Derivative,Summit Custody,Reconciliation Break,Cash and position reconciliation identified a synthetic variance requiring investigation.,129144.66,USD,Low,In Progress,Reconciliation Operations,2026-08-06 11:15:00,,Position or cash mismatch
EXC-000562,2026-07-31 14:47:00,PORT-1036,Equity,Cedar Exchange,Missing Trade Confirmation,Synthetic trade record is awaiting a counterparty confirmation within the control window.,8345.43,USD,High,In Progress,Trade Support,2026-08-01 06:47:00,,Counterparty confirmation delay
EXC-000563,2026-08-06 04:27:00,PORT-1026,Fixed Income,Meridian Markets,Reference Data Issue,Synthetic reference-data record has a missing or inconsistent attribute.,17242.05,USD,Low,In Progress,Reference Data Operations,2026-08-09 04:27:00,,Security master attribute gap
EXC-000564,2026-08-03 05:45:00,PORT-1048,Derivative,Aurora Securities,Reporting Delay,Synthetic reporting package is delayed because an upstream input is incomplete.,136258.18,USD,Medium,Open,Client Reporting,2026-08-04 17:45:00,,Upstream data delivery delay
EXC-000565,2026-07-31 18:44:00,PORT-1091,FX,Summit Custody,Reporting Delay,Synthetic reporting package is delayed because an upstream input is incomplete.,3409.37,JPY,Medium,Resolved,Client Reporting,2026-08-02 06:44:00,2026-08-01 20:14:45.255200642,Upstream data delivery delay
EXC-000566,2026-08-07 05:15:00,PORT-1037,FX,Cedar Exchange,Reporting Delay,Synthetic reporting package is delayed because an upstream input is incomplete.,25428.37,USD,Medium,Open,Client Reporting,2026-08-08 17:15:00,,Manual processing error
EXC-000567,2026-08-06 12:48:00,PORT-1065,Equity,Aurora Securities,Compliance Review,Synthetic control threshold requires documented analyst review before closure.,97769.42,EUR,Medium,In Progress,Compliance Operations,2026-08-08 00:48:00,,Policy threshold review
EXC-000568,2026-08-08 20:44:00,PORT-1014,Fixed Income,Summit Custody,Reconciliation Break,Cash and position reconciliation identified a synthetic variance requiring investigation.,96251.23,USD,Low,Open,Reconciliation Operations,2026-08-11 20:44:00,,Position or cash mismatch
EXC-000569,2026-08-05 15:20:00,PORT-1056,Fixed Income,Harbor Trade Services,Pricing Discrepancy,Synthetic valuation check found a price difference against an independent source.,53805.03,USD,Medium,Open,Pricing & Valuation,2026-08-07 03:20:00,,Market data variance
EXC-000570,2026-08-08 22:08:00,PORT-1035,ETF,Aurora Securities,Accounting Difference,Synthetic accounting control detected a ledger variance requiring review.,55254.84,USD,Medium,Open,Fund Accounting,2026-08-10 10:08:00,,Ledger posting difference
EXC-000571,2026-08-01 20:34:00,PORT-1090,Fixed Income,Harbor Trade Services,Missing Trade Confirmation,Synthetic trade record is awaiting a counterparty confirmation within the control window.,9017.53,USD,High,Resolved,Trade Support,2026-08-02 12:34:00,2026-08-02 22:10:44.500549503,Late file delivery
EXC-000572,2026-08-08 10:27:00,PORT-1077,Fixed Income,Northstar Clearing,Reference Data Issue,Synthetic reference-data record has a missing or inconsistent attribute.,113758.83,USD,Medium,Open,Reference Data Operations,2026-08-09 22:27:00,,Security master attribute gap
EXC-000573,2026-08-02 10:16:00,PORT-1022,Fixed Income,Meridian Markets,Accounting Difference,Synthetic accounting control detected a ledger variance requiring review.,7630.7,USD,Medium,In Progress,Fund Accounting,2026-08-03 22:16:00,,Ledger posting difference
EXC-000574,2026-08-03 12:43:00,PORT-1061,Equity,Aurora Securities,Compliance Review,Synthetic control threshold requires documented analyst review before closure.,8123.91,USD,Critical,Open,Compliance Operations,2026-08-03 18:43:00,,Policy threshold review
EXC-000575,2026-07-30 10:56:00,PORT-1034,Fixed Income,Northstar Clearing,Reference Data Issue,Synthetic reference-data record has a missing or inconsistent attribute.,40427.59,JPY,Medium,Resolved,Reference Data Operations,2026-07-31 22:56:00,2026-07-30 16:19:55.026601109,Security master attribute gap
EXC-000576,2026-08-05 20:51:00,PORT-1043,Equity,Aurora Securities,Accounting Difference,Synthetic accounting control detected a ledger variance requiring review.,16031.88,USD,Medium,In Progress,Fund Accounting,2026-08-07 08:51:00,,Ledger posting difference
EXC-000577,2026-08-05 21:56:00,PORT-1046,Derivative,Cedar Exchange,Failed Settlement,Synthetic settlement instruction did not complete by the expected cycle.,33424.07,USD,Low,Escalated,Settlement Operations,2026-08-08 21:56:00,,Settlement instruction or funding issue
EXC-000578,2026-08-06 21:34:00,PORT-1081,ETF,Aurora Securities,Accounting Difference,Synthetic accounting control detected a ledger variance requiring review.,42289.98,USD,Medium,Resolved,Fund Accounting,2026-08-08 09:34:00,2026-08-08 17:14:45.405044933,Manual processing error
EXC-000579,2026-08-04 00:00:00,PORT-1029,Equity,Summit Custody,Reference Data Issue,Synthetic reference-data record has a missing or inconsistent attribute.,174035.61,USD,High,Resolved,Reference Data Operations,2026-08-04 16:00:00,2026-08-05 01:52:49.897143843,Late file delivery
EXC-000580,2026-08-07 03:51:00,PORT-1001,FX,Harbor Trade Services,Pricing Discrepancy,Synthetic valuation check found a price difference against an independent source.,42421.51,EUR,Low,Resolved,Pricing & Valuation,2026-08-10 03:51:00,2026-08-07 23:57:46.179226608,Market data variance
EXC-000581,2026-08-08 04:46:00,PORT-1019,Derivative,Meridian Markets,Accounting Difference,Synthetic accounting control detected a ledger variance requiring review.,14052.27,USD,Low,Open,Fund Accounting,2026-08-11 04:46:00,,Ledger posting difference
EXC-000582,2026-07-30 20:53:00,PORT-1082,Equity,Northstar Clearing,Accounting Difference,Synthetic accounting control detected a ledger variance requiring review.,54737.94,EUR,High,Escalated,Fund Accounting,2026-07-31 12:53:00,,Ledger posting difference
EXC-000583,2026-08-02 13:34:00,PORT-1030,Equity,Aurora Securities,Reconciliation Break,Cash and position reconciliation identified a synthetic variance requiring investigation.,11233.53,USD,Medium,Escalated,Reconciliation Operations,2026-08-04 01:34:00,,Data mapping variance
EXC-000584,2026-08-08 04:12:00,PORT-1006,Equity,Meridian Markets,Pricing Discrepancy,Synthetic valuation check found a price difference against an independent source.,70179.62,USD,High,In Progress,Pricing & Valuation,2026-08-08 20:12:00,,Market data variance
EXC-000585,2026-08-03 03:30:00,PORT-1040,Equity,Summit Custody,Failed Settlement,Synthetic settlement instruction did not complete by the expected cycle.,28792.19,JPY,Critical,Resolved,Settlement Operations,2026-08-03 09:30:00,2026-08-03 06:43:00.819870284,Settlement instruction or funding issue
EXC-000586,2026-08-06 06:46:00,PORT-1086,Derivative,Meridian Markets,Reporting Delay,Synthetic reporting package is delayed because an upstream input is incomplete.,40969.0,USD,Critical,Open,Client Reporting,2026-08-06 12:46:00,,Late file delivery
EXC-000587,2026-08-07 12:29:00,PORT-1086,Cash,Cedar Exchange,Reconciliation Break,Cash and position reconciliation identified a synthetic variance requiring investigation.,4147.72,GBP,Medium,Resolved,Reconciliation Operations,2026-08-09 00:29:00,2026-08-08 22:55:58.137673631,Late file delivery
EXC-000588,2026-08-04 15:04:00,PORT-1093,Equity,Meridian Markets,Missing Trade Confirmation,Synthetic trade record is awaiting a counterparty confirmation within the control window.,2531.88,USD,Medium,Resolved,Trade Support,2026-08-06 03:04:00,2026-08-06 17:51:40.459993037,Counterparty confirmation delay
EXC-000589,2026-08-01 10:58:00,PORT-1068,Derivative,Aurora Securities,Reconciliation Break,Cash and position reconciliation identified a synthetic variance requiring investigation.,5560.84,JPY,Medium,Escalated,Reconciliation Operations,2026-08-02 22:58:00,,Late file delivery
EXC-000590,2026-08-09 08:24:00,PORT-1081,Equity,Aurora Securities,Reconciliation Break,Cash and position reconciliation identified a synthetic variance requiring investigation.,168225.29,USD,Medium,Open,Reconciliation Operations,2026-08-10 20:24:00,,Position or cash mismatch
EXC-000591,2026-08-05 18:31:00,PORT-1076,ETF,Aurora Securities,Failed Settlement,Synthetic settlement instruction did not complete by the expected cycle.,8058.14,USD,Medium,Resolved,Settlement Operations,2026-08-07 06:31:00,2026-08-07 02:44:07.225646383,Settlement instruction or funding issue
EXC-000592,2026-07-31 02:38:00,PORT-1002,Derivative,Meridian Markets,Pricing Discrepancy,Synthetic valuation check found a price difference against an independent source.,58042.18,EUR,Medium,Resolved,Pricing & Valuation,2026-08-01 14:38:00,2026-07-31 10:14:09.180966459,Market data variance
EXC-000593,2026-08-05 10:09:00,PORT-1041,Fixed Income,Cedar Exchange,Missing Trade Confirmation,Synthetic trade record is awaiting a counterparty confirmation within the control window.,13711.59,USD,Low,Open,Trade Support,2026-08-08 10:09:00,,Counterparty confirmation delay
EXC-000594,2026-08-08 09:23:00,PORT-1052,Equity,Harbor Trade Services,Accounting Difference,Synthetic accounting control detected a ledger variance requiring review.,20909.7,USD,Low,Resolved,Fund Accounting,2026-08-11 09:23:00,2026-08-09 08:02:02.250209375,Ledger posting difference
EXC-000595,2026-08-05 01:45:00,PORT-1046,ETF,Northstar Clearing,Reconciliation Break,Cash and position reconciliation identified a synthetic variance requiring investigation.,25669.11,JPY,Low,Resolved,Reconciliation Operations,2026-08-08 01:45:00,2026-08-07 03:48:14.117438143,Position or cash mismatch
EXC-000596,2026-08-02 12:46:00,PORT-1082,Cash,Summit Custody,Missing Trade Confirmation,Synthetic trade record is awaiting a counterparty confirmation within the control window.,151140.83,USD,Low,Resolved,Trade Support,2026-08-05 12:46:00,2026-08-04 08:56:15.890237263,Counterparty confirmation delay
EXC-000597,2026-07-30 08:55:00,PORT-1097,Equity,Aurora Securities,Compliance Review,Synthetic control threshold requires documented analyst review before closure.,49698.54,EUR,Critical,Escalated,Compliance Operations,2026-07-30 14:55:00,,Policy threshold review
EXC-000598,2026-08-03 02:17:00,PORT-1054,Equity,Northstar Clearing,Reporting Delay,Synthetic reporting package is delayed because an upstream input is incomplete.,40307.18,EUR,Low,Open,Client Reporting,2026-08-06 02:17:00,,Upstream data delivery delay
EXC-000599,2026-08-08 19:31:00,PORT-1010,Equity,Meridian Markets,Failed Settlement,Synthetic settlement instruction did not complete by the expected cycle.,104980.86,GBP,Critical,Open,Settlement Operations,2026-08-09 01:31:00,,Settlement instruction or funding issue
EXC-000600,2026-08-01 06:01:00,PORT-1036,ETF,Harbor Trade Services,Reporting Delay,Synthetic reporting package is delayed because an upstream input is incomplete.,13837.58,GBP,Critical,Open,Client Reporting,2026-08-01 12:01:00,,Upstream data delivery delay
EXC-000601,2026-08-01 12:43:00,PORT-1020,ETF,Summit Custody,Pricing Discrepancy,Synthetic valuation check found a price difference against an independent source.,82599.6,USD,Medium,Open,Pricing & Valuation,2026-08-03 00:43:00,,Market data variance
EXC-000602,2026-08-02 19:35:00,PORT-1047,Derivative,Northstar Clearing,Compliance Review,Synthetic control threshold requires documented analyst review before closure.,69311.61,USD,Medium,In Progress,Compliance Operations,2026-08-04 07:35:00,,Policy threshold review
EXC-000603,2026-07-31 08:54:00,PORT-1023,Derivative,Cedar Exchange,Failed Settlement,Synthetic settlement instruction did not complete by the expected cycle.,68486.66,USD,Critical,Resolved,Settlement Operations,2026-07-31 14:54:00,2026-07-31 11:38:11.939403210,Settlement instruction or funding issue
EXC-000604,2026-08-01 16:21:00,PORT-1008,Derivative,Cedar Exchange,Compliance Review,Synthetic control threshold requires documented analyst review before closure.,22862.02,EUR,Medium,In Progress,Compliance Operations,2026-08-03 04:21:00,,Policy threshold review
EXC-000605,2026-08-07 00:33:00,PORT-1017,Derivative,Cedar Exchange,Failed Settlement,Synthetic settlement instruction did not complete by the expected cycle.,16997.46,GBP,Medium,Resolved,Settlement Operations,2026-08-08 12:33:00,2026-08-09 03:08:39.446840808,Settlement instruction or funding issue
EXC-000606,2026-08-05 02:46:00,PORT-1049,Equity,Cedar Exchange,Reference Data Issue,Synthetic reference-data record has a missing or inconsistent attribute.,10793.35,USD,High,In Progress,Reference Data Operations,2026-08-05 18:46:00,,Security master attribute gap
EXC-000607,2026-08-04 06:33:00,PORT-1014,ETF,Harbor Trade Services,Reference Data Issue,Synthetic reference-data record has a missing or inconsistent attribute.,11527.13,USD,High,In Progress,Reference Data Operations,2026-08-04 22:33:00,,Data mapping variance
EXC-000608,2026-08-04 10:50:00,PORT-1003,Fixed Income,Meridian Markets,Reconciliation Break,Cash and position reconciliation identified a synthetic variance requiring investigation.,10271.58,USD,High,Resolved,Reconciliation Operations,2026-08-05 02:50:00,2026-08-04 13:24:41.029025408,Position or cash mismatch
EXC-000609,2026-08-02 22:32:00,PORT-1028,Fixed Income,Northstar Clearing,Compliance Review,Synthetic control threshold requires documented analyst review before closure.,39544.83,USD,Critical,Resolved,Compliance Operations,2026-08-03 04:32:00,2026-08-03 06:52:00.168700536,Policy threshold review
EXC-000610,2026-08-02 07:34:00,PORT-1064,Cash,Summit Custody,Pricing Discrepancy,Synthetic valuation check found a price difference against an independent source.,21168.02,GBP,Medium,In Progress,Pricing & Valuation,2026-08-03 19:34:00,,Market data variance
EXC-000611,2026-08-08 08:14:00,PORT-1062,FX,Meridian Markets,Accounting Difference,Synthetic accounting control detected a ledger variance requiring review.,42318.1,USD,High,Escalated,Fund Accounting,2026-08-09 00:14:00,,Ledger posting difference
EXC-000612,2026-08-03 16:16:00,PORT-1039,Cash,Cedar Exchange,Reporting Delay,Synthetic reporting package is delayed because an upstream input is incomplete.,44903.73,EUR,Medium,In Progress,Client Reporting,2026-08-05 04:16:00,,Data mapping variance
EXC-000613,2026-08-08 23:17:00,PORT-1066,Fixed Income,Northstar Clearing,Failed Settlement,Synthetic settlement instruction did not complete by the expected cycle.,8841.89,EUR,High,Open,Settlement Operations,2026-08-09 15:17:00,,Settlement instruction or funding issue
EXC-000614,2026-08-04 05:39:00,PORT-1019,ETF,Cedar Exchange,Failed Settlement,Synthetic settlement instruction did not complete by the expected cycle.,8567.6,JPY,High,In Progress,Settlement Operations,2026-08-04 21:39:00,,Settlement instruction or funding issue
EXC-000615,2026-08-05 03:12:00,PORT-1071,Fixed Income,Summit Custody,Missing Trade Confirmation,Synthetic trade record is awaiting a counterparty confirmation within the control window.,21160.82,USD,High,Resolved,Trade Support,2026-08-05 19:12:00,2026-08-06 03:40:57.830343053,Late file delivery
EXC-000616,2026-08-07 06:59:00,PORT-1002,Equity,Aurora Securities,Compliance Review,Synthetic control threshold requires documented analyst review before closure.,11921.79,JPY,Critical,Escalated,Compliance Operations,2026-08-07 12:59:00,,Policy threshold review
EXC-000617,2026-07-30 10:39:00,PORT-1014,Equity,Meridian Markets,Compliance Review,Synthetic control threshold requires documented analyst review before closure.,10674.01,EUR,Critical,Resolved,Compliance Operations,2026-07-30 16:39:00,2026-07-30 17:09:15.909139363,Data mapping variance
EXC-000618,2026-08-06 19:01:00,PORT-1091,ETF,Meridian Markets,Pricing Discrepancy,Synthetic valuation check found a price difference against an independent source.,159607.25,GBP,High,Resolved,Pricing & Valuation,2026-08-07 11:01:00,2026-08-07 12:14:42.879926742,Market data variance
EXC-000619,2026-08-08 19:23:00,PORT-1046,Equity,Cedar Exchange,Reconciliation Break,Cash and position reconciliation identified a synthetic variance requiring investigation.,5377.49,USD,Medium,In Progress,Reconciliation Operations,2026-08-10 07:23:00,,Position or cash mismatch
EXC-000620,2026-08-05 18:05:00,PORT-1055,Cash,Cedar Exchange,Reconciliation Break,Cash and position reconciliation identified a synthetic variance requiring investigation.,225081.46,USD,Medium,Resolved,Reconciliation Operations,2026-08-07 06:05:00,2026-08-06 06:36:40.424272465,Position or cash mismatch
EXC-000621,2026-08-01 19:21:00,PORT-1039,Equity,Northstar Clearing,Compliance Review,Synthetic control threshold requires documented analyst review before closure.,36436.28,EUR,High,In Progress,Compliance Operations,2026-08-02 11:21:00,,Policy threshold review
EXC-000622,2026-08-09 06:03:00,PORT-1064,Equity,Meridian Markets,Accounting Difference,Synthetic accounting control detected a ledger variance requiring review.,75777.01,USD,High,In Progress,Fund Accounting,2026-08-09 22:03:00,,Late file delivery
EXC-000623,2026-08-04 09:42:00,PORT-1074,Derivative,Northstar Clearing,Failed Settlement,Synthetic settlement instruction did not complete by the expected cycle.,66953.22,USD,Medium,Open,Settlement Operations,2026-08-05 21:42:00,,Settlement instruction or funding issue
EXC-000624,2026-08-05 03:55:00,PORT-1077,Equity,Summit Custody,Pricing Discrepancy,Synthetic valuation check found a price difference against an independent source.,51421.27,USD,Medium,In Progress,Pricing & Valuation,2026-08-06 15:55:00,,Market data variance
EXC-000625,2026-07-31 16:46:00,PORT-1025,Cash,Cedar Exchange,Failed Settlement,Synthetic settlement instruction did not complete by the expected cycle.,154033.19,USD,Medium,In Progress,Settlement Operations,2026-08-02 04:46:00,,Settlement instruction or funding issue
EXC-000626,2026-08-09 08:20:00,PORT-1062,FX,Aurora Securities,Pricing Discrepancy,Synthetic valuation check found a price difference against an independent source.,8633.99,USD,Low,Open,Pricing & Valuation,2026-08-12 08:20:00,,Market data variance
EXC-000627,2026-08-09 03:41:00,PORT-1077,Equity,Harbor Trade Services,Reference Data Issue,Synthetic reference-data record has a missing or inconsistent attribute.,22829.36,USD,Medium,Resolved,Reference Data Operations,2026-08-10 15:41:00,2026-08-10 15:18:22.587674349,Security master attribute gap
EXC-000628,2026-08-03 17:01:00,PORT-1041,FX,Summit Custody,Reconciliation Break,Cash and position reconciliation identified a synthetic variance requiring investigation.,10987.47,USD,Critical,Open,Reconciliation Operations,2026-08-03 23:01:00,,Position or cash mismatch
EXC-000629,2026-08-07 13:09:00,PORT-1038,FX,Meridian Markets,Accounting Difference,Synthetic accounting control detected a ledger variance requiring review.,4532.9,JPY,Medium,Open,Fund Accounting,2026-08-09 01:09:00,,Ledger posting difference
EXC-000630,2026-08-02 07:47:00,PORT-1062,Derivative,Summit Custody,Reference Data Issue,Synthetic reference-data record has a missing or inconsistent attribute.,13436.05,JPY,Critical,Escalated,Reference Data Operations,2026-08-02 13:47:00,,Security master attribute gap
EXC-000631,2026-08-06 14:18:00,PORT-1057,Derivative,Harbor Trade Services,Failed Settlement,Synthetic settlement instruction did not complete by the expected cycle.,192177.59,USD,Critical,In Progress,Settlement Operations,2026-08-06 20:18:00,,Settlement instruction or funding issue
EXC-000632,2026-08-03 17:57:00,PORT-1025,FX,Harbor Trade Services,Reference Data Issue,Synthetic reference-data record has a missing or inconsistent attribute.,22423.39,USD,High,Resolved,Reference Data Operations,2026-08-04 09:57:00,2026-08-04 05:03:15.368988973,Manual processing error
EXC-000633,2026-08-08 23:01:00,PORT-1094,ETF,Summit Custody,Reconciliation Break,Cash and position reconciliation identified a synthetic variance requiring investigation.,215926.1,USD,Medium,Resolved,Reconciliation Operations,2026-08-10 11:01:00,2026-08-09 15:57:09.819112316,Position or cash mismatch
EXC-000634,2026-08-02 10:17:00,PORT-1056,Fixed Income,Meridian Markets,Pricing Discrepancy,Synthetic valuation check found a price difference against an independent source.,240414.19,USD,High,In Progress,Pricing & Valuation,2026-08-03 02:17:00,,Market data variance
EXC-000635,2026-08-04 03:29:00,PORT-1056,FX,Aurora Securities,Reconciliation Break,Cash and position reconciliation identified a synthetic variance requiring investigation.,624612.59,GBP,Medium,Open,Reconciliation Operations,2026-08-05 15:29:00,,Position or cash mismatch
EXC-000636,2026-08-09 08:05:00,PORT-1021,Cash,Meridian Markets,Reconciliation Break,Cash and position reconciliation identified a synthetic variance requiring investigation.,198941.81,USD,High,Open,Reconciliation Operations,2026-08-10 00:05:00,,Position or cash mismatch
EXC-000637,2026-08-06 17:24:00,PORT-1067,ETF,Summit Custody,Reporting Delay,Synthetic reporting package is delayed because an upstream input is incomplete.,319987.9,USD,High,Open,Client Reporting,2026-08-07 09:24:00,,Upstream data delivery delay
EXC-000638,2026-08-08 18:00:00,PORT-1090,FX,Meridian Markets,Compliance Review,Synthetic control threshold requires documented analyst review before closure.,37851.5,USD,Medium,Resolved,Compliance Operations,2026-08-10 06:00:00,2026-08-10 06:26:59.250971481,Policy threshold review
EXC-000639,2026-08-08 21:29:00,PORT-1072,Fixed Income,Cedar Exchange,Compliance Review,Synthetic control threshold requires documented analyst review before closure.,34191.92,USD,Low,Resolved,Compliance Operations,2026-08-11 21:29:00,2026-08-09 06:15:16.110665717,Policy threshold review
EXC-000640,2026-08-02 08:46:00,PORT-1050,Derivative,Summit Custody,Reference Data Issue,Synthetic reference-data record has a missing or inconsistent attribute.,36665.13,GBP,Medium,Resolved,Reference Data Operations,2026-08-03 20:46:00,2026-08-03 04:18:41.339609311,Security master attribute gap
EXC-000641,2026-08-05 01:48:00,PORT-1063,Cash,Summit Custody,Compliance Review,Synthetic control threshold requires documented analyst review before closure.,26904.94,EUR,Critical,In Progress,Compliance Operations,2026-08-05 07:48:00,,Manual processing error
EXC-000642,2026-08-01 07:32:00,PORT-1023,Equity,Harbor Trade Services,Reference Data Issue,Synthetic reference-data record has a missing or inconsistent attribute.,31481.21,USD,Medium,Escalated,Reference Data Operations,2026-08-02 19:32:00,,Security master attribute gap
EXC-000643,2026-08-06 19:21:00,PORT-1006,Equity,Aurora Securities,Reconciliation Break,Cash and position reconciliation identified a synthetic variance requiring investigation.,59266.04,USD,Medium,Open,Reconciliation Operations,2026-08-08 07:21:00,,Position or cash mismatch
EXC-000644,2026-08-02 03:53:00,PORT-1063,ETF,Aurora Securities,Missing Trade Confirmation,Synthetic trade record is awaiting a counterparty confirmation within the control window.,16496.3,JPY,Medium,Resolved,Trade Support,2026-08-03 15:53:00,2026-08-03 20:20:17.260912105,Counterparty confirmation delay
EXC-000645,2026-08-03 05:07:00,PORT-1018,Fixed Income,Harbor Trade Services,Reporting Delay,Synthetic reporting package is delayed because an upstream input is incomplete.,6332.78,USD,Medium,Resolved,Client Reporting,2026-08-04 17:07:00,2026-08-04 10:30:01.092576279,Upstream data delivery delay
EXC-000646,2026-08-02 16:46:00,PORT-1009,ETF,Summit Custody,Reference Data Issue,Synthetic reference-data record has a missing or inconsistent attribute.,39410.98,GBP,High,In Progress,Reference Data Operations,2026-08-03 08:46:00,,Security master attribute gap
EXC-000647,2026-08-01 01:35:00,PORT-1076,Equity,Harbor Trade Services,Reconciliation Break,Cash and position reconciliation identified a synthetic variance requiring investigation.,12998.05,GBP,High,Open,Reconciliation Operations,2026-08-01 17:35:00,,Position or cash mismatch
EXC-000648,2026-08-02 07:22:00,PORT-1043,Fixed Income,Aurora Securities,Accounting Difference,Synthetic accounting control detected a ledger variance requiring review.,14490.71,USD,High,Open,Fund Accounting,2026-08-02 23:22:00,,Late file delivery
EXC-000649,2026-08-01 22:17:00,PORT-1084,ETF,Northstar Clearing,Reporting Delay,Synthetic reporting package is delayed because an upstream input is incomplete.,23158.31,GBP,High,Escalated,Client Reporting,2026-08-02 14:17:00,,Upstream data delivery delay
EXC-000650,2026-08-01 22:29:00,PORT-1085,ETF,Harbor Trade Services,Reconciliation Break,Cash and position reconciliation identified a synthetic variance requiring investigation.,18201.32,USD,High,Open,Reconciliation Operations,2026-08-02 14:29:00,,Data mapping variance
EXC-000651,2026-08-04 20:57:00,PORT-1013,FX,Harbor Trade Services,Pricing Discrepancy,Synthetic valuation check found a price difference against an independent source.,86296.53,EUR,Medium,Resolved,Pricing & Valuation,2026-08-06 08:57:00,2026-08-05 09:17:30.771495546,Market data variance
EXC-000652,2026-08-02 03:08:00,PORT-1076,FX,Meridian Markets,Failed Settlement,Synthetic settlement instruction did not complete by the expected cycle.,22582.29,USD,Critical,In Progress,Settlement Operations,2026-08-02 09:08:00,,Settlement instruction or funding issue
EXC-000653,2026-07-31 22:17:00,PORT-1033,FX,Harbor Trade Services,Reporting Delay,Synthetic reporting package is delayed because an upstream input is incomplete.,90987.02,USD,Low,In Progress,Client Reporting,2026-08-03 22:17:00,,Upstream data delivery delay
EXC-000654,2026-08-01 23:05:00,PORT-1069,Derivative,Meridian Markets,Missing Trade Confirmation,Synthetic trade record is awaiting a counterparty confirmation within the control window.,33400.2,USD,Medium,Resolved,Trade Support,2026-08-03 11:05:00,2026-08-02 03:28:33.365742675,Counterparty confirmation delay
EXC-000655,2026-08-03 07:26:00,PORT-1005,FX,Cedar Exchange,Reference Data Issue,Synthetic reference-data record has a missing or inconsistent attribute.,24515.1,USD,High,Open,Reference Data Operations,2026-08-03 23:26:00,,Security master attribute gap
EXC-000656,2026-08-08 15:13:00,PORT-1047,ETF,Cedar Exchange,Pricing Discrepancy,Synthetic valuation check found a price difference against an independent source.,31765.36,USD,Medium,In Progress,Pricing & Valuation,2026-08-10 03:13:00,,Market data variance
EXC-000657,2026-08-05 00:16:00,PORT-1062,ETF,Northstar Clearing,Reference Data Issue,Synthetic reference-data record has a missing or inconsistent attribute.,6931.2,USD,Medium,Escalated,Reference Data Operations,2026-08-06 12:16:00,,Late file delivery
EXC-000658,2026-08-08 17:21:00,PORT-1044,Equity,Northstar Clearing,Missing Trade Confirmation,Synthetic trade record is awaiting a counterparty confirmation within the control window.,38368.08,EUR,Medium,Open,Trade Support,2026-08-10 05:21:00,,Data mapping variance
EXC-000659,2026-08-08 07:28:00,PORT-1055,Fixed Income,Northstar Clearing,Accounting Difference,Synthetic accounting control detected a ledger variance requiring review.,65620.85,USD,Medium,Escalated,Fund Accounting,2026-08-09 19:28:00,,Ledger posting difference
EXC-000660,2026-08-05 17:39:00,PORT-1002,ETF,Aurora Securities,Pricing Discrepancy,Synthetic valuation check found a price difference against an independent source.,76144.87,USD,High,Escalated,Pricing & Valuation,2026-08-06 09:39:00,,Market data variance
EXC-000661,2026-08-04 16:30:00,PORT-1001,Derivative,Meridian Markets,Missing Trade Confirmation,Synthetic trade record is awaiting a counterparty confirmation within the control window.,6504.29,JPY,Medium,Open,Trade Support,2026-08-06 04:30:00,,Data mapping variance
EXC-000662,2026-08-04 02:12:00,PORT-1059,FX,Meridian Markets,Failed Settlement,Synthetic settlement instruction did not complete by the expected cycle.,5459.27,JPY,Critical,Resolved,Settlement Operations,2026-08-04 08:12:00,2026-08-04 05:24:09.478451384,Settlement instruction or funding issue
EXC-000663,2026-07-31 08:09:00,PORT-1041,Equity,Cedar Exchange,Reconciliation Break,Cash and position reconciliation identified a synthetic variance requiring investigation.,15311.21,USD,Medium,Open,Reconciliation Operations,2026-08-01 20:09:00,,Position or cash mismatch
EXC-000664,2026-08-01 17:10:00,PORT-1057,ETF,Meridian Markets,Reconciliation Break,Cash and position reconciliation identified a synthetic variance requiring investigation.,115139.01,USD,Medium,Resolved,Reconciliation Operations,2026-08-03 05:10:00,2026-08-03 03:43:43.871659230,Position or cash mismatch
EXC-000665,2026-08-05 02:53:00,PORT-1036,Equity,Harbor Trade Services,Pricing Discrepancy,Synthetic valuation check found a price difference against an independent source.,33928.96,EUR,Low,Escalated,Pricing & Valuation,2026-08-08 02:53:00,,Market data variance
EXC-000666,2026-08-06 00:16:00,PORT-1001,FX,Meridian Markets,Compliance Review,Synthetic control threshold requires documented analyst review before closure.,11927.12,EUR,Medium,Resolved,Compliance Operations,2026-08-07 12:16:00,2026-08-07 10:01:45.971015250,Policy threshold review
EXC-000667,2026-08-02 05:12:00,PORT-1069,Derivative,Cedar Exchange,Reference Data Issue,Synthetic reference-data record has a missing or inconsistent attribute.,5851.27,USD,Medium,Escalated,Reference Data Operations,2026-08-03 17:12:00,,Security master attribute gap
EXC-000668,2026-08-06 13:28:00,PORT-1014,ETF,Northstar Clearing,Failed Settlement,Synthetic settlement instruction did not complete by the expected cycle.,13118.93,EUR,Low,Open,Settlement Operations,2026-08-09 13:28:00,,Settlement instruction or funding issue
EXC-000669,2026-07-31 12:05:00,PORT-1077,ETF,Meridian Markets,Missing Trade Confirmation,Synthetic trade record is awaiting a counterparty confirmation within the control window.,12220.51,USD,Medium,Resolved,Trade Support,2026-08-02 00:05:00,2026-07-31 23:37:21.984782659,Counterparty confirmation delay
EXC-000670,2026-08-01 12:40:00,PORT-1002,Fixed Income,Summit Custody,Pricing Discrepancy,Synthetic valuation check found a price difference against an independent source.,71854.51,USD,Medium,Open,Pricing & Valuation,2026-08-03 00:40:00,,Market data variance
EXC-000671,2026-08-02 13:13:00,PORT-1092,Fixed Income,Northstar Clearing,Reconciliation Break,Cash and position reconciliation identified a synthetic variance requiring investigation.,77899.24,EUR,High,Resolved,Reconciliation Operations,2026-08-03 05:13:00,2026-08-03 06:09:35.901819774,Position or cash mismatch
EXC-000672,2026-08-06 20:31:00,PORT-1025,Derivative,Harbor Trade Services,Accounting Difference,Synthetic accounting control detected a ledger variance requiring review.,8933.85,EUR,Medium,Open,Fund Accounting,2026-08-08 08:31:00,,Ledger posting difference
EXC-000673,2026-08-03 02:45:00,PORT-1088,FX,Summit Custody,Failed Settlement,Synthetic settlement instruction did not complete by the expected cycle.,59327.27,GBP,Medium,Open,Settlement Operations,2026-08-04 14:45:00,,Settlement instruction or funding issue
EXC-000674,2026-08-01 02:35:00,PORT-1001,ETF,Summit Custody,Compliance Review,Synthetic control threshold requires documented analyst review before closure.,53278.85,USD,Critical,Open,Compliance Operations,2026-08-01 08:35:00,,Policy threshold review
EXC-000675,2026-08-08 14:56:00,PORT-1045,Fixed Income,Harbor Trade Services,Accounting Difference,Synthetic accounting control detected a ledger variance requiring review.,7795.76,USD,Medium,Open,Fund Accounting,2026-08-10 02:56:00,,Manual processing error
EXC-000676,2026-08-07 13:32:00,PORT-1041,Equity,Meridian Markets,Pricing Discrepancy,Synthetic valuation check found a price difference against an independent source.,24636.65,USD,Low,Open,Pricing & Valuation,2026-08-10 13:32:00,,Manual processing error
EXC-000677,2026-08-04 05:05:00,PORT-1017,Equity,Summit Custody,Failed Settlement,Synthetic settlement instruction did not complete by the expected cycle.,38478.73,USD,High,Open,Settlement Operations,2026-08-04 21:05:00,,Settlement instruction or funding issue
EXC-000678,2026-08-05 17:58:00,PORT-1047,Equity,Summit Custody,Accounting Difference,Synthetic accounting control detected a ledger variance requiring review.,31933.06,USD,Low,Resolved,Fund Accounting,2026-08-08 17:58:00,2026-08-10 16:38:53.434218987,Ledger posting difference
EXC-000679,2026-08-02 06:23:00,PORT-1022,Fixed Income,Cedar Exchange,Reconciliation Break,Cash and position reconciliation identified a synthetic variance requiring investigation.,4464.59,USD,High,Resolved,Reconciliation Operations,2026-08-02 22:23:00,2026-08-02 22:37:15.150714978,Position or cash mismatch
EXC-000680,2026-08-05 08:16:00,PORT-1043,Cash,Northstar Clearing,Pricing Discrepancy,Synthetic valuation check found a price difference against an independent source.,30876.22,USD,High,In Progress,Pricing & Valuation,2026-08-06 00:16:00,,Market data variance
EXC-000681,2026-07-30 08:40:00,PORT-1037,Fixed Income,Summit Custody,Reconciliation Break,Cash and position reconciliation identified a synthetic variance requiring investigation.,52474.26,EUR,Critical,Resolved,Reconciliation Operations,2026-07-30 14:40:00,2026-07-30 14:13:49.386430839,Position or cash mismatch
EXC-000682,2026-08-06 09:07:00,PORT-1020,Equity,Northstar Clearing,Missing Trade Confirmation,Synthetic trade record is awaiting a counterparty confirmation within the control window.,141290.58,USD,Critical,In Progress,Trade Support,2026-08-06 15:07:00,,Counterparty confirmation delay
EXC-000683,2026-08-05 18:20:00,PORT-1078,Equity,Aurora Securities,Reconciliation Break,Cash and position reconciliation identified a synthetic variance requiring investigation.,13329.96,USD,Medium,Resolved,Reconciliation Operations,2026-08-07 06:20:00,2026-08-07 08:56:52.676810992,Position or cash mismatch
EXC-000684,2026-08-09 08:09:00,PORT-1052,Fixed Income,Harbor Trade Services,Pricing Discrepancy,Synthetic valuation check found a price difference against an independent source.,15173.02,EUR,High,Open,Pricing & Valuation,2026-08-10 00:09:00,,Data mapping variance
EXC-000685,2026-08-06 21:05:00,PORT-1083,Derivative,Cedar Exchange,Reporting Delay,Synthetic reporting package is delayed because an upstream input is incomplete.,21605.21,USD,Medium,Resolved,Client Reporting,2026-08-08 09:05:00,2026-08-09 01:51:20.181488020,Upstream data delivery delay
EXC-000686,2026-08-06 23:43:00,PORT-1080,Fixed Income,Harbor Trade Services,Pricing Discrepancy,Synthetic valuation check found a price difference against an independent source.,36525.89,GBP,Medium,In Progress,Pricing & Valuation,2026-08-08 11:43:00,,Manual processing error
EXC-000687,2026-08-01 17:21:00,PORT-1026,Derivative,Harbor Trade Services,Pricing Discrepancy,Synthetic valuation check found a price difference against an independent source.,29788.23,USD,Medium,Open,Pricing & Valuation,2026-08-03 05:21:00,,Market data variance
EXC-000688,2026-08-05 23:25:00,PORT-1029,Derivative,Meridian Markets,Failed Settlement,Synthetic settlement instruction did not complete by the expected cycle.,50742.72,USD,Low,Resolved,Settlement Operations,2026-08-08 23:25:00,2026-08-10 16:16:04.636122016,Late file delivery
EXC-000689,2026-08-07 07:43:00,PORT-1094,Equity,Cedar Exchange,Compliance Review,Synthetic control threshold requires documented analyst review before closure.,8254.83,GBP,Low,Resolved,Compliance Operations,2026-08-10 07:43:00,2026-08-07 20:52:36.907543126,Policy threshold review
EXC-000690,2026-08-06 05:18:00,PORT-1031,ETF,Harbor Trade Services,Accounting Difference,Synthetic accounting control detected a ledger variance requiring review.,40810.57,EUR,Low,Resolved,Fund Accounting,2026-08-09 05:18:00,2026-08-07 12:31:19.622384880,Late file delivery
EXC-000691,2026-08-03 17:01:00,PORT-1010,Cash,Harbor Trade Services,Missing Trade Confirmation,Synthetic trade record is awaiting a counterparty confirmation within the control window.,12340.9,EUR,Low,In Progress,Trade Support,2026-08-06 17:01:00,,Counterparty confirmation delay
EXC-000692,2026-08-01 11:46:00,PORT-1054,Fixed Income,Aurora Securities,Failed Settlement,Synthetic settlement instruction did not complete by the expected cycle.,23144.2,EUR,Medium,Resolved,Settlement Operations,2026-08-02 23:46:00,2026-08-01 22:27:46.624723614,Settlement instruction or funding issue
EXC-000693,2026-07-30 13:56:00,PORT-1095,Equity,Harbor Trade Services,Missing Trade Confirmation,Synthetic trade record is awaiting a counterparty confirmation within the control window.,161686.46,USD,High,Resolved,Trade Support,2026-07-31 05:56:00,2026-07-31 10:45:37.994426402,Data mapping variance
EXC-000694,2026-08-08 21:19:00,PORT-1023,Cash,Harbor Trade Services,Missing Trade Confirmation,Synthetic trade record is awaiting a counterparty confirmation within the control window.,6197.15,EUR,Medium,Open,Trade Support,2026-08-10 09:19:00,,Counterparty confirmation delay
EXC-000695,2026-07-31 22:43:00,PORT-1063,Derivative,Cedar Exchange,Failed Settlement,Synthetic settlement instruction did not complete by the expected cycle.,20061.53,GBP,High,Open,Settlement Operations,2026-08-01 14:43:00,,Late file delivery
EXC-000696,2026-08-05 11:24:00,PORT-1034,ETF,Northstar Clearing,Accounting Difference,Synthetic accounting control detected a ledger variance requiring review.,7055.92,JPY,High,In Progress,Fund Accounting,2026-08-06 03:24:00,,Ledger posting difference
EXC-000697,2026-08-01 07:13:00,PORT-1038,ETF,Aurora Securities,Compliance Review,Synthetic control threshold requires documented analyst review before closure.,31593.96,USD,High,Open,Compliance Operations,2026-08-01 23:13:00,,Policy threshold review
EXC-000698,2026-08-08 23:20:00,PORT-1045,Equity,Aurora Securities,Accounting Difference,Synthetic accounting control detected a ledger variance requiring review.,80873.75,USD,Medium,In Progress,Fund Accounting,2026-08-10 11:20:00,,Ledger posting difference
EXC-000699,2026-08-03 01:56:00,PORT-1015,Derivative,Aurora Securities,Reporting Delay,Synthetic reporting package is delayed because an upstream input is incomplete.,32149.04,EUR,High,Open,Client Reporting,2026-08-03 17:56:00,,Upstream data delivery delay
EXC-000700,2026-07-31 00:45:00,PORT-1038,Fixed Income,Harbor Trade Services,Missing Trade Confirmation,Synthetic trade record is awaiting a counterparty confirmation within the control window.,23800.18,USD,High,Resolved,Trade Support,2026-07-31 16:45:00,2026-07-31 03:47:07.363633717,Counterparty confirmation delay
EXC-000701,2026-08-08 22:48:00,PORT-1027,Equity,Northstar Clearing,Missing Trade Confirmation,Synthetic trade record is awaiting a counterparty confirmation within the control window.,108534.4,USD,High,Resolved,Trade Support,2026-08-09 14:48:00,2026-08-09 22:48:59.412608434,Counterparty confirmation delay
EXC-000702,2026-08-01 11:18:00,PORT-1081,FX,Summit Custody,Missing Trade Confirmation,Synthetic trade record is awaiting a counterparty confirmation within the control window.,38064.13,USD,High,Resolved,Trade Support,2026-08-02 03:18:00,2026-08-01 13:43:23.503198183,Counterparty confirmation delay
EXC-000703,2026-08-08 05:06:00,PORT-1023,Cash,Summit Custody,Reconciliation Break,Cash and position reconciliation identified a synthetic variance requiring investigation.,63611.17,USD,Medium,Resolved,Reconciliation Operations,2026-08-09 17:06:00,2026-08-09 18:36:29.802446055,Position or cash mismatch
EXC-000704,2026-07-30 13:18:00,PORT-1084,Derivative,Aurora Securities,Reference Data Issue,Synthetic reference-data record has a missing or inconsistent attribute.,57012.18,USD,Medium,In Progress,Reference Data Operations,2026-08-01 01:18:00,,Security master attribute gap
EXC-000705,2026-08-01 22:06:00,PORT-1002,Fixed Income,Meridian Markets,Missing Trade Confirmation,Synthetic trade record is awaiting a counterparty confirmation within the control window.,1312.84,USD,High,Escalated,Trade Support,2026-08-02 14:06:00,,Counterparty confirmation delay
EXC-000706,2026-07-31 06:13:00,PORT-1040,Equity,Aurora Securities,Accounting Difference,Synthetic accounting control detected a ledger variance requiring review.,24822.3,USD,Medium,Resolved,Fund Accounting,2026-08-01 18:13:00,2026-08-01 01:42:55.452351959,Ledger posting difference
EXC-000707,2026-07-31 08:42:00,PORT-1027,Cash,Cedar Exchange,Reference Data Issue,Synthetic reference-data record has a missing or inconsistent attribute.,8673.45,USD,High,Resolved,Reference Data Operations,2026-08-01 00:42:00,2026-07-31 22:08:21.822326005,Security master attribute gap
EXC-000708,2026-08-06 04:41:00,PORT-1044,Cash,Cedar Exchange,Reference Data Issue,Synthetic reference-data record has a missing or inconsistent attribute.,11262.31,JPY,Low,Open,Reference Data Operations,2026-08-09 04:41:00,,Security master attribute gap
EXC-000709,2026-08-05 04:37:00,PORT-1076,ETF,Northstar Clearing,Pricing Discrepancy,Synthetic valuation check found a price difference against an independent source.,126540.21,USD,Low,Resolved,Pricing & Valuation,2026-08-08 04:37:00,2026-08-07 13:56:05.348232400,Market data variance
EXC-000710,2026-08-02 11:14:00,PORT-1094,FX,Northstar Clearing,Pricing Discrepancy,Synthetic valuation check found a price difference against an independent source.,18150.51,USD,Medium,Resolved,Pricing & Valuation,2026-08-03 23:14:00,2026-08-04 08:48:08.548865317,Market data variance
EXC-000711,2026-08-07 15:26:00,PORT-1072,Fixed Income,Northstar Clearing,Failed Settlement,Synthetic settlement instruction did not complete by the expected cycle.,196260.2,USD,Low,Resolved,Settlement Operations,2026-08-10 15:26:00,2026-08-10 06:47:00.337869938,Settlement instruction or funding issue
EXC-000712,2026-08-06 07:24:00,PORT-1050,Fixed Income,Meridian Markets,Reporting Delay,Synthetic reporting package is delayed because an upstream input is incomplete.,6135.99,USD,Critical,Resolved,Client Reporting,2026-08-06 13:24:00,2026-08-06 11:59:12.505994022,Late file delivery
EXC-000713,2026-08-08 08:36:00,PORT-1051,Equity,Harbor Trade Services,Reference Data Issue,Synthetic reference-data record has a missing or inconsistent attribute.,8622.63,JPY,Low,Escalated,Reference Data Operations,2026-08-11 08:36:00,,Manual processing error
EXC-000714,2026-07-31 10:32:00,PORT-1098,Equity,Aurora Securities,Failed Settlement,Synthetic settlement instruction did not complete by the expected cycle.,59902.18,JPY,High,Escalated,Settlement Operations,2026-08-01 02:32:00,,Settlement instruction or funding issue
EXC-000715,2026-08-06 21:14:00,PORT-1098,Equity,Northstar Clearing,Reference Data Issue,Synthetic reference-data record has a missing or inconsistent attribute.,18799.02,USD,Medium,Resolved,Reference Data Operations,2026-08-08 09:14:00,2026-08-08 17:46:37.186117246,Security master attribute gap
EXC-000716,2026-08-05 05:34:00,PORT-1075,Derivative,Aurora Securities,Reconciliation Break,Cash and position reconciliation identified a synthetic variance requiring investigation.,37149.06,USD,Critical,Escalated,Reconciliation Operations,2026-08-05 11:34:00,,Position or cash mismatch
EXC-000717,2026-08-04 19:55:00,PORT-1017,Equity,Cedar Exchange,Accounting Difference,Synthetic accounting control detected a ledger variance requiring review.,23910.62,USD,Medium,Escalated,Fund Accounting,2026-08-06 07:55:00,,Ledger posting difference
EXC-000718,2026-08-05 14:15:00,PORT-1026,Equity,Northstar Clearing,Reconciliation Break,Cash and position reconciliation identified a synthetic variance requiring investigation.,23162.62,USD,Low,Open,Reconciliation Operations,2026-08-08 14:15:00,,Position or cash mismatch
EXC-000719,2026-08-01 14:08:00,PORT-1027,ETF,Northstar Clearing,Reporting Delay,Synthetic reporting package is delayed because an upstream input is incomplete.,19546.51,USD,Low,Resolved,Client Reporting,2026-08-04 14:08:00,2026-08-06 04:45:36.804830242,Upstream data delivery delay
EXC-000720,2026-07-31 05:11:00,PORT-1023,Equity,Summit Custody,Failed Settlement,Synthetic settlement instruction did not complete by the expected cycle.,32482.87,USD,Medium,Open,Settlement Operations,2026-08-01 17:11:00,,Settlement instruction or funding issue
EXC-000721,2026-08-03 14:41:00,PORT-1095,Equity,Summit Custody,Accounting Difference,Synthetic accounting control detected a ledger variance requiring review.,52771.16,USD,Critical,In Progress,Fund Accounting,2026-08-03 20:41:00,,Manual processing error
EXC-000722,2026-08-01 00:15:00,PORT-1016,ETF,Harbor Trade Services,Pricing Discrepancy,Synthetic valuation check found a price difference against an independent source.,146553.12,USD,Critical,Escalated,Pricing & Valuation,2026-08-01 06:15:00,,Market data variance
EXC-000723,2026-08-08 06:16:00,PORT-1084,Fixed Income,Meridian Markets,Reconciliation Break,Cash and position reconciliation identified a synthetic variance requiring investigation.,21749.84,USD,Medium,In Progress,Reconciliation Operations,2026-08-09 18:16:00,,Position or cash mismatch
EXC-000724,2026-07-30 16:43:00,PORT-1080,FX,Northstar Clearing,Failed Settlement,Synthetic settlement instruction did not complete by the expected cycle.,17795.12,USD,Medium,Open,Settlement Operations,2026-08-01 04:43:00,,Settlement instruction or funding issue
EXC-000725,2026-08-08 05:08:00,PORT-1052,Cash,Northstar Clearing,Reconciliation Break,Cash and position reconciliation identified a synthetic variance requiring investigation.,15543.77,USD,Low,Open,Reconciliation Operations,2026-08-11 05:08:00,,Late file delivery
EXC-000726,2026-08-08 17:11:00,PORT-1031,Equity,Cedar Exchange,Reconciliation Break,Cash and position reconciliation identified a synthetic variance requiring investigation.,125903.76,USD,Medium,Open,Reconciliation Operations,2026-08-10 05:11:00,,Position or cash mismatch
EXC-000727,2026-08-09 02:38:00,PORT-1027,Cash,Aurora Securities,Missing Trade Confirmation,Synthetic trade record is awaiting a counterparty confirmation within the control window.,55539.02,USD,Medium,Resolved,Trade Support,2026-08-10 14:38:00,2026-08-11 02:40:57.285153304,Counterparty confirmation delay
EXC-000728,2026-08-06 21:31:00,PORT-1067,Cash,Harbor Trade Services,Reconciliation Break,Cash and position reconciliation identified a synthetic variance requiring investigation.,3662.92,USD,Medium,Resolved,Reconciliation Operations,2026-08-08 09:31:00,2026-08-08 18:24:54.146742578,Position or cash mismatch
EXC-000729,2026-07-31 23:53:00,PORT-1066,Derivative,Aurora Securities,Pricing Discrepancy,Synthetic valuation check found a price difference against an independent source.,3497.22,USD,Medium,Escalated,Pricing & Valuation,2026-08-02 11:53:00,,Market data variance
EXC-000730,2026-08-06 07:37:00,PORT-1053,FX,Summit Custody,Accounting Difference,Synthetic accounting control detected a ledger variance requiring review.,11253.55,USD,High,In Progress,Fund Accounting,2026-08-06 23:37:00,,Ledger posting difference
EXC-000731,2026-08-01 10:36:00,PORT-1056,FX,Summit Custody,Missing Trade Confirmation,Synthetic trade record is awaiting a counterparty confirmation within the control window.,34257.22,GBP,Low,In Progress,Trade Support,2026-08-04 10:36:00,,Counterparty confirmation delay
EXC-000732,2026-08-05 02:51:00,PORT-1081,FX,Northstar Clearing,Reconciliation Break,Cash and position reconciliation identified a synthetic variance requiring investigation.,25974.13,JPY,Medium,Resolved,Reconciliation Operations,2026-08-06 14:51:00,2026-08-06 10:02:01.436024226,Data mapping variance
EXC-000733,2026-08-08 07:37:00,PORT-1074,FX,Summit Custody,Reconciliation Break,Cash and position reconciliation identified a synthetic variance requiring investigation.,46189.95,USD,Low,Open,Reconciliation Operations,2026-08-11 07:37:00,,Position or cash mismatch
EXC-000734,2026-08-04 15:26:00,PORT-1074,Equity,Summit Custody,Pricing Discrepancy,Synthetic valuation check found a price difference against an independent source.,22376.9,USD,Low,Escalated,Pricing & Valuation,2026-08-07 15:26:00,,Data mapping variance
EXC-000735,2026-08-07 01:24:00,PORT-1028,Cash,Meridian Markets,Reconciliation Break,Cash and position reconciliation identified a synthetic variance requiring investigation.,116691.59,EUR,Low,Resolved,Reconciliation Operations,2026-08-10 01:24:00,2026-08-11 13:12:27.980419217,Position or cash mismatch
EXC-000736,2026-08-06 10:33:00,PORT-1007,ETF,Northstar Clearing,Reporting Delay,Synthetic reporting package is delayed because an upstream input is incomplete.,60519.26,EUR,Medium,In Progress,Client Reporting,2026-08-07 22:33:00,,Upstream data delivery delay
EXC-000737,2026-08-04 04:18:00,PORT-1045,Derivative,Harbor Trade Services,Missing Trade Confirmation,Synthetic trade record is awaiting a counterparty confirmation within the control window.,29186.32,USD,Low,Open,Trade Support,2026-08-07 04:18:00,,Manual processing error
EXC-000738,2026-08-01 10:43:00,PORT-1034,Fixed Income,Summit Custody,Missing Trade Confirmation,Synthetic trade record is awaiting a counterparty confirmation within the control window.,89554.84,USD,High,Open,Trade Support,2026-08-02 02:43:00,,Counterparty confirmation delay
EXC-000739,2026-08-03 12:01:00,PORT-1033,Equity,Northstar Clearing,Pricing Discrepancy,Synthetic valuation check found a price difference against an independent source.,4763.07,USD,High,Resolved,Pricing & Valuation,2026-08-04 04:01:00,2026-08-04 01:50:29.832375658,Market data variance
EXC-000740,2026-08-07 02:39:00,PORT-1051,Fixed Income,Northstar Clearing,Pricing Discrepancy,Synthetic valuation check found a price difference against an independent source.,24604.18,USD,Critical,Escalated,Pricing & Valuation,2026-08-07 08:39:00,,Late file delivery
EXC-000741,2026-08-02 03:47:00,PORT-1091,Fixed Income,Meridian Markets,Reconciliation Break,Cash and position reconciliation identified a synthetic variance requiring investigation.,31082.12,USD,High,Resolved,Reconciliation Operations,2026-08-02 19:47:00,2026-08-03 04:28:36.225688287,Position or cash mismatch
EXC-000742,2026-08-02 09:22:00,PORT-1079,Fixed Income,Aurora Securities,Reconciliation Break,Cash and position reconciliation identified a synthetic variance requiring investigation.,50621.84,USD,Low,Resolved,Reconciliation Operations,2026-08-05 09:22:00,2026-08-06 10:27:23.699142112,Data mapping variance
EXC-000743,2026-08-07 00:06:00,PORT-1067,Fixed Income,Meridian Markets,Reference Data Issue,Synthetic reference-data record has a missing or inconsistent attribute.,4442.96,USD,Low,In Progress,Reference Data Operations,2026-08-10 00:06:00,,Security master attribute gap
EXC-000744,2026-07-31 19:44:00,PORT-1070,Equity,Northstar Clearing,Reconciliation Break,Cash and position reconciliation identified a synthetic variance requiring investigation.,20467.07,USD,Medium,Open,Reconciliation Operations,2026-08-02 07:44:00,,Position or cash mismatch
EXC-000745,2026-07-31 21:31:00,PORT-1041,ETF,Aurora Securities,Accounting Difference,Synthetic accounting control detected a ledger variance requiring review.,40965.43,USD,Critical,Escalated,Fund Accounting,2026-08-01 03:31:00,,Ledger posting difference
EXC-000746,2026-08-03 07:38:00,PORT-1054,Fixed Income,Meridian Markets,Accounting Difference,Synthetic accounting control detected a ledger variance requiring review.,44401.13,EUR,Critical,Open,Fund Accounting,2026-08-03 13:38:00,,Ledger posting difference
EXC-000747,2026-08-06 08:33:00,PORT-1043,Cash,Cedar Exchange,Missing Trade Confirmation,Synthetic trade record is awaiting a counterparty confirmation within the control window.,93473.79,USD,Medium,Resolved,Trade Support,2026-08-07 20:33:00,2026-08-06 21:08:46.801598661,Counterparty confirmation delay
EXC-000748,2026-08-05 19:29:00,PORT-1080,Equity,Harbor Trade Services,Pricing Discrepancy,Synthetic valuation check found a price difference against an independent source.,59849.04,USD,Medium,Resolved,Pricing & Valuation,2026-08-07 07:29:00,2026-08-06 02:23:29.983945761,Market data variance
EXC-000749,2026-08-04 22:33:00,PORT-1098,Fixed Income,Meridian Markets,Reference Data Issue,Synthetic reference-data record has a missing or inconsistent attribute.,25238.14,USD,Medium,Resolved,Reference Data Operations,2026-08-06 10:33:00,2026-08-06 19:40:34.792437298,Security master attribute gap
EXC-000750,2026-08-07 10:52:00,PORT-1043,Fixed Income,Northstar Clearing,Reference Data Issue,Synthetic reference-data record has a missing or inconsistent attribute.,54650.98,GBP,Medium,In Progress,Reference Data Operations,2026-08-08 22:52:00,,Security master attribute gap
EXC-000751,2026-08-06 07:06:00,PORT-1071,ETF,Meridian Markets,Missing Trade Confirmation,Synthetic trade record is awaiting a counterparty confirmation within the control window.,21776.1,USD,Critical,In Progress,Trade Support,2026-08-06 13:06:00,,Counterparty confirmation delay
EXC-000752,2026-08-07 23:56:00,PORT-1006,Fixed Income,Harbor Trade Services,Missing Trade Confirmation,Synthetic trade record is awaiting a counterparty confirmation within the control window.,31385.86,USD,Medium,Resolved,Trade Support,2026-08-09 11:56:00,2026-08-09 18:01:45.675675407,Late file delivery
EXC-000753,2026-08-07 18:39:00,PORT-1040,FX,Aurora Securities,Missing Trade Confirmation,Synthetic trade record is awaiting a counterparty confirmation within the control window.,61978.48,USD,Medium,Resolved,Trade Support,2026-08-09 06:39:00,2026-08-09 08:07:58.999754550,Counterparty confirmation delay
EXC-000754,2026-08-01 22:01:00,PORT-1086,Cash,Northstar Clearing,Pricing Discrepancy,Synthetic valuation check found a price difference against an independent source.,25653.47,GBP,Medium,Resolved,Pricing & Valuation,2026-08-03 10:01:00,2026-08-04 08:06:28.534356079,Market data variance
EXC-000755,2026-08-08 01:37:00,PORT-1068,Fixed Income,Meridian Markets,Reporting Delay,Synthetic reporting package is delayed because an upstream input is incomplete.,39343.62,EUR,Low,Resolved,Client Reporting,2026-08-11 01:37:00,2026-08-10 22:20:17.759073213,Upstream data delivery delay
EXC-000756,2026-08-04 15:44:00,PORT-1052,FX,Northstar Clearing,Missing Trade Confirmation,Synthetic trade record is awaiting a counterparty confirmation within the control window.,73819.21,GBP,Medium,Resolved,Trade Support,2026-08-06 03:44:00,2026-08-05 15:12:56.368847795,Counterparty confirmation delay
EXC-000757,2026-08-05 01:14:00,PORT-1021,Equity,Cedar Exchange,Missing Trade Confirmation,Synthetic trade record is awaiting a counterparty confirmation within the control window.,56827.36,EUR,High,Open,Trade Support,2026-08-05 17:14:00,,Counterparty confirmation delay
EXC-000758,2026-08-08 20:31:00,PORT-1080,Equity,Summit Custody,Failed Settlement,Synthetic settlement instruction did not complete by the expected cycle.,98237.71,USD,Low,In Progress,Settlement Operations,2026-08-11 20:31:00,,Settlement instruction or funding issue
EXC-000759,2026-08-01 00:36:00,PORT-1096,Fixed Income,Aurora Securities,Reconciliation Break,Cash and position reconciliation identified a synthetic variance requiring investigation.,310168.42,USD,Medium,Resolved,Reconciliation Operations,2026-08-02 12:36:00,2026-08-02 12:02:17.948627907,Position or cash mismatch
EXC-000760,2026-07-30 11:51:00,PORT-1039,Equity,Meridian Markets,Pricing Discrepancy,Synthetic valuation check found a price difference against an independent source.,56278.85,USD,Medium,Open,Pricing & Valuation,2026-07-31 23:51:00,,Market data variance
EXC-000761,2026-08-02 23:15:00,PORT-1080,FX,Summit Custody,Compliance Review,Synthetic control threshold requires documented analyst review before closure.,16574.87,EUR,Critical,Resolved,Compliance Operations,2026-08-03 05:15:00,2026-08-03 00:13:50.951596800,Policy threshold review
EXC-000762,2026-08-02 15:13:00,PORT-1058,FX,Northstar Clearing,Reconciliation Break,Cash and position reconciliation identified a synthetic variance requiring investigation.,46046.83,EUR,Low,In Progress,Reconciliation Operations,2026-08-05 15:13:00,,Position or cash mismatch
EXC-000763,2026-08-07 00:36:00,PORT-1039,Derivative,Meridian Markets,Reconciliation Break,Cash and position reconciliation identified a synthetic variance requiring investigation.,44013.84,USD,Medium,Open,Reconciliation Operations,2026-08-08 12:36:00,,Position or cash mismatch
EXC-000764,2026-07-31 22:25:00,PORT-1033,ETF,Summit Custody,Reconciliation Break,Cash and position reconciliation identified a synthetic variance requiring investigation.,51235.41,GBP,Low,Open,Reconciliation Operations,2026-08-03 22:25:00,,Position or cash mismatch
EXC-000765,2026-08-01 11:57:00,PORT-1050,ETF,Northstar Clearing,Failed Settlement,Synthetic settlement instruction did not complete by the expected cycle.,129284.03,USD,Critical,Resolved,Settlement Operations,2026-08-01 17:57:00,2026-08-01 17:59:15.524424079,Settlement instruction or funding issue
EXC-000766,2026-08-04 22:49:00,PORT-1041,Fixed Income,Meridian Markets,Reconciliation Break,Cash and position reconciliation identified a synthetic variance requiring investigation.,4590.22,USD,High,Resolved,Reconciliation Operations,2026-08-05 14:49:00,2026-08-05 22:49:41.369109855,Position or cash mismatch
EXC-000767,2026-08-02 07:13:00,PORT-1061,Equity,Harbor Trade Services,Reconciliation Break,Cash and position reconciliation identified a synthetic variance requiring investigation.,131864.46,USD,High,In Progress,Reconciliation Operations,2026-08-02 23:13:00,,Manual processing error
EXC-000768,2026-07-30 18:35:00,PORT-1015,Equity,Harbor Trade Services,Reconciliation Break,Cash and position reconciliation identified a synthetic variance requiring investigation.,187763.36,GBP,Critical,Open,Reconciliation Operations,2026-07-31 00:35:00,,Data mapping variance
EXC-000769,2026-08-03 07:55:00,PORT-1047,FX,Northstar Clearing,Reconciliation Break,Cash and position reconciliation identified a synthetic variance requiring investigation.,48848.27,JPY,Medium,Open,Reconciliation Operations,2026-08-04 19:55:00,,Position or cash mismatch
EXC-000770,2026-08-07 09:23:00,PORT-1073,Cash,Summit Custody,Reporting Delay,Synthetic reporting package is delayed because an upstream input is incomplete.,50098.27,USD,High,Open,Client Reporting,2026-08-08 01:23:00,,Upstream data delivery delay
EXC-000771,2026-08-06 01:07:00,PORT-1083,Equity,Harbor Trade Services,Missing Trade Confirmation,Synthetic trade record is awaiting a counterparty confirmation within the control window.,20874.28,JPY,High,Resolved,Trade Support,2026-08-06 17:07:00,2026-08-06 03:08:33.600278366,Counterparty confirmation delay
EXC-000772,2026-08-07 12:03:00,PORT-1028,ETF,Northstar Clearing,Accounting Difference,Synthetic accounting control detected a ledger variance requiring review.,27082.42,GBP,Low,Open,Fund Accounting,2026-08-10 12:03:00,,Ledger posting difference
EXC-000773,2026-08-06 01:13:00,PORT-1059,Derivative,Summit Custody,Accounting Difference,Synthetic accounting control detected a ledger variance requiring review.,55985.6,GBP,Medium,Open,Fund Accounting,2026-08-07 13:13:00,,Ledger posting difference
EXC-000774,2026-07-31 10:30:00,PORT-1030,Derivative,Harbor Trade Services,Reference Data Issue,Synthetic reference-data record has a missing or inconsistent attribute.,52325.02,GBP,Medium,Open,Reference Data Operations,2026-08-01 22:30:00,,Manual processing error
EXC-000775,2026-08-07 11:05:00,PORT-1078,ETF,Northstar Clearing,Reconciliation Break,Cash and position reconciliation identified a synthetic variance requiring investigation.,57339.51,USD,High,Resolved,Reconciliation Operations,2026-08-08 03:05:00,2026-08-08 09:41:46.934359633,Position or cash mismatch
EXC-000776,2026-07-31 09:56:00,PORT-1035,FX,Summit Custody,Reference Data Issue,Synthetic reference-data record has a missing or inconsistent attribute.,51948.18,EUR,Medium,Resolved,Reference Data Operations,2026-08-01 21:56:00,2026-08-02 10:25:24.876553124,Security master attribute gap
EXC-000777,2026-08-06 11:54:00,PORT-1066,FX,Northstar Clearing,Reporting Delay,Synthetic reporting package is delayed because an upstream input is incomplete.,69099.96,EUR,Medium,Resolved,Client Reporting,2026-08-07 23:54:00,2026-08-06 22:03:50.977401006,Upstream data delivery delay
EXC-000778,2026-08-04 09:13:00,PORT-1043,Derivative,Aurora Securities,Reconciliation Break,Cash and position reconciliation identified a synthetic variance requiring investigation.,61450.12,EUR,Critical,Escalated,Reconciliation Operations,2026-08-04 15:13:00,,Position or cash mismatch
EXC-000779,2026-08-04 01:52:00,PORT-1027,Equity,Summit Custody,Compliance Review,Synthetic control threshold requires documented analyst review before closure.,9176.8,USD,Critical,Escalated,Compliance Operations,2026-08-04 07:52:00,,Policy threshold review
EXC-000780,2026-08-08 02:05:00,PORT-1057,Cash,Aurora Securities,Reference Data Issue,Synthetic reference-data record has a missing or inconsistent attribute.,64465.24,EUR,Critical,In Progress,Reference Data Operations,2026-08-08 08:05:00,,Security master attribute gap
EXC-000781,2026-08-07 12:26:00,PORT-1062,Equity,Aurora Securities,Missing Trade Confirmation,Synthetic trade record is awaiting a counterparty confirmation within the control window.,189380.96,JPY,High,Resolved,Trade Support,2026-08-08 04:26:00,2026-08-08 11:05:01.477697830,Counterparty confirmation delay
EXC-000782,2026-08-06 07:02:00,PORT-1067,Derivative,Aurora Securities,Failed Settlement,Synthetic settlement instruction did not complete by the expected cycle.,26161.44,USD,High,Resolved,Settlement Operations,2026-08-06 23:02:00,2026-08-07 03:38:41.717178553,Settlement instruction or funding issue
EXC-000783,2026-08-08 17:51:00,PORT-1078,Equity,Meridian Markets,Pricing Discrepancy,Synthetic valuation check found a price difference against an independent source.,129891.39,JPY,High,Open,Pricing & Valuation,2026-08-09 09:51:00,,Market data variance
EXC-000784,2026-08-01 20:19:00,PORT-1067,Equity,Summit Custody,Reporting Delay,Synthetic reporting package is delayed because an upstream input is incomplete.,10268.54,USD,Low,Resolved,Client Reporting,2026-08-04 20:19:00,2026-08-04 11:03:01.239953253,Upstream data delivery delay
EXC-000785,2026-08-03 20:40:00,PORT-1084,Equity,Cedar Exchange,Failed Settlement,Synthetic settlement instruction did not complete by the expected cycle.,26075.44,USD,Medium,Resolved,Settlement Operations,2026-08-05 08:40:00,2026-08-04 14:29:34.981417414,Settlement instruction or funding issue
EXC-000786,2026-07-31 20:47:00,PORT-1042,Fixed Income,Northstar Clearing,Pricing Discrepancy,Synthetic valuation check found a price difference against an independent source.,13722.39,USD,High,Resolved,Pricing & Valuation,2026-08-01 12:47:00,2026-08-01 05:45:21.713447839,Market data variance
EXC-000787,2026-07-31 17:08:00,PORT-1050,Fixed Income,Aurora Securities,Reference Data Issue,Synthetic reference-data record has a missing or inconsistent attribute.,114483.08,GBP,High,Open,Reference Data Operations,2026-08-01 09:08:00,,Security master attribute gap
EXC-000788,2026-08-05 20:51:00,PORT-1048,Equity,Harbor Trade Services,Missing Trade Confirmation,Synthetic trade record is awaiting a counterparty confirmation within the control window.,150617.74,USD,Medium,In Progress,Trade Support,2026-08-07 08:51:00,,Data mapping variance
EXC-000789,2026-08-01 04:08:00,PORT-1057,Fixed Income,Northstar Clearing,Reference Data Issue,Synthetic reference-data record has a missing or inconsistent attribute.,24242.05,USD,Low,Resolved,Reference Data Operations,2026-08-04 04:08:00,2026-08-04 08:13:17.540843979,Security master attribute gap
EXC-000790,2026-08-08 17:48:00,PORT-1014,Fixed Income,Harbor Trade Services,Reporting Delay,Synthetic reporting package is delayed because an upstream input is incomplete.,92006.51,EUR,Medium,Open,Client Reporting,2026-08-10 05:48:00,,Upstream data delivery delay
EXC-000791,2026-08-05 01:17:00,PORT-1084,Derivative,Harbor Trade Services,Missing Trade Confirmation,Synthetic trade record is awaiting a counterparty confirmation within the control window.,152231.54,USD,Medium,Open,Trade Support,2026-08-06 13:17:00,,Counterparty confirmation delay
EXC-000792,2026-08-02 16:50:00,PORT-1052,Derivative,Northstar Clearing,Pricing Discrepancy,Synthetic valuation check found a price difference against an independent source.,25989.17,USD,Medium,In Progress,Pricing & Valuation,2026-08-04 04:50:00,,Market data variance
EXC-000793,2026-08-04 17:23:00,PORT-1055,FX,Cedar Exchange,Missing Trade Confirmation,Synthetic trade record is awaiting a counterparty confirmation within the control window.,30829.87,GBP,High,In Progress,Trade Support,2026-08-05 09:23:00,,Counterparty confirmation delay
EXC-000794,2026-08-01 23:25:00,PORT-1086,Equity,Northstar Clearing,Reconciliation Break,Cash and position reconciliation identified a synthetic variance requiring investigation.,58121.8,EUR,High,Resolved,Reconciliation Operations,2026-08-02 15:25:00,2026-08-02 07:21:58.278856963,Position or cash mismatch
EXC-000795,2026-07-31 18:11:00,PORT-1046,Fixed Income,Aurora Securities,Reconciliation Break,Cash and position reconciliation identified a synthetic variance requiring investigation.,11107.05,GBP,High,Resolved,Reconciliation Operations,2026-08-01 10:11:00,2026-08-01 04:04:04.944985795,Manual processing error
EXC-000796,2026-08-05 03:16:00,PORT-1046,Cash,Summit Custody,Pricing Discrepancy,Synthetic valuation check found a price difference against an independent source.,30200.16,EUR,Medium,Escalated,Pricing & Valuation,2026-08-06 15:16:00,,Market data variance
EXC-000797,2026-08-06 14:57:00,PORT-1056,Equity,Cedar Exchange,Reconciliation Break,Cash and position reconciliation identified a synthetic variance requiring investigation.,255231.55,JPY,Medium,In Progress,Reconciliation Operations,2026-08-08 02:57:00,,Data mapping variance
EXC-000798,2026-08-03 13:17:00,PORT-1092,Fixed Income,Summit Custody,Reconciliation Break,Cash and position reconciliation identified a synthetic variance requiring investigation.,15914.5,USD,Medium,In Progress,Reconciliation Operations,2026-08-05 01:17:00,,Position or cash mismatch
EXC-000799,2026-07-31 16:12:00,PORT-1025,Cash,Northstar Clearing,Compliance Review,Synthetic control threshold requires documented analyst review before closure.,65941.12,USD,Medium,Open,Compliance Operations,2026-08-02 04:12:00,,Policy threshold review
EXC-000800,2026-07-30 12:21:00,PORT-1016,Cash,Harbor Trade Services,Compliance Review,Synthetic control threshold requires documented analyst review before closure.,46629.78,USD,Critical,Open,Compliance Operations,2026-07-30 18:21:00,,Policy threshold review
EXC-000801,2026-08-01 04:33:00,PORT-1011,Fixed Income,Meridian Markets,Compliance Review,Synthetic control threshold requires documented analyst review before closure.,22652.96,USD,Critical,Resolved,Compliance Operations,2026-08-01 10:33:00,2026-08-01 13:48:54.348472655,Policy threshold review
EXC-000802,2026-08-06 21:42:00,PORT-1073,FX,Cedar Exchange,Missing Trade Confirmation,Synthetic trade record is awaiting a counterparty confirmation within the control window.,33953.18,EUR,Medium,Open,Trade Support,2026-08-08 09:42:00,,Counterparty confirmation delay
EXC-000803,2026-08-07 07:13:00,PORT-1002,Fixed Income,Harbor Trade Services,Failed Settlement,Synthetic settlement instruction did not complete by the expected cycle.,169439.45,EUR,Medium,Open,Settlement Operations,2026-08-08 19:13:00,,Settlement instruction or funding issue
EXC-000804,2026-08-03 15:19:00,PORT-1070,Derivative,Summit Custody,Accounting Difference,Synthetic accounting control detected a ledger variance requiring review.,48111.52,USD,Low,Resolved,Fund Accounting,2026-08-06 15:19:00,2026-08-07 08:17:58.225419583,Manual processing error
EXC-000805,2026-08-05 07:35:00,PORT-1087,Equity,Aurora Securities,Reconciliation Break,Cash and position reconciliation identified a synthetic variance requiring investigation.,56687.53,USD,Medium,Resolved,Reconciliation Operations,2026-08-06 19:35:00,2026-08-07 04:26:46.651170280,Manual processing error
EXC-000806,2026-08-03 05:46:00,PORT-1067,Equity,Aurora Securities,Reconciliation Break,Cash and position reconciliation identified a synthetic variance requiring investigation.,144481.31,EUR,Low,Open,Reconciliation Operations,2026-08-06 05:46:00,,Position or cash mismatch
EXC-000807,2026-07-31 02:33:00,PORT-1017,FX,Summit Custody,Reporting Delay,Synthetic reporting package is delayed because an upstream input is incomplete.,19853.17,JPY,Medium,Resolved,Client Reporting,2026-08-01 14:33:00,2026-08-02 11:31:22.721269663,Upstream data delivery delay
EXC-000808,2026-08-03 21:16:00,PORT-1065,Equity,Harbor Trade Services,Reconciliation Break,Cash and position reconciliation identified a synthetic variance requiring investigation.,8961.92,USD,Medium,In Progress,Reconciliation Operations,2026-08-05 09:16:00,,Position or cash mismatch
EXC-000809,2026-08-05 19:05:00,PORT-1044,FX,Harbor Trade Services,Accounting Difference,Synthetic accounting control detected a ledger variance requiring review.,172260.78,USD,Medium,Resolved,Fund Accounting,2026-08-07 07:05:00,2026-08-05 23:43:20.884598722,Ledger posting difference
EXC-000810,2026-07-31 16:19:00,PORT-1003,Fixed Income,Meridian Markets,Failed Settlement,Synthetic settlement instruction did not complete by the expected cycle.,31049.81,USD,Critical,Resolved,Settlement Operations,2026-07-31 22:19:00,2026-07-31 19:16:51.768151779,Settlement instruction or funding issue
EXC-000811,2026-08-04 23:01:00,PORT-1020,Derivative,Meridian Markets,Reconciliation Break,Cash and position reconciliation identified a synthetic variance requiring investigation.,68753.36,USD,Critical,Escalated,Reconciliation Operations,2026-08-05 05:01:00,,Position or cash mismatch
EXC-000812,2026-08-03 07:17:00,PORT-1073,Derivative,Harbor Trade Services,Reconciliation Break,Cash and position reconciliation identified a synthetic variance requiring investigation.,12082.99,USD,Medium,Open,Reconciliation Operations,2026-08-04 19:17:00,,Data mapping variance
EXC-000813,2026-08-08 00:26:00,PORT-1055,Fixed Income,Northstar Clearing,Failed Settlement,Synthetic settlement instruction did not complete by the expected cycle.,40455.29,USD,High,In Progress,Settlement Operations,2026-08-08 16:26:00,,Settlement instruction or funding issue
EXC-000814,2026-08-04 06:56:00,PORT-1049,Derivative,Summit Custody,Accounting Difference,Synthetic accounting control detected a ledger variance requiring review.,8503.39,EUR,Medium,Resolved,Fund Accounting,2026-08-05 18:56:00,2026-08-05 23:29:40.341167490,Ledger posting difference
EXC-000815,2026-08-05 01:28:00,PORT-1077,Fixed Income,Cedar Exchange,Reconciliation Break,Cash and position reconciliation identified a synthetic variance requiring investigation.,28765.35,USD,High,In Progress,Reconciliation Operations,2026-08-05 17:28:00,,Position or cash mismatch
EXC-000816,2026-08-08 02:48:00,PORT-1052,Fixed Income,Northstar Clearing,Failed Settlement,Synthetic settlement instruction did not complete by the expected cycle.,13625.26,USD,High,Resolved,Settlement Operations,2026-08-08 18:48:00,2026-08-08 15:26:55.993742812,Settlement instruction or funding issue
EXC-000817,2026-08-07 05:41:00,PORT-1095,Equity,Summit Custody,Failed Settlement,Synthetic settlement instruction did not complete by the expected cycle.,10704.97,USD,Medium,Resolved,Settlement Operations,2026-08-08 17:41:00,2026-08-07 16:12:59.867555271,Settlement instruction or funding issue
EXC-000818,2026-08-02 07:38:00,PORT-1005,Derivative,Northstar Clearing,Accounting Difference,Synthetic accounting control detected a ledger variance requiring review.,19569.38,JPY,High,In Progress,Fund Accounting,2026-08-02 23:38:00,,Ledger posting difference
EXC-000819,2026-08-07 12:28:00,PORT-1029,Derivative,Harbor Trade Services,Reporting Delay,Synthetic reporting package is delayed because an upstream input is incomplete.,2421.01,USD,Medium,Open,Client Reporting,2026-08-09 00:28:00,,Upstream data delivery delay
EXC-000820,2026-08-08 01:19:00,PORT-1019,Cash,Meridian Markets,Missing Trade Confirmation,Synthetic trade record is awaiting a counterparty confirmation within the control window.,7959.35,USD,High,Open,Trade Support,2026-08-08 17:19:00,,Counterparty confirmation delay
EXC-000821,2026-08-08 19:11:00,PORT-1041,Derivative,Harbor Trade Services,Reconciliation Break,Cash and position reconciliation identified a synthetic variance requiring investigation.,61177.51,USD,Medium,In Progress,Reconciliation Operations,2026-08-10 07:11:00,,Position or cash mismatch
EXC-000822,2026-08-09 01:50:00,PORT-1090,Cash,Harbor Trade Services,Accounting Difference,Synthetic accounting control detected a ledger variance requiring review.,38756.34,EUR,Low,Resolved,Fund Accounting,2026-08-12 01:50:00,2026-08-13 00:32:02.530287555,Ledger posting difference
EXC-000823,2026-08-04 23:37:00,PORT-1041,Equity,Aurora Securities,Missing Trade Confirmation,Synthetic trade record is awaiting a counterparty confirmation within the control window.,8708.93,GBP,Critical,Escalated,Trade Support,2026-08-05 05:37:00,,Counterparty confirmation delay
EXC-000824,2026-08-04 10:40:00,PORT-1031,Cash,Harbor Trade Services,Reporting Delay,Synthetic reporting package is delayed because an upstream input is incomplete.,47823.25,USD,High,Open,Client Reporting,2026-08-05 02:40:00,,Upstream data delivery delay
EXC-000825,2026-08-03 02:43:00,PORT-1009,ETF,Harbor Trade Services,Reference Data Issue,Synthetic reference-data record has a missing or inconsistent attribute.,10698.69,USD,Medium,Resolved,Reference Data Operations,2026-08-04 14:43:00,2026-08-03 09:37:45.918637640,Late file delivery
EXC-000826,2026-08-03 15:08:00,PORT-1039,Fixed Income,Aurora Securities,Reconciliation Break,Cash and position reconciliation identified a synthetic variance requiring investigation.,57415.07,USD,Critical,Open,Reconciliation Operations,2026-08-03 21:08:00,,Position or cash mismatch
EXC-000827,2026-08-04 00:05:00,PORT-1023,ETF,Meridian Markets,Accounting Difference,Synthetic accounting control detected a ledger variance requiring review.,23827.1,EUR,Medium,Resolved,Fund Accounting,2026-08-05 12:05:00,2026-08-05 10:21:31.149333829,Ledger posting difference
EXC-000828,2026-07-30 09:22:00,PORT-1019,Fixed Income,Northstar Clearing,Missing Trade Confirmation,Synthetic trade record is awaiting a counterparty confirmation within the control window.,19122.5,JPY,Medium,Open,Trade Support,2026-07-31 21:22:00,,Counterparty confirmation delay
EXC-000829,2026-08-06 21:08:00,PORT-1014,Fixed Income,Summit Custody,Reference Data Issue,Synthetic reference-data record has a missing or inconsistent attribute.,24449.94,USD,High,Resolved,Reference Data Operations,2026-08-07 13:08:00,2026-08-07 12:49:20.856610178,Security master attribute gap
EXC-000830,2026-08-02 06:17:00,PORT-1062,Equity,Meridian Markets,Missing Trade Confirmation,Synthetic trade record is awaiting a counterparty confirmation within the control window.,395341.36,USD,Medium,Open,Trade Support,2026-08-03 18:17:00,,Counterparty confirmation delay
EXC-000831,2026-08-08 12:30:00,PORT-1070,Equity,Harbor Trade Services,Reporting Delay,Synthetic reporting package is delayed because an upstream input is incomplete.,12127.83,GBP,Medium,Open,Client Reporting,2026-08-10 00:30:00,,Upstream data delivery delay
EXC-000832,2026-07-31 21:21:00,PORT-1073,Fixed Income,Meridian Markets,Accounting Difference,Synthetic accounting control detected a ledger variance requiring review.,34128.45,EUR,High,Resolved,Fund Accounting,2026-08-01 13:21:00,2026-08-01 14:50:17.999174647,Ledger posting difference
EXC-000833,2026-08-05 17:05:00,PORT-1006,Derivative,Meridian Markets,Pricing Discrepancy,Synthetic valuation check found a price difference against an independent source.,61110.39,USD,Low,In Progress,Pricing & Valuation,2026-08-08 17:05:00,,Market data variance
EXC-000834,2026-08-05 20:33:00,PORT-1091,FX,Harbor Trade Services,Reporting Delay,Synthetic reporting package is delayed because an upstream input is incomplete.,9793.42,USD,Medium,In Progress,Client Reporting,2026-08-07 08:33:00,,Upstream data delivery delay
EXC-000835,2026-08-07 23:29:00,PORT-1050,ETF,Cedar Exchange,Compliance Review,Synthetic control threshold requires documented analyst review before closure.,5044.38,USD,Medium,In Progress,Compliance Operations,2026-08-09 11:29:00,,Policy threshold review
EXC-000836,2026-08-04 06:04:00,PORT-1056,Fixed Income,Summit Custody,Accounting Difference,Synthetic accounting control detected a ledger variance requiring review.,14311.9,GBP,High,Escalated,Fund Accounting,2026-08-04 22:04:00,,Ledger posting difference
EXC-000837,2026-08-05 08:59:00,PORT-1086,Fixed Income,Aurora Securities,Compliance Review,Synthetic control threshold requires documented analyst review before closure.,59720.84,EUR,Critical,In Progress,Compliance Operations,2026-08-05 14:59:00,,Policy threshold review
EXC-000838,2026-07-30 14:55:00,PORT-1028,Equity,Northstar Clearing,Failed Settlement,Synthetic settlement instruction did not complete by the expected cycle.,18786.55,EUR,Critical,Resolved,Settlement Operations,2026-07-30 20:55:00,2026-07-30 18:32:02.818052350,Settlement instruction or funding issue
EXC-000839,2026-08-07 13:37:00,PORT-1050,Derivative,Harbor Trade Services,Pricing Discrepancy,Synthetic valuation check found a price difference against an independent source.,21106.55,GBP,High,Resolved,Pricing & Valuation,2026-08-08 05:37:00,2026-08-07 16:06:51.903748877,Market data variance
EXC-000840,2026-08-05 03:40:00,PORT-1007,Equity,Cedar Exchange,Accounting Difference,Synthetic accounting control detected a ledger variance requiring review.,70004.03,USD,Low,Resolved,Fund Accounting,2026-08-08 03:40:00,2026-08-09 14:14:13.435660732,Ledger posting difference
EXC-000841,2026-07-31 07:55:00,PORT-1049,FX,Aurora Securities,Reconciliation Break,Cash and position reconciliation identified a synthetic variance requiring investigation.,11537.29,USD,Medium,In Progress,Reconciliation Operations,2026-08-01 19:55:00,,Position or cash mismatch
EXC-000842,2026-08-01 07:04:00,PORT-1027,Derivative,Harbor Trade Services,Reference Data Issue,Synthetic reference-data record has a missing or inconsistent attribute.,24509.28,USD,High,Resolved,Reference Data Operations,2026-08-01 23:04:00,2026-08-02 07:44:00.960158642,Security master attribute gap
EXC-000843,2026-08-01 17:04:00,PORT-1018,ETF,Aurora Securities,Accounting Difference,Synthetic accounting control detected a ledger variance requiring review.,5488.81,GBP,High,Open,Fund Accounting,2026-08-02 09:04:00,,Manual processing error
EXC-000844,2026-08-04 01:48:00,PORT-1061,Derivative,Harbor Trade Services,Pricing Discrepancy,Synthetic valuation check found a price difference against an independent source.,37675.11,EUR,Low,Resolved,Pricing & Valuation,2026-08-07 01:48:00,2026-08-06 15:32:09.161360706,Market data variance
EXC-000845,2026-07-31 14:36:00,PORT-1013,Fixed Income,Summit Custody,Reconciliation Break,Cash and position reconciliation identified a synthetic variance requiring investigation.,34234.27,USD,High,In Progress,Reconciliation Operations,2026-08-01 06:36:00,,Position or cash mismatch
EXC-000846,2026-08-07 03:22:00,PORT-1096,Derivative,Harbor Trade Services,Failed Settlement,Synthetic settlement instruction did not complete by the expected cycle.,62026.26,USD,High,Resolved,Settlement Operations,2026-08-07 19:22:00,2026-08-07 05:47:30.993071620,Settlement instruction or funding issue
EXC-000847,2026-08-01 05:40:00,PORT-1023,FX,Summit Custody,Pricing Discrepancy,Synthetic valuation check found a price difference against an independent source.,8082.7,EUR,Medium,Resolved,Pricing & Valuation,2026-08-02 17:40:00,2026-08-02 17:58:51.780618387,Market data variance
EXC-000848,2026-08-03 12:58:00,PORT-1008,Derivative,Aurora Securities,Reporting Delay,Synthetic reporting package is delayed because an upstream input is incomplete.,21993.85,EUR,High,Open,Client Reporting,2026-08-04 04:58:00,,Upstream data delivery delay
EXC-000849,2026-08-05 21:18:00,PORT-1044,FX,Cedar Exchange,Reconciliation Break,Cash and position reconciliation identified a synthetic variance requiring investigation.,7027.64,EUR,High,Open,Reconciliation Operations,2026-08-06 13:18:00,,Position or cash mismatch
EXC-000850,2026-08-07 04:21:00,PORT-1039,Derivative,Cedar Exchange,Failed Settlement,Synthetic settlement instruction did not complete by the expected cycle.,20776.71,USD,Critical,In Progress,Settlement Operations,2026-08-07 10:21:00,,Settlement instruction or funding issue
EXC-000851,2026-08-04 03:06:00,PORT-1065,Cash,Harbor Trade Services,Reconciliation Break,Cash and position reconciliation identified a synthetic variance requiring investigation.,127500.74,JPY,Medium,Resolved,Reconciliation Operations,2026-08-05 15:06:00,2026-08-05 00:49:17.098426537,Position or cash mismatch
EXC-000852,2026-08-09 08:12:00,PORT-1066,Fixed Income,Aurora Securities,Reconciliation Break,Cash and position reconciliation identified a synthetic variance requiring investigation.,19210.45,EUR,High,Open,Reconciliation Operations,2026-08-10 00:12:00,,Position or cash mismatch
EXC-000853,2026-08-02 05:20:00,PORT-1059,Derivative,Summit Custody,Reference Data Issue,Synthetic reference-data record has a missing or inconsistent attribute.,6411.09,EUR,Critical,Resolved,Reference Data Operations,2026-08-02 11:20:00,2026-08-02 07:43:42.783343200,Security master attribute gap
EXC-000854,2026-08-07 00:09:00,PORT-1057,Derivative,Meridian Markets,Failed Settlement,Synthetic settlement instruction did not complete by the expected cycle.,13175.66,EUR,Medium,In Progress,Settlement Operations,2026-08-08 12:09:00,,Settlement instruction or funding issue
EXC-000855,2026-08-05 10:36:00,PORT-1077,Fixed Income,Cedar Exchange,Missing Trade Confirmation,Synthetic trade record is awaiting a counterparty confirmation within the control window.,4956.73,JPY,High,Escalated,Trade Support,2026-08-06 02:36:00,,Counterparty confirmation delay
EXC-000856,2026-08-07 09:43:00,PORT-1064,Cash,Meridian Markets,Pricing Discrepancy,Synthetic valuation check found a price difference against an independent source.,6901.12,JPY,High,In Progress,Pricing & Valuation,2026-08-08 01:43:00,,Market data variance
EXC-000857,2026-08-04 17:14:00,PORT-1014,Fixed Income,Meridian Markets,Compliance Review,Synthetic control threshold requires documented analyst review before closure.,54422.68,EUR,High,Open,Compliance Operations,2026-08-05 09:14:00,,Policy threshold review
EXC-000858,2026-08-05 14:46:00,PORT-1046,ETF,Summit Custody,Reference Data Issue,Synthetic reference-data record has a missing or inconsistent attribute.,5892.31,USD,Critical,In Progress,Reference Data Operations,2026-08-05 20:46:00,,Security master attribute gap
EXC-000859,2026-08-07 10:59:00,PORT-1068,Equity,Meridian Markets,Pricing Discrepancy,Synthetic valuation check found a price difference against an independent source.,37344.65,USD,Low,Resolved,Pricing & Valuation,2026-08-10 10:59:00,2026-08-08 14:14:06.568657032,Market data variance
EXC-000860,2026-07-31 10:42:00,PORT-1027,Equity,Aurora Securities,Accounting Difference,Synthetic accounting control detected a ledger variance requiring review.,27640.29,GBP,Low,In Progress,Fund Accounting,2026-08-03 10:42:00,,Ledger posting difference
EXC-000861,2026-08-01 18:12:00,PORT-1085,Derivative,Summit Custody,Compliance Review,Synthetic control threshold requires documented analyst review before closure.,15396.5,EUR,Critical,Escalated,Compliance Operations,2026-08-02 00:12:00,,Policy threshold review
EXC-000862,2026-08-05 11:23:00,PORT-1048,Fixed Income,Meridian Markets,Compliance Review,Synthetic control threshold requires documented analyst review before closure.,34156.82,USD,Medium,In Progress,Compliance Operations,2026-08-06 23:23:00,,Manual processing error
EXC-000863,2026-08-08 19:08:00,PORT-1032,Fixed Income,Harbor Trade Services,Reference Data Issue,Synthetic reference-data record has a missing or inconsistent attribute.,10051.28,USD,Medium,Resolved,Reference Data Operations,2026-08-10 07:08:00,2026-08-09 09:19:36.202752783,Security master attribute gap
EXC-000864,2026-07-31 21:27:00,PORT-1038,Equity,Summit Custody,Accounting Difference,Synthetic accounting control detected a ledger variance requiring review.,65048.38,JPY,High,Escalated,Fund Accounting,2026-08-01 13:27:00,,Ledger posting difference
EXC-000865,2026-08-02 08:53:00,PORT-1061,Fixed Income,Cedar Exchange,Reconciliation Break,Cash and position reconciliation identified a synthetic variance requiring investigation.,12922.73,GBP,Critical,Escalated,Reconciliation Operations,2026-08-02 14:53:00,,Position or cash mismatch
EXC-000866,2026-08-03 19:23:00,PORT-1070,Derivative,Meridian Markets,Failed Settlement,Synthetic settlement instruction did not complete by the expected cycle.,17931.51,JPY,Critical,Open,Settlement Operations,2026-08-04 01:23:00,,Data mapping variance
EXC-000867,2026-08-03 06:28:00,PORT-1026,Derivative,Harbor Trade Services,Reference Data Issue,Synthetic reference-data record has a missing or inconsistent attribute.,15825.56,USD,High,In Progress,Reference Data Operations,2026-08-03 22:28:00,,Late file delivery
EXC-000868,2026-08-09 06:37:00,PORT-1017,Equity,Meridian Markets,Reference Data Issue,Synthetic reference-data record has a missing or inconsistent attribute.,55489.4,GBP,Low,In Progress,Reference Data Operations,2026-08-12 06:37:00,,Security master attribute gap
EXC-000869,2026-08-04 14:54:00,PORT-1009,ETF,Cedar Exchange,Reconciliation Break,Cash and position reconciliation identified a synthetic variance requiring investigation.,47651.34,GBP,Medium,Escalated,Reconciliation Operations,2026-08-06 02:54:00,,Position or cash mismatch
EXC-000870,2026-08-07 10:42:00,PORT-1049,Fixed Income,Northstar Clearing,Missing Trade Confirmation,Synthetic trade record is awaiting a counterparty confirmation within the control window.,1715.08,USD,Low,In Progress,Trade Support,2026-08-10 10:42:00,,Late file delivery
EXC-000871,2026-08-02 20:15:00,PORT-1091,FX,Northstar Clearing,Compliance Review,Synthetic control threshold requires documented analyst review before closure.,35135.07,USD,Medium,Resolved,Compliance Operations,2026-08-04 08:15:00,2026-08-03 18:47:33.800322870,Late file delivery
EXC-000872,2026-07-31 00:51:00,PORT-1094,Fixed Income,Summit Custody,Reconciliation Break,Cash and position reconciliation identified a synthetic variance requiring investigation.,4307.78,JPY,Medium,Escalated,Reconciliation Operations,2026-08-01 12:51:00,,Data mapping variance
EXC-000873,2026-08-04 00:32:00,PORT-1055,Fixed Income,Meridian Markets,Failed Settlement,Synthetic settlement instruction did not complete by the expected cycle.,18800.0,USD,High,Resolved,Settlement Operations,2026-08-04 16:32:00,2026-08-04 09:19:22.498368563,Settlement instruction or funding issue
EXC-000874,2026-08-03 07:00:00,PORT-1053,Fixed Income,Harbor Trade Services,Pricing Discrepancy,Synthetic valuation check found a price difference against an independent source.,24014.6,EUR,Medium,Open,Pricing & Valuation,2026-08-04 19:00:00,,Market data variance
EXC-000875,2026-08-02 16:24:00,PORT-1050,ETF,Cedar Exchange,Compliance Review,Synthetic control threshold requires documented analyst review before closure.,18589.25,EUR,Medium,Resolved,Compliance Operations,2026-08-04 04:24:00,2026-08-04 18:47:25.007177478,Policy threshold review
EXC-000876,2026-07-31 00:41:00,PORT-1024,Fixed Income,Aurora Securities,Failed Settlement,Synthetic settlement instruction did not complete by the expected cycle.,45517.87,EUR,Critical,In Progress,Settlement Operations,2026-07-31 06:41:00,,Settlement instruction or funding issue
EXC-000877,2026-08-08 22:43:00,PORT-1041,Fixed Income,Meridian Markets,Pricing Discrepancy,Synthetic valuation check found a price difference against an independent source.,57301.4,USD,Low,In Progress,Pricing & Valuation,2026-08-11 22:43:00,,Market data variance
EXC-000878,2026-08-06 05:42:00,PORT-1092,Derivative,Summit Custody,Missing Trade Confirmation,Synthetic trade record is awaiting a counterparty confirmation within the control window.,11942.53,EUR,Critical,Escalated,Trade Support,2026-08-06 11:42:00,,Counterparty confirmation delay
EXC-000879,2026-08-06 15:48:00,PORT-1061,Derivative,Northstar Clearing,Reporting Delay,Synthetic reporting package is delayed because an upstream input is incomplete.,11495.53,USD,Critical,In Progress,Client Reporting,2026-08-06 21:48:00,,Upstream data delivery delay
EXC-000880,2026-08-02 05:18:00,PORT-1024,Fixed Income,Cedar Exchange,Accounting Difference,Synthetic accounting control detected a ledger variance requiring review.,25906.05,GBP,Medium,In Progress,Fund Accounting,2026-08-03 17:18:00,,Ledger posting difference
EXC-000881,2026-08-04 21:20:00,PORT-1009,Derivative,Aurora Securities,Pricing Discrepancy,Synthetic valuation check found a price difference against an independent source.,5319.22,USD,Medium,Open,Pricing & Valuation,2026-08-06 09:20:00,,Market data variance
EXC-000882,2026-08-01 14:39:00,PORT-1074,Derivative,Summit Custody,Reporting Delay,Synthetic reporting package is delayed because an upstream input is incomplete.,16304.12,EUR,Medium,Open,Client Reporting,2026-08-03 02:39:00,,Upstream data delivery delay
EXC-000883,2026-08-04 14:35:00,PORT-1089,Equity,Meridian Markets,Failed Settlement,Synthetic settlement instruction did not complete by the expected cycle.,110799.96,GBP,High,Resolved,Settlement Operations,2026-08-05 06:35:00,2026-08-05 04:37:43.094532868,Settlement instruction or funding issue
EXC-000884,2026-07-30 14:22:00,PORT-1011,ETF,Cedar Exchange,Pricing Discrepancy,Synthetic valuation check found a price difference against an independent source.,5532.44,USD,Medium,Resolved,Pricing & Valuation,2026-08-01 02:22:00,2026-07-31 18:14:29.365985909,Market data variance
EXC-000885,2026-08-01 15:52:00,PORT-1037,Fixed Income,Cedar Exchange,Reconciliation Break,Cash and position reconciliation identified a synthetic variance requiring investigation.,18823.79,USD,Low,Resolved,Reconciliation Operations,2026-08-04 15:52:00,2026-08-02 16:34:18.088746227,Position or cash mismatch
EXC-000886,2026-08-09 03:56:00,PORT-1084,FX,Northstar Clearing,Pricing Discrepancy,Synthetic valuation check found a price difference against an independent source.,14444.72,GBP,Medium,Open,Pricing & Valuation,2026-08-10 15:56:00,,Market data variance
EXC-000887,2026-07-30 11:05:00,PORT-1025,Equity,Cedar Exchange,Pricing Discrepancy,Synthetic valuation check found a price difference against an independent source.,220914.55,USD,Medium,Open,Pricing & Valuation,2026-07-31 23:05:00,,Market data variance
EXC-000888,2026-07-30 19:48:00,PORT-1018,FX,Aurora Securities,Reconciliation Break,Cash and position reconciliation identified a synthetic variance requiring investigation.,15294.46,USD,Medium,In Progress,Reconciliation Operations,2026-08-01 07:48:00,,Position or cash mismatch
EXC-000889,2026-08-08 21:32:00,PORT-1039,Equity,Cedar Exchange,Reconciliation Break,Cash and position reconciliation identified a synthetic variance requiring investigation.,16255.69,USD,Low,In Progress,Reconciliation Operations,2026-08-11 21:32:00,,Manual processing error
EXC-000890,2026-08-05 10:37:00,PORT-1039,ETF,Summit Custody,Reporting Delay,Synthetic reporting package is delayed because an upstream input is incomplete.,9115.18,JPY,High,Resolved,Client Reporting,2026-08-06 02:37:00,2026-08-06 09:58:42.503816181,Upstream data delivery delay
EXC-000891,2026-07-30 16:17:00,PORT-1048,Cash,Meridian Markets,Missing Trade Confirmation,Synthetic trade record is awaiting a counterparty confirmation within the control window.,27167.8,USD,Medium,Resolved,Trade Support,2026-08-01 04:17:00,2026-07-30 23:37:22.585542438,Counterparty confirmation delay
EXC-000892,2026-07-31 22:59:00,PORT-1095,Fixed Income,Harbor Trade Services,Failed Settlement,Synthetic settlement instruction did not complete by the expected cycle.,35727.48,USD,Critical,Resolved,Settlement Operations,2026-08-01 04:59:00,2026-08-01 01:54:08.032348083,Settlement instruction or funding issue
EXC-000893,2026-08-04 15:30:00,PORT-1096,Derivative,Meridian Markets,Missing Trade Confirmation,Synthetic trade record is awaiting a counterparty confirmation within the control window.,10613.58,JPY,Medium,Resolved,Trade Support,2026-08-06 03:30:00,2026-08-06 06:03:02.494611004,Counterparty confirmation delay
EXC-000894,2026-08-03 22:12:00,PORT-1057,Cash,Harbor Trade Services,Reconciliation Break,Cash and position reconciliation identified a synthetic variance requiring investigation.,75974.95,USD,Medium,In Progress,Reconciliation Operations,2026-08-05 10:12:00,,Position or cash mismatch
EXC-000895,2026-08-09 00:35:00,PORT-1008,Derivative,Summit Custody,Compliance Review,Synthetic control threshold requires documented analyst review before closure.,35761.13,USD,High,Resolved,Compliance Operations,2026-08-09 16:35:00,2026-08-09 19:41:45.389655697,Policy threshold review
EXC-000896,2026-08-03 16:57:00,PORT-1026,Equity,Harbor Trade Services,Failed Settlement,Synthetic settlement instruction did not complete by the expected cycle.,65807.84,USD,Critical,Escalated,Settlement Operations,2026-08-03 22:57:00,,Settlement instruction or funding issue
EXC-000897,2026-08-02 16:55:00,PORT-1018,Derivative,Summit Custody,Missing Trade Confirmation,Synthetic trade record is awaiting a counterparty confirmation within the control window.,19062.11,USD,Low,Escalated,Trade Support,2026-08-05 16:55:00,,Counterparty confirmation delay
EXC-000898,2026-08-05 18:11:00,PORT-1001,Equity,Summit Custody,Missing Trade Confirmation,Synthetic trade record is awaiting a counterparty confirmation within the control window.,34729.46,USD,High,In Progress,Trade Support,2026-08-06 10:11:00,,Counterparty confirmation delay
EXC-000899,2026-08-06 06:31:00,PORT-1038,Fixed Income,Northstar Clearing,Reconciliation Break,Cash and position reconciliation identified a synthetic variance requiring investigation.,21509.47,EUR,High,Resolved,Reconciliation Operations,2026-08-06 22:31:00,2026-08-07 04:02:56.326625661,Position or cash mismatch
EXC-000900,2026-08-01 01:55:00,PORT-1001,Derivative,Cedar Exchange,Accounting Difference,Synthetic accounting control detected a ledger variance requiring review.,124313.97,USD,High,In Progress,Fund Accounting,2026-08-01 17:55:00,,Ledger posting difference
EXC-000901,2026-08-04 20:52:00,PORT-1057,FX,Summit Custody,Pricing Discrepancy,Synthetic valuation check found a price difference against an independent source.,30396.34,EUR,Medium,Resolved,Pricing & Valuation,2026-08-06 08:52:00,2026-08-05 23:47:07.841585904,Market data variance
EXC-000902,2026-08-06 16:59:00,PORT-1027,ETF,Aurora Securities,Missing Trade Confirmation,Synthetic trade record is awaiting a counterparty confirmation within the control window.,27151.61,USD,Medium,Escalated,Trade Support,2026-08-08 04:59:00,,Counterparty confirmation delay
EXC-000903,2026-08-05 15:21:00,PORT-1072,Fixed Income,Harbor Trade Services,Reconciliation Break,Cash and position reconciliation identified a synthetic variance requiring investigation.,16628.04,USD,Low,Escalated,Reconciliation Operations,2026-08-08 15:21:00,,Position or cash mismatch
EXC-000904,2026-08-04 09:40:00,PORT-1052,Derivative,Cedar Exchange,Accounting Difference,Synthetic accounting control detected a ledger variance requiring review.,15650.19,USD,Critical,Open,Fund Accounting,2026-08-04 15:40:00,,Data mapping variance
EXC-000905,2026-08-06 18:07:00,PORT-1094,FX,Harbor Trade Services,Failed Settlement,Synthetic settlement instruction did not complete by the expected cycle.,34530.84,USD,Critical,Open,Settlement Operations,2026-08-07 00:07:00,,Manual processing error
EXC-000906,2026-08-03 18:12:00,PORT-1048,Fixed Income,Meridian Markets,Reporting Delay,Synthetic reporting package is delayed because an upstream input is incomplete.,63612.6,EUR,Medium,Resolved,Client Reporting,2026-08-05 06:12:00,2026-08-04 17:37:06.398299953,Upstream data delivery delay
EXC-000907,2026-07-31 17:40:00,PORT-1016,Derivative,Summit Custody,Accounting Difference,Synthetic accounting control detected a ledger variance requiring review.,13111.09,USD,Medium,Resolved,Fund Accounting,2026-08-02 05:40:00,2026-08-01 13:52:48.323222632,Ledger posting difference
EXC-000908,2026-08-01 22:15:00,PORT-1091,Equity,Summit Custody,Reconciliation Break,Cash and position reconciliation identified a synthetic variance requiring investigation.,30727.34,USD,Low,Escalated,Reconciliation Operations,2026-08-04 22:15:00,,Data mapping variance
EXC-000909,2026-08-07 00:46:00,PORT-1031,Equity,Meridian Markets,Missing Trade Confirmation,Synthetic trade record is awaiting a counterparty confirmation within the control window.,32642.75,USD,Low,In Progress,Trade Support,2026-08-10 00:46:00,,Counterparty confirmation delay
EXC-000910,2026-08-04 14:58:00,PORT-1075,FX,Cedar Exchange,Missing Trade Confirmation,Synthetic trade record is awaiting a counterparty confirmation within the control window.,39194.11,GBP,Medium,Resolved,Trade Support,2026-08-06 02:58:00,2026-08-06 02:34:38.356138660,Counterparty confirmation delay
EXC-000911,2026-08-03 21:39:00,PORT-1077,Cash,Harbor Trade Services,Compliance Review,Synthetic control threshold requires documented analyst review before closure.,4478.88,USD,Medium,Resolved,Compliance Operations,2026-08-05 09:39:00,2026-08-04 21:10:22.258855943,Data mapping variance
EXC-000912,2026-08-02 13:23:00,PORT-1091,Equity,Aurora Securities,Reference Data Issue,Synthetic reference-data record has a missing or inconsistent attribute.,10188.66,GBP,High,Open,Reference Data Operations,2026-08-03 05:23:00,,Security master attribute gap
EXC-000913,2026-08-01 18:40:00,PORT-1063,Equity,Harbor Trade Services,Failed Settlement,Synthetic settlement instruction did not complete by the expected cycle.,6411.59,USD,High,Open,Settlement Operations,2026-08-02 10:40:00,,Settlement instruction or funding issue
EXC-000914,2026-08-04 12:13:00,PORT-1051,Equity,Harbor Trade Services,Failed Settlement,Synthetic settlement instruction did not complete by the expected cycle.,27848.34,USD,Medium,Resolved,Settlement Operations,2026-08-06 00:13:00,2026-08-05 10:36:29.150795149,Settlement instruction or funding issue
EXC-000915,2026-08-06 04:34:00,PORT-1038,Derivative,Harbor Trade Services,Failed Settlement,Synthetic settlement instruction did not complete by the expected cycle.,10446.04,EUR,High,Open,Settlement Operations,2026-08-06 20:34:00,,Settlement instruction or funding issue
EXC-000916,2026-08-02 18:05:00,PORT-1044,Equity,Aurora Securities,Failed Settlement,Synthetic settlement instruction did not complete by the expected cycle.,15977.66,USD,Low,Resolved,Settlement Operations,2026-08-05 18:05:00,2026-08-03 04:35:02.507091995,Data mapping variance
EXC-000917,2026-08-08 02:26:00,PORT-1077,Fixed Income,Northstar Clearing,Reconciliation Break,Cash and position reconciliation identified a synthetic variance requiring investigation.,7677.16,USD,High,Resolved,Reconciliation Operations,2026-08-08 18:26:00,2026-08-09 03:34:05.191350066,Data mapping variance
EXC-000918,2026-08-02 14:57:00,PORT-1056,Cash,Summit Custody,Reconciliation Break,Cash and position reconciliation identified a synthetic variance requiring investigation.,17616.68,JPY,High,In Progress,Reconciliation Operations,2026-08-03 06:57:00,,Position or cash mismatch
EXC-000919,2026-07-31 09:23:00,PORT-1005,Equity,Summit Custody,Missing Trade Confirmation,Synthetic trade record is awaiting a counterparty confirmation within the control window.,8264.22,USD,Medium,In Progress,Trade Support,2026-08-01 21:23:00,,Counterparty confirmation delay
EXC-000920,2026-08-02 06:10:00,PORT-1037,ETF,Cedar Exchange,Accounting Difference,Synthetic accounting control detected a ledger variance requiring review.,59623.43,USD,Low,Escalated,Fund Accounting,2026-08-05 06:10:00,,Ledger posting difference
EXC-000921,2026-08-04 23:43:00,PORT-1090,ETF,Summit Custody,Reconciliation Break,Cash and position reconciliation identified a synthetic variance requiring investigation.,44497.55,USD,Low,Resolved,Reconciliation Operations,2026-08-07 23:43:00,2026-08-05 15:01:54.223035662,Position or cash mismatch
EXC-000922,2026-08-01 02:53:00,PORT-1021,Derivative,Aurora Securities,Reference Data Issue,Synthetic reference-data record has a missing or inconsistent attribute.,31499.93,USD,Low,Resolved,Reference Data Operations,2026-08-04 02:53:00,2026-08-02 17:21:45.143245679,Security master attribute gap
EXC-000923,2026-08-04 00:44:00,PORT-1047,Fixed Income,Cedar Exchange,Reporting Delay,Synthetic reporting package is delayed because an upstream input is incomplete.,19593.65,GBP,Medium,Resolved,Client Reporting,2026-08-05 12:44:00,2026-08-06 07:48:18.455066131,Upstream data delivery delay
EXC-000924,2026-08-03 22:34:00,PORT-1082,Fixed Income,Cedar Exchange,Accounting Difference,Synthetic accounting control detected a ledger variance requiring review.,3166.65,USD,Low,Resolved,Fund Accounting,2026-08-06 22:34:00,2026-08-07 16:12:45.445884359,Ledger posting difference
EXC-000925,2026-07-31 19:58:00,PORT-1029,Equity,Cedar Exchange,Reconciliation Break,Cash and position reconciliation identified a synthetic variance requiring investigation.,16628.66,JPY,High,Escalated,Reconciliation Operations,2026-08-01 11:58:00,,Position or cash mismatch
EXC-000926,2026-08-07 09:54:00,PORT-1067,Derivative,Northstar Clearing,Missing Trade Confirmation,Synthetic trade record is awaiting a counterparty confirmation within the control window.,12094.07,EUR,Low,Resolved,Trade Support,2026-08-10 09:54:00,2026-08-10 10:13:40.370985438,Counterparty confirmation delay
EXC-000927,2026-08-01 13:23:00,PORT-1077,Derivative,Summit Custody,Reconciliation Break,Cash and position reconciliation identified a synthetic variance requiring investigation.,34878.92,JPY,Low,Resolved,Reconciliation Operations,2026-08-04 13:23:00,2026-08-04 22:49:06.938439368,Position or cash mismatch
EXC-000928,2026-08-02 13:09:00,PORT-1032,Equity,Meridian Markets,Reference Data Issue,Synthetic reference-data record has a missing or inconsistent attribute.,51569.85,GBP,Medium,In Progress,Reference Data Operations,2026-08-04 01:09:00,,Security master attribute gap
EXC-000929,2026-08-04 01:43:00,PORT-1088,Fixed Income,Harbor Trade Services,Accounting Difference,Synthetic accounting control detected a ledger variance requiring review.,37830.25,JPY,Low,In Progress,Fund Accounting,2026-08-07 01:43:00,,Ledger posting difference
EXC-000930,2026-08-08 14:23:00,PORT-1044,Derivative,Northstar Clearing,Compliance Review,Synthetic control threshold requires documented analyst review before closure.,101335.31,EUR,Critical,Resolved,Compliance Operations,2026-08-08 20:23:00,2026-08-08 15:59:39.640625357,Policy threshold review
EXC-000931,2026-08-01 17:05:00,PORT-1030,Equity,Northstar Clearing,Missing Trade Confirmation,Synthetic trade record is awaiting a counterparty confirmation within the control window.,14813.14,USD,Medium,In Progress,Trade Support,2026-08-03 05:05:00,,Counterparty confirmation delay
EXC-000932,2026-08-07 04:18:00,PORT-1023,Fixed Income,Cedar Exchange,Pricing Discrepancy,Synthetic valuation check found a price difference against an independent source.,14182.09,USD,Medium,Resolved,Pricing & Valuation,2026-08-08 16:18:00,2026-08-09 05:09:37.064478706,Market data variance
EXC-000933,2026-07-31 09:35:00,PORT-1027,ETF,Meridian Markets,Pricing Discrepancy,Synthetic valuation check found a price difference against an independent source.,79999.22,EUR,Low,Escalated,Pricing & Valuation,2026-08-03 09:35:00,,Market data variance
EXC-000934,2026-08-01 09:53:00,PORT-1056,Fixed Income,Harbor Trade Services,Compliance Review,Synthetic control threshold requires documented analyst review before closure.,32033.17,USD,Medium,In Progress,Compliance Operations,2026-08-02 21:53:00,,Policy threshold review
EXC-000935,2026-08-05 16:48:00,PORT-1023,Fixed Income,Cedar Exchange,Compliance Review,Synthetic control threshold requires documented analyst review before closure.,20757.26,EUR,Medium,Open,Compliance Operations,2026-08-07 04:48:00,,Policy threshold review
EXC-000936,2026-08-04 23:45:00,PORT-1036,Fixed Income,Cedar Exchange,Missing Trade Confirmation,Synthetic trade record is awaiting a counterparty confirmation within the control window.,186996.88,USD,High,Resolved,Trade Support,2026-08-05 15:45:00,2026-08-05 07:47:33.408702377,Counterparty confirmation delay
EXC-000937,2026-08-09 02:13:00,PORT-1070,Equity,Cedar Exchange,Failed Settlement,Synthetic settlement instruction did not complete by the expected cycle.,49346.25,GBP,Medium,Open,Settlement Operations,2026-08-10 14:13:00,,Settlement instruction or funding issue
EXC-000938,2026-08-04 09:24:00,PORT-1086,ETF,Aurora Securities,Reconciliation Break,Cash and position reconciliation identified a synthetic variance requiring investigation.,22024.89,USD,Medium,Resolved,Reconciliation Operations,2026-08-05 21:24:00,2026-08-06 18:23:17.757245645,Data mapping variance
EXC-000939,2026-08-08 19:03:00,PORT-1067,FX,Aurora Securities,Failed Settlement,Synthetic settlement instruction did not complete by the expected cycle.,13092.02,JPY,Medium,Resolved,Settlement Operations,2026-08-10 07:03:00,2026-08-09 12:06:50.807437108,Settlement instruction or funding issue
EXC-000940,2026-07-30 12:15:00,PORT-1052,ETF,Harbor Trade Services,Reconciliation Break,Cash and position reconciliation identified a synthetic variance requiring investigation.,108319.27,USD,High,In Progress,Reconciliation Operations,2026-07-31 04:15:00,,Position or cash mismatch
EXC-000941,2026-08-02 23:07:00,PORT-1069,Equity,Cedar Exchange,Missing Trade Confirmation,Synthetic trade record is awaiting a counterparty confirmation within the control window.,33434.61,USD,Medium,Resolved,Trade Support,2026-08-04 11:07:00,2026-08-04 13:52:54.259365776,Manual processing error
EXC-000942,2026-08-07 00:07:00,PORT-1041,Derivative,Summit Custody,Reference Data Issue,Synthetic reference-data record has a missing or inconsistent attribute.,27604.74,GBP,Medium,Resolved,Reference Data Operations,2026-08-08 12:07:00,2026-08-08 10:28:23.302872109,Security master attribute gap
EXC-000943,2026-08-01 07:40:00,PORT-1027,Equity,Summit Custody,Reconciliation Break,Cash and position reconciliation identified a synthetic variance requiring investigation.,54725.78,GBP,High,In Progress,Reconciliation Operations,2026-08-01 23:40:00,,Position or cash mismatch
EXC-000944,2026-08-09 04:07:00,PORT-1074,Derivative,Meridian Markets,Pricing Discrepancy,Synthetic valuation check found a price difference against an independent source.,67784.73,EUR,High,Open,Pricing & Valuation,2026-08-09 20:07:00,,Data mapping variance
EXC-000945,2026-08-03 21:17:00,PORT-1014,Fixed Income,Meridian Markets,Pricing Discrepancy,Synthetic valuation check found a price difference against an independent source.,47923.61,JPY,Medium,In Progress,Pricing & Valuation,2026-08-05 09:17:00,,Market data variance
EXC-000946,2026-08-08 05:29:00,PORT-1089,Derivative,Summit Custody,Missing Trade Confirmation,Synthetic trade record is awaiting a counterparty confirmation within the control window.,68062.0,USD,Critical,Resolved,Trade Support,2026-08-08 11:29:00,2026-08-08 07:31:01.271049476,Counterparty confirmation delay
EXC-000947,2026-08-08 19:24:00,PORT-1043,Equity,Aurora Securities,Compliance Review,Synthetic control threshold requires documented analyst review before closure.,43215.01,GBP,High,Open,Compliance Operations,2026-08-09 11:24:00,,Policy threshold review
EXC-000948,2026-08-06 22:14:00,PORT-1081,Equity,Harbor Trade Services,Reference Data Issue,Synthetic reference-data record has a missing or inconsistent attribute.,48176.91,USD,Low,In Progress,Reference Data Operations,2026-08-09 22:14:00,,Security master attribute gap
EXC-000949,2026-08-06 10:06:00,PORT-1010,Fixed Income,Northstar Clearing,Reference Data Issue,Synthetic reference-data record has a missing or inconsistent attribute.,12478.72,USD,High,Open,Reference Data Operations,2026-08-07 02:06:00,,Data mapping variance
EXC-000950,2026-08-02 02:23:00,PORT-1049,Equity,Northstar Clearing,Missing Trade Confirmation,Synthetic trade record is awaiting a counterparty confirmation within the control window.,180028.7,USD,Medium,In Progress,Trade Support,2026-08-03 14:23:00,,Counterparty confirmation delay
EXC-000951,2026-07-31 10:33:00,PORT-1042,Equity,Cedar Exchange,Accounting Difference,Synthetic accounting control detected a ledger variance requiring review.,7366.07,USD,Medium,Open,Fund Accounting,2026-08-01 22:33:00,,Ledger posting difference
EXC-000952,2026-08-01 14:05:00,PORT-1035,FX,Summit Custody,Missing Trade Confirmation,Synthetic trade record is awaiting a counterparty confirmation within the control window.,37229.12,EUR,Medium,Resolved,Trade Support,2026-08-03 02:05:00,2026-08-02 14:23:36.102252060,Manual processing error
EXC-000953,2026-08-01 22:40:00,PORT-1051,Derivative,Summit Custody,Missing Trade Confirmation,Synthetic trade record is awaiting a counterparty confirmation within the control window.,6610.37,EUR,High,Open,Trade Support,2026-08-02 14:40:00,,Counterparty confirmation delay
EXC-000954,2026-08-03 17:18:00,PORT-1065,Equity,Meridian Markets,Reconciliation Break,Cash and position reconciliation identified a synthetic variance requiring investigation.,24269.24,USD,Medium,Resolved,Reconciliation Operations,2026-08-05 05:18:00,2026-08-05 16:39:12.977751673,Manual processing error
EXC-000955,2026-08-05 14:55:00,PORT-1093,Derivative,Summit Custody,Failed Settlement,Synthetic settlement instruction did not complete by the expected cycle.,14766.87,JPY,Medium,In Progress,Settlement Operations,2026-08-07 02:55:00,,Settlement instruction or funding issue
EXC-000956,2026-08-06 19:19:00,PORT-1081,Derivative,Meridian Markets,Failed Settlement,Synthetic settlement instruction did not complete by the expected cycle.,31024.85,USD,Low,In Progress,Settlement Operations,2026-08-09 19:19:00,,Settlement instruction or funding issue
EXC-000957,2026-07-30 22:13:00,PORT-1023,Derivative,Northstar Clearing,Compliance Review,Synthetic control threshold requires documented analyst review before closure.,38516.64,USD,Medium,Open,Compliance Operations,2026-08-01 10:13:00,,Policy threshold review
EXC-000958,2026-08-04 03:02:00,PORT-1096,FX,Northstar Clearing,Accounting Difference,Synthetic accounting control detected a ledger variance requiring review.,9856.14,EUR,High,Resolved,Fund Accounting,2026-08-04 19:02:00,2026-08-04 10:09:26.961785393,Data mapping variance
EXC-000959,2026-08-03 16:35:00,PORT-1049,FX,Aurora Securities,Accounting Difference,Synthetic accounting control detected a ledger variance requiring review.,26084.98,USD,High,Escalated,Fund Accounting,2026-08-04 08:35:00,,Ledger posting difference
EXC-000960,2026-08-09 05:08:00,PORT-1045,ETF,Summit Custody,Accounting Difference,Synthetic accounting control detected a ledger variance requiring review.,116233.68,USD,Low,Open,Fund Accounting,2026-08-12 05:08:00,,Ledger posting difference
EXC-000961,2026-08-04 18:41:00,PORT-1002,FX,Harbor Trade Services,Accounting Difference,Synthetic accounting control detected a ledger variance requiring review.,6782.64,EUR,High,Escalated,Fund Accounting,2026-08-05 10:41:00,,Ledger posting difference
EXC-000962,2026-08-02 13:21:00,PORT-1066,Cash,Summit Custody,Pricing Discrepancy,Synthetic valuation check found a price difference against an independent source.,10973.55,USD,High,In Progress,Pricing & Valuation,2026-08-03 05:21:00,,Late file delivery
EXC-000963,2026-08-04 10:11:00,PORT-1087,Equity,Summit Custody,Reconciliation Break,Cash and position reconciliation identified a synthetic variance requiring investigation.,66422.58,USD,Medium,Resolved,Reconciliation Operations,2026-08-05 22:11:00,2026-08-06 19:32:15.051245381,Data mapping variance
EXC-000964,2026-08-03 04:50:00,PORT-1029,Fixed Income,Harbor Trade Services,Reconciliation Break,Cash and position reconciliation identified a synthetic variance requiring investigation.,29185.65,EUR,Low,Resolved,Reconciliation Operations,2026-08-06 04:50:00,2026-08-04 22:01:25.719480313,Position or cash mismatch
EXC-000965,2026-08-01 05:58:00,PORT-1085,Equity,Harbor Trade Services,Failed Settlement,Synthetic settlement instruction did not complete by the expected cycle.,31530.57,USD,Critical,Open,Settlement Operations,2026-08-01 11:58:00,,Settlement instruction or funding issue
EXC-000966,2026-08-09 02:56:00,PORT-1009,Cash,Cedar Exchange,Accounting Difference,Synthetic accounting control detected a ledger variance requiring review.,78701.5,GBP,Low,Open,Fund Accounting,2026-08-12 02:56:00,,Ledger posting difference
EXC-000967,2026-07-31 06:46:00,PORT-1095,Fixed Income,Northstar Clearing,Failed Settlement,Synthetic settlement instruction did not complete by the expected cycle.,11686.95,GBP,Medium,Open,Settlement Operations,2026-08-01 18:46:00,,Settlement instruction or funding issue
EXC-000968,2026-08-01 04:22:00,PORT-1025,FX,Harbor Trade Services,Reconciliation Break,Cash and position reconciliation identified a synthetic variance requiring investigation.,15594.88,USD,Medium,Resolved,Reconciliation Operations,2026-08-02 16:22:00,2026-08-02 19:12:23.384414987,Position or cash mismatch
EXC-000969,2026-08-05 03:45:00,PORT-1048,Derivative,Summit Custody,Accounting Difference,Synthetic accounting control detected a ledger variance requiring review.,13701.03,USD,Critical,Escalated,Fund Accounting,2026-08-05 09:45:00,,Ledger posting difference
EXC-000970,2026-08-01 16:35:00,PORT-1002,Cash,Meridian Markets,Missing Trade Confirmation,Synthetic trade record is awaiting a counterparty confirmation within the control window.,18664.65,USD,Medium,Resolved,Trade Support,2026-08-03 04:35:00,2026-08-03 06:59:25.907546195,Counterparty confirmation delay
EXC-000971,2026-08-08 16:41:00,PORT-1089,Equity,Aurora Securities,Missing Trade Confirmation,Synthetic trade record is awaiting a counterparty confirmation within the control window.,109809.05,EUR,High,In Progress,Trade Support,2026-08-09 08:41:00,,Manual processing error
EXC-000972,2026-08-06 07:09:00,PORT-1050,Derivative,Aurora Securities,Reconciliation Break,Cash and position reconciliation identified a synthetic variance requiring investigation.,4509.16,USD,Critical,Escalated,Reconciliation Operations,2026-08-06 13:09:00,,Late file delivery
EXC-000973,2026-08-08 07:05:00,PORT-1096,Derivative,Harbor Trade Services,Reconciliation Break,Cash and position reconciliation identified a synthetic variance requiring investigation.,7677.66,JPY,Low,Open,Reconciliation Operations,2026-08-11 07:05:00,,Position or cash mismatch
EXC-000974,2026-08-02 23:29:00,PORT-1037,Equity,Meridian Markets,Failed Settlement,Synthetic settlement instruction did not complete by the expected cycle.,6412.68,USD,Medium,Resolved,Settlement Operations,2026-08-04 11:29:00,2026-08-04 05:44:01.676082446,Settlement instruction or funding issue
EXC-000975,2026-07-31 18:39:00,PORT-1006,Derivative,Northstar Clearing,Missing Trade Confirmation,Synthetic trade record is awaiting a counterparty confirmation within the control window.,117216.58,EUR,High,In Progress,Trade Support,2026-08-01 10:39:00,,Counterparty confirmation delay
EXC-000976,2026-08-03 07:31:00,PORT-1067,Fixed Income,Meridian Markets,Reporting Delay,Synthetic reporting package is delayed because an upstream input is incomplete.,14113.4,USD,High,Open,Client Reporting,2026-08-03 23:31:00,,Late file delivery
EXC-000977,2026-08-02 05:32:00,PORT-1016,FX,Northstar Clearing,Pricing Discrepancy,Synthetic valuation check found a price difference against an independent source.,19091.39,USD,Medium,Open,Pricing & Valuation,2026-08-03 17:32:00,,Market data variance
EXC-000978,2026-08-07 22:00:00,PORT-1061,ETF,Northstar Clearing,Pricing Discrepancy,Synthetic valuation check found a price difference against an independent source.,4937.6,USD,High,Resolved,Pricing & Valuation,2026-08-08 14:00:00,2026-08-08 15:57:47.606986000,Market data variance
EXC-000979,2026-07-31 00:19:00,PORT-1004,Equity,Cedar Exchange,Accounting Difference,Synthetic accounting control detected a ledger variance requiring review.,20424.59,EUR,Medium,Open,Fund Accounting,2026-08-01 12:19:00,,Ledger posting difference
EXC-000980,2026-08-07 10:13:00,PORT-1017,Equity,Harbor Trade Services,Reconciliation Break,Cash and position reconciliation identified a synthetic variance requiring investigation.,66826.02,JPY,High,Resolved,Reconciliation Operations,2026-08-08 02:13:00,2026-08-08 06:20:21.948905565,Position or cash mismatch
EXC-000981,2026-08-04 02:09:00,PORT-1063,Equity,Summit Custody,Failed Settlement,Synthetic settlement instruction did not complete by the expected cycle.,35087.66,USD,High,Escalated,Settlement Operations,2026-08-04 18:09:00,,Data mapping variance
EXC-000982,2026-08-02 12:36:00,PORT-1067,Equity,Northstar Clearing,Reference Data Issue,Synthetic reference-data record has a missing or inconsistent attribute.,24022.42,USD,Low,In Progress,Reference Data Operations,2026-08-05 12:36:00,,Security master attribute gap
EXC-000983,2026-07-31 19:10:00,PORT-1015,FX,Cedar Exchange,Compliance Review,Synthetic control threshold requires documented analyst review before closure.,5202.37,USD,Critical,Open,Compliance Operations,2026-08-01 01:10:00,,Policy threshold review
EXC-000984,2026-07-31 00:05:00,PORT-1019,Fixed Income,Cedar Exchange,Pricing Discrepancy,Synthetic valuation check found a price difference against an independent source.,19065.78,USD,Low,Open,Pricing & Valuation,2026-08-03 00:05:00,,Market data variance
EXC-000985,2026-08-03 08:35:00,PORT-1085,Equity,Meridian Markets,Reconciliation Break,Cash and position reconciliation identified a synthetic variance requiring investigation.,31390.5,GBP,Critical,Open,Reconciliation Operations,2026-08-03 14:35:00,,Position or cash mismatch
EXC-000986,2026-08-03 14:17:00,PORT-1001,FX,Aurora Securities,Failed Settlement,Synthetic settlement instruction did not complete by the expected cycle.,9495.6,JPY,Critical,In Progress,Settlement Operations,2026-08-03 20:17:00,,Settlement instruction or funding issue
EXC-000987,2026-08-05 03:47:00,PORT-1023,FX,Summit Custody,Pricing Discrepancy,Synthetic valuation check found a price difference against an independent source.,53510.64,GBP,High,Resolved,Pricing & Valuation,2026-08-05 19:47:00,2026-08-05 20:51:23.493858329,Late file delivery
EXC-000988,2026-08-03 15:53:00,PORT-1096,ETF,Harbor Trade Services,Reconciliation Break,Cash and position reconciliation identified a synthetic variance requiring investigation.,68140.16,USD,Low,In Progress,Reconciliation Operations,2026-08-06 15:53:00,,Position or cash mismatch
EXC-000989,2026-08-02 14:27:00,PORT-1054,Cash,Northstar Clearing,Pricing Discrepancy,Synthetic valuation check found a price difference against an independent source.,15443.12,USD,Medium,Open,Pricing & Valuation,2026-08-04 02:27:00,,Late file delivery
EXC-000990,2026-08-02 20:57:00,PORT-1003,Fixed Income,Harbor Trade Services,Reference Data Issue,Synthetic reference-data record has a missing or inconsistent attribute.,57648.75,EUR,Low,Resolved,Reference Data Operations,2026-08-05 20:57:00,2026-08-05 19:16:44.426156992,Security master attribute gap
EXC-000991,2026-08-03 09:55:00,PORT-1088,Derivative,Harbor Trade Services,Reporting Delay,Synthetic reporting package is delayed because an upstream input is incomplete.,23975.16,USD,Medium,In Progress,Client Reporting,2026-08-04 21:55:00,,Late file delivery
EXC-000992,2026-08-04 22:35:00,PORT-1034,Equity,Harbor Trade Services,Compliance Review,Synthetic control threshold requires documented analyst review before closure.,89724.12,EUR,Medium,Resolved,Compliance Operations,2026-08-06 10:35:00,2026-08-06 12:18:58.935491932,Policy threshold review
EXC-000993,2026-08-07 09:27:00,PORT-1071,FX,Harbor Trade Services,Reference Data Issue,Synthetic reference-data record has a missing or inconsistent attribute.,227716.84,USD,High,Escalated,Reference Data Operations,2026-08-08 01:27:00,,Security master attribute gap
EXC-000994,2026-08-08 18:43:00,PORT-1063,Cash,Meridian Markets,Missing Trade Confirmation,Synthetic trade record is awaiting a counterparty confirmation within the control window.,8532.62,USD,Low,In Progress,Trade Support,2026-08-11 18:43:00,,Counterparty confirmation delay
EXC-000995,2026-08-05 03:45:00,PORT-1036,Derivative,Northstar Clearing,Failed Settlement,Synthetic settlement instruction did not complete by the expected cycle.,60352.56,GBP,Critical,Escalated,Settlement Operations,2026-08-05 09:45:00,,Settlement instruction or funding issue
EXC-000996,2026-08-05 08:34:00,PORT-1037,ETF,Meridian Markets,Pricing Discrepancy,Synthetic valuation check found a price difference against an independent source.,105896.0,USD,Critical,Resolved,Pricing & Valuation,2026-08-05 14:34:00,2026-08-05 12:58:35.839257443,Market data variance
EXC-000997,2026-08-03 06:28:00,PORT-1054,FX,Summit Custody,Reporting Delay,Synthetic reporting package is delayed because an upstream input is incomplete.,9708.78,JPY,High,Resolved,Client Reporting,2026-08-03 22:28:00,2026-08-03 10:07:17.910472969,Upstream data delivery delay
EXC-000998,2026-07-31 07:42:00,PORT-1038,Fixed Income,Cedar Exchange,Reconciliation Break,Cash and position reconciliation identified a synthetic variance requiring investigation.,14707.65,USD,Low,Resolved,Reconciliation Operations,2026-08-03 07:42:00,2026-08-01 09:55:56.544422790,Position or cash mismatch
EXC-000999,2026-08-02 08:09:00,PORT-1018,FX,Meridian Markets,Failed Settlement,Synthetic settlement instruction did not complete by the expected cycle.,14534.84,USD,High,Resolved,Settlement Operations,2026-08-03 00:09:00,2026-08-03 00:55:19.613905002,Settlement instruction or funding issue
EXC-001000,2026-08-01 06:48:00,PORT-1071,Derivative,Aurora Securities,Missing Trade Confirmation,Synthetic trade record is awaiting a counterparty confirmation within the control window.,23402.07,USD,Medium,Resolved,Trade Support,2026-08-02 18:48:00,2026-08-03 14:11:19.456779669,Counterparty confirmation delay
EXC-001001,2026-08-03 14:12:00,PORT-1067,Cash,Summit Custody,Reconciliation Break,Cash and position reconciliation identified a synthetic variance requiring investigation.,18505.37,USD,Medium,Resolved,Reconciliation Operations,2026-08-05 02:12:00,2026-08-03 19:56:16.041895082,Position or cash mismatch
EXC-001002,2026-07-31 01:56:00,PORT-1060,Fixed Income,Harbor Trade Services,Pricing Discrepancy,Synthetic valuation check found a price difference against an independent source.,21846.61,USD,High,Resolved,Pricing & Valuation,2026-07-31 17:56:00,2026-07-31 17:10:16.733846697,Manual processing error
EXC-001003,2026-07-30 23:00:00,PORT-1073,Equity,Meridian Markets,Reconciliation Break,Cash and position reconciliation identified a synthetic variance requiring investigation.,64853.6,USD,High,Resolved,Reconciliation Operations,2026-07-31 15:00:00,2026-07-31 07:05:25.669968233,Position or cash mismatch
EXC-001004,2026-08-07 19:27:00,PORT-1051,ETF,Meridian Markets,Reconciliation Break,Cash and position reconciliation identified a synthetic variance requiring investigation.,3675.33,EUR,Medium,Resolved,Reconciliation Operations,2026-08-09 07:27:00,2026-08-09 06:42:38.282378713,Position or cash mismatch
EXC-001005,2026-08-02 22:53:00,PORT-1091,Equity,Summit Custody,Reporting Delay,Synthetic reporting package is delayed because an upstream input is incomplete.,9676.08,GBP,Medium,In Progress,Client Reporting,2026-08-04 10:53:00,,Upstream data delivery delay
EXC-001006,2026-08-04 06:29:00,PORT-1087,Equity,Meridian Markets,Pricing Discrepancy,Synthetic valuation check found a price difference against an independent source.,54362.21,USD,Medium,Resolved,Pricing & Valuation,2026-08-05 18:29:00,2026-08-06 04:05:40.058150300,Data mapping variance
EXC-001007,2026-07-30 14:38:00,PORT-1097,Fixed Income,Summit Custody,Failed Settlement,Synthetic settlement instruction did not complete by the expected cycle.,48070.07,USD,Critical,Open,Settlement Operations,2026-07-30 20:38:00,,Settlement instruction or funding issue
EXC-001008,2026-08-03 11:36:00,PORT-1011,FX,Harbor Trade Services,Missing Trade Confirmation,Synthetic trade record is awaiting a counterparty confirmation within the control window.,8853.17,USD,High,Open,Trade Support,2026-08-04 03:36:00,,Counterparty confirmation delay
EXC-001009,2026-08-09 05:16:00,PORT-1010,Equity,Harbor Trade Services,Compliance Review,Synthetic control threshold requires documented analyst review before closure.,48420.91,GBP,Low,In Progress,Compliance Operations,2026-08-12 05:16:00,,Policy threshold review
EXC-001010,2026-08-07 05:40:00,PORT-1047,Equity,Aurora Securities,Pricing Discrepancy,Synthetic valuation check found a price difference against an independent source.,108359.57,EUR,Medium,In Progress,Pricing & Valuation,2026-08-08 17:40:00,,Market data variance
EXC-001011,2026-08-08 01:11:00,PORT-1068,Equity,Cedar Exchange,Reporting Delay,Synthetic reporting package is delayed because an upstream input is incomplete.,25553.31,USD,Medium,Resolved,Client Reporting,2026-08-09 13:11:00,2026-08-09 22:00:43.530671644,Upstream data delivery delay
EXC-001012,2026-08-07 07:52:00,PORT-1024,Derivative,Northstar Clearing,Accounting Difference,Synthetic accounting control detected a ledger variance requiring review.,9336.07,USD,Medium,Open,Fund Accounting,2026-08-08 19:52:00,,Ledger posting difference
EXC-001013,2026-08-08 09:57:00,PORT-1012,FX,Aurora Securities,Pricing Discrepancy,Synthetic valuation check found a price difference against an independent source.,67420.34,USD,Medium,Resolved,Pricing & Valuation,2026-08-09 21:57:00,2026-08-10 06:11:48.155077762,Market data variance
EXC-001014,2026-08-01 13:11:00,PORT-1004,Equity,Cedar Exchange,Failed Settlement,Synthetic settlement instruction did not complete by the expected cycle.,164258.67,USD,Medium,Resolved,Settlement Operations,2026-08-03 01:11:00,2026-08-03 12:24:23.176214199,Settlement instruction or funding issue
EXC-001015,2026-08-04 09:27:00,PORT-1055,Equity,Northstar Clearing,Pricing Discrepancy,Synthetic valuation check found a price difference against an independent source.,10610.0,USD,Medium,Open,Pricing & Valuation,2026-08-05 21:27:00,,Market data variance
EXC-001016,2026-08-02 14:34:00,PORT-1096,ETF,Cedar Exchange,Reconciliation Break,Cash and position reconciliation identified a synthetic variance requiring investigation.,28035.16,JPY,Low,In Progress,Reconciliation Operations,2026-08-05 14:34:00,,Position or cash mismatch
EXC-001017,2026-07-30 08:52:00,PORT-1046,Fixed Income,Meridian Markets,Reporting Delay,Synthetic reporting package is delayed because an upstream input is incomplete.,84513.23,USD,High,Resolved,Client Reporting,2026-07-31 00:52:00,2026-07-30 12:33:51.034608157,Data mapping variance
EXC-001018,2026-08-02 21:26:00,PORT-1072,ETF,Aurora Securities,Reference Data Issue,Synthetic reference-data record has a missing or inconsistent attribute.,30367.45,USD,Critical,Escalated,Reference Data Operations,2026-08-03 03:26:00,,Security master attribute gap
EXC-001019,2026-08-04 13:16:00,PORT-1006,Fixed Income,Summit Custody,Reconciliation Break,Cash and position reconciliation identified a synthetic variance requiring investigation.,4295.57,USD,Medium,In Progress,Reconciliation Operations,2026-08-06 01:16:00,,Position or cash mismatch
EXC-001020,2026-08-06 16:13:00,PORT-1022,Cash,Meridian Markets,Pricing Discrepancy,Synthetic valuation check found a price difference against an independent source.,42855.47,EUR,Medium,Open,Pricing & Valuation,2026-08-08 04:13:00,,Market data variance
EXC-001021,2026-08-01 18:28:00,PORT-1067,Fixed Income,Harbor Trade Services,Failed Settlement,Synthetic settlement instruction did not complete by the expected cycle.,9626.27,USD,Low,In Progress,Settlement Operations,2026-08-04 18:28:00,,Settlement instruction or funding issue
EXC-001022,2026-08-04 07:02:00,PORT-1040,FX,Harbor Trade Services,Compliance Review,Synthetic control threshold requires documented analyst review before closure.,7085.04,USD,Low,Open,Compliance Operations,2026-08-07 07:02:00,,Policy threshold review
EXC-001023,2026-08-01 19:24:00,PORT-1003,Equity,Meridian Markets,Failed Settlement,Synthetic settlement instruction did not complete by the expected cycle.,4384.65,USD,Medium,Open,Settlement Operations,2026-08-03 07:24:00,,Settlement instruction or funding issue
EXC-001024,2026-08-09 02:51:00,PORT-1023,Cash,Cedar Exchange,Accounting Difference,Synthetic accounting control detected a ledger variance requiring review.,93894.55,EUR,Critical,Escalated,Fund Accounting,2026-08-09 08:51:00,,Ledger posting difference
EXC-001025,2026-08-07 16:29:00,PORT-1078,Cash,Aurora Securities,Reporting Delay,Synthetic reporting package is delayed because an upstream input is incomplete.,11198.7,USD,High,Open,Client Reporting,2026-08-08 08:29:00,,Upstream data delivery delay
EXC-001026,2026-08-08 00:53:00,PORT-1068,FX,Cedar Exchange,Missing Trade Confirmation,Synthetic trade record is awaiting a counterparty confirmation within the control window.,38177.55,JPY,Medium,Open,Trade Support,2026-08-09 12:53:00,,Counterparty confirmation delay
EXC-001027,2026-08-02 13:00:00,PORT-1080,Fixed Income,Meridian Markets,Failed Settlement,Synthetic settlement instruction did not complete by the expected cycle.,49409.71,USD,Critical,Resolved,Settlement Operations,2026-08-02 19:00:00,2026-08-02 18:23:52.528255320,Settlement instruction or funding issue
EXC-001028,2026-08-04 04:16:00,PORT-1035,Equity,Meridian Markets,Pricing Discrepancy,Synthetic valuation check found a price difference against an independent source.,31885.61,USD,Medium,Resolved,Pricing & Valuation,2026-08-05 16:16:00,2026-08-04 23:00:19.532307472,Market data variance
EXC-001029,2026-08-06 03:34:00,PORT-1092,Derivative,Summit Custody,Compliance Review,Synthetic control threshold requires documented analyst review before closure.,36731.84,JPY,Medium,In Progress,Compliance Operations,2026-08-07 15:34:00,,Policy threshold review
EXC-001030,2026-08-06 06:20:00,PORT-1091,FX,Cedar Exchange,Pricing Discrepancy,Synthetic valuation check found a price difference against an independent source.,40138.87,GBP,Medium,Resolved,Pricing & Valuation,2026-08-07 18:20:00,2026-08-08 13:23:48.897000046,Market data variance
EXC-001031,2026-08-03 06:30:00,PORT-1037,Equity,Harbor Trade Services,Accounting Difference,Synthetic accounting control detected a ledger variance requiring review.,31101.23,USD,Low,Escalated,Fund Accounting,2026-08-06 06:30:00,,Ledger posting difference
EXC-001032,2026-07-30 17:13:00,PORT-1021,Fixed Income,Harbor Trade Services,Compliance Review,Synthetic control threshold requires documented analyst review before closure.,12110.55,GBP,High,Open,Compliance Operations,2026-07-31 09:13:00,,Policy threshold review
EXC-001033,2026-07-30 10:18:00,PORT-1095,Fixed Income,Aurora Securities,Accounting Difference,Synthetic accounting control detected a ledger variance requiring review.,11028.04,USD,Medium,Open,Fund Accounting,2026-07-31 22:18:00,,Ledger posting difference
EXC-001034,2026-08-04 15:06:00,PORT-1035,Derivative,Meridian Markets,Failed Settlement,Synthetic settlement instruction did not complete by the expected cycle.,24095.23,USD,High,Resolved,Settlement Operations,2026-08-05 07:06:00,2026-08-05 12:11:05.580078131,Settlement instruction or funding issue
EXC-001035,2026-08-02 16:26:00,PORT-1049,FX,Summit Custody,Pricing Discrepancy,Synthetic valuation check found a price difference against an independent source.,23565.23,GBP,Medium,Resolved,Pricing & Valuation,2026-08-04 04:26:00,2026-08-03 02:40:36.852693000,Market data variance
EXC-001036,2026-08-08 12:26:00,PORT-1092,FX,Aurora Securities,Reporting Delay,Synthetic reporting package is delayed because an upstream input is incomplete.,42225.76,EUR,High,Escalated,Client Reporting,2026-08-09 04:26:00,,Upstream data delivery delay
EXC-001037,2026-07-30 22:15:00,PORT-1027,FX,Aurora Securities,Pricing Discrepancy,Synthetic valuation check found a price difference against an independent source.,85539.42,USD,Medium,In Progress,Pricing & Valuation,2026-08-01 10:15:00,,Market data variance
EXC-001038,2026-08-09 03:45:00,PORT-1087,Fixed Income,Harbor Trade Services,Pricing Discrepancy,Synthetic valuation check found a price difference against an independent source.,38603.59,EUR,Medium,Escalated,Pricing & Valuation,2026-08-10 15:45:00,,Market data variance
EXC-001039,2026-08-05 21:38:00,PORT-1016,Fixed Income,Meridian Markets,Pricing Discrepancy,Synthetic valuation check found a price difference against an independent source.,11482.42,USD,Low,In Progress,Pricing & Valuation,2026-08-08 21:38:00,,Market data variance
EXC-001040,2026-08-02 02:12:00,PORT-1029,Equity,Summit Custody,Reconciliation Break,Cash and position reconciliation identified a synthetic variance requiring investigation.,2723.81,USD,High,Resolved,Reconciliation Operations,2026-08-02 18:12:00,2026-08-02 10:04:28.794859171,Position or cash mismatch
EXC-001041,2026-07-30 15:48:00,PORT-1039,Derivative,Cedar Exchange,Reconciliation Break,Cash and position reconciliation identified a synthetic variance requiring investigation.,11999.45,JPY,Medium,Resolved,Reconciliation Operations,2026-08-01 03:48:00,2026-07-31 21:11:36.714022216,Position or cash mismatch
EXC-001042,2026-08-07 15:05:00,PORT-1048,Fixed Income,Aurora Securities,Reporting Delay,Synthetic reporting package is delayed because an upstream input is incomplete.,6556.98,USD,Medium,Open,Client Reporting,2026-08-09 03:05:00,,Upstream data delivery delay
EXC-001043,2026-08-02 18:01:00,PORT-1024,Fixed Income,Meridian Markets,Reporting Delay,Synthetic reporting package is delayed because an upstream input is incomplete.,12495.32,EUR,High,Open,Client Reporting,2026-08-03 10:01:00,,Upstream data delivery delay
EXC-001044,2026-08-07 11:06:00,PORT-1087,Equity,Cedar Exchange,Reporting Delay,Synthetic reporting package is delayed because an upstream input is incomplete.,34696.39,EUR,Low,Resolved,Client Reporting,2026-08-10 11:06:00,2026-08-12 05:48:50.449601504,Upstream data delivery delay
EXC-001045,2026-08-08 19:33:00,PORT-1066,Equity,Meridian Markets,Reconciliation Break,Cash and position reconciliation identified a synthetic variance requiring investigation.,29395.89,USD,Medium,Resolved,Reconciliation Operations,2026-08-10 07:33:00,2026-08-09 05:54:38.876332995,Position or cash mismatch
EXC-001046,2026-08-05 02:56:00,PORT-1066,ETF,Aurora Securities,Missing Trade Confirmation,Synthetic trade record is awaiting a counterparty confirmation within the control window.,189299.65,USD,Medium,Open,Trade Support,2026-08-06 14:56:00,,Counterparty confirmation delay
EXC-001047,2026-08-03 13:56:00,PORT-1072,Equity,Summit Custody,Reconciliation Break,Cash and position reconciliation identified a synthetic variance requiring investigation.,44677.96,JPY,Medium,Resolved,Reconciliation Operations,2026-08-05 01:56:00,2026-08-05 01:32:14.105013481,Position or cash mismatch
EXC-001048,2026-08-06 16:35:00,PORT-1063,Equity,Summit Custody,Compliance Review,Synthetic control threshold requires documented analyst review before closure.,199710.81,EUR,Medium,In Progress,Compliance Operations,2026-08-08 04:35:00,,Policy threshold review
EXC-001049,2026-07-30 14:47:00,PORT-1064,Derivative,Summit Custody,Reference Data Issue,Synthetic reference-data record has a missing or inconsistent attribute.,57005.12,EUR,Medium,In Progress,Reference Data Operations,2026-08-01 02:47:00,,Security master attribute gap
EXC-001050,2026-08-03 05:18:00,PORT-1065,Fixed Income,Aurora Securities,Missing Trade Confirmation,Synthetic trade record is awaiting a counterparty confirmation within the control window.,84119.36,USD,Low,In Progress,Trade Support,2026-08-06 05:18:00,,Manual processing error
EXC-001051,2026-08-04 23:15:00,PORT-1071,Fixed Income,Meridian Markets,Reporting Delay,Synthetic reporting package is delayed because an upstream input is incomplete.,18456.14,USD,Low,Escalated,Client Reporting,2026-08-07 23:15:00,,Late file delivery
EXC-001052,2026-08-04 12:06:00,PORT-1091,Fixed Income,Northstar Clearing,Reconciliation Break,Cash and position reconciliation identified a synthetic variance requiring investigation.,8705.98,USD,Low,Open,Reconciliation Operations,2026-08-07 12:06:00,,Position or cash mismatch
EXC-001053,2026-08-04 17:21:00,PORT-1020,Derivative,Northstar Clearing,Missing Trade Confirmation,Synthetic trade record is awaiting a counterparty confirmation within the control window.,16790.9,USD,Critical,Resolved,Trade Support,2026-08-04 23:21:00,2026-08-04 21:12:10.869735392,Counterparty confirmation delay
EXC-001054,2026-08-08 05:45:00,PORT-1051,Fixed Income,Meridian Markets,Reconciliation Break,Cash and position reconciliation identified a synthetic variance requiring investigation.,26569.97,USD,Medium,Open,Reconciliation Operations,2026-08-09 17:45:00,,Manual processing error
EXC-001055,2026-08-03 06:57:00,PORT-1019,Derivative,Cedar Exchange,Missing Trade Confirmation,Synthetic trade record is awaiting a counterparty confirmation within the control window.,13910.97,EUR,Medium,Escalated,Trade Support,2026-08-04 18:57:00,,Late file delivery
EXC-001056,2026-08-01 12:24:00,PORT-1018,Cash,Summit Custody,Reporting Delay,Synthetic reporting package is delayed because an upstream input is incomplete.,9403.15,GBP,Medium,Resolved,Client Reporting,2026-08-03 00:24:00,2026-08-03 04:19:13.533681465,Upstream data delivery delay
EXC-001057,2026-08-05 03:02:00,PORT-1094,FX,Meridian Markets,Failed Settlement,Synthetic settlement instruction did not complete by the expected cycle.,41675.95,USD,High,Open,Settlement Operations,2026-08-05 19:02:00,,Manual processing error
EXC-001058,2026-08-05 01:37:00,PORT-1047,Fixed Income,Cedar Exchange,Missing Trade Confirmation,Synthetic trade record is awaiting a counterparty confirmation within the control window.,9361.24,USD,Low,In Progress,Trade Support,2026-08-08 01:37:00,,Counterparty confirmation delay
EXC-001059,2026-07-31 05:32:00,PORT-1070,Derivative,Meridian Markets,Accounting Difference,Synthetic accounting control detected a ledger variance requiring review.,5376.72,EUR,Medium,In Progress,Fund Accounting,2026-08-01 17:32:00,,Ledger posting difference
EXC-001060,2026-08-03 05:29:00,PORT-1072,Fixed Income,Aurora Securities,Compliance Review,Synthetic control threshold requires documented analyst review before closure.,8281.75,USD,High,In Progress,Compliance Operations,2026-08-03 21:29:00,,Policy threshold review
EXC-001061,2026-08-06 08:31:00,PORT-1004,Fixed Income,Meridian Markets,Failed Settlement,Synthetic settlement instruction did not complete by the expected cycle.,21034.66,JPY,Medium,Resolved,Settlement Operations,2026-08-07 20:31:00,2026-08-08 00:34:02.759487878,Settlement instruction or funding issue
EXC-001062,2026-08-09 07:50:00,PORT-1049,ETF,Cedar Exchange,Reporting Delay,Synthetic reporting package is delayed because an upstream input is incomplete.,9504.64,USD,High,Resolved,Client Reporting,2026-08-09 23:50:00,2026-08-09 15:38:34.846538489,Late file delivery
EXC-001063,2026-08-01 02:31:00,PORT-1018,Fixed Income,Cedar Exchange,Missing Trade Confirmation,Synthetic trade record is awaiting a counterparty confirmation within the control window.,21173.5,USD,High,In Progress,Trade Support,2026-08-01 18:31:00,,Counterparty confirmation delay
EXC-001064,2026-08-03 01:29:00,PORT-1031,Equity,Meridian Markets,Reporting Delay,Synthetic reporting package is delayed because an upstream input is incomplete.,50537.28,USD,High,Resolved,Client Reporting,2026-08-03 17:29:00,2026-08-03 22:38:23.810830172,Upstream data delivery delay
EXC-001065,2026-08-03 01:48:00,PORT-1019,Fixed Income,Northstar Clearing,Missing Trade Confirmation,Synthetic trade record is awaiting a counterparty confirmation within the control window.,49176.21,JPY,Low,In Progress,Trade Support,2026-08-06 01:48:00,,Manual processing error
EXC-001066,2026-08-06 13:02:00,PORT-1066,Equity,Summit Custody,Failed Settlement,Synthetic settlement instruction did not complete by the expected cycle.,13441.91,USD,Low,Open,Settlement Operations,2026-08-09 13:02:00,,Manual processing error
EXC-001067,2026-08-07 11:29:00,PORT-1013,Fixed Income,Northstar Clearing,Pricing Discrepancy,Synthetic valuation check found a price difference against an independent source.,6842.18,EUR,Low,Open,Pricing & Valuation,2026-08-10 11:29:00,,Market data variance
EXC-001068,2026-08-04 10:02:00,PORT-1045,ETF,Meridian Markets,Reporting Delay,Synthetic reporting package is delayed because an upstream input is incomplete.,14699.89,USD,High,In Progress,Client Reporting,2026-08-05 02:02:00,,Data mapping variance
EXC-001069,2026-08-01 19:17:00,PORT-1030,Cash,Northstar Clearing,Reconciliation Break,Cash and position reconciliation identified a synthetic variance requiring investigation.,53553.0,USD,Critical,Escalated,Reconciliation Operations,2026-08-02 01:17:00,,Late file delivery
EXC-001070,2026-08-06 09:20:00,PORT-1095,Equity,Meridian Markets,Pricing Discrepancy,Synthetic valuation check found a price difference against an independent source.,68436.12,GBP,Critical,Open,Pricing & Valuation,2026-08-06 15:20:00,,Market data variance
EXC-001071,2026-08-04 01:52:00,PORT-1078,FX,Summit Custody,Reference Data Issue,Synthetic reference-data record has a missing or inconsistent attribute.,38969.49,USD,Medium,Resolved,Reference Data Operations,2026-08-05 13:52:00,2026-08-04 11:12:48.252916036,Security master attribute gap
EXC-001072,2026-07-30 09:24:00,PORT-1035,Fixed Income,Northstar Clearing,Reporting Delay,Synthetic reporting package is delayed because an upstream input is incomplete.,94988.19,USD,High,In Progress,Client Reporting,2026-07-31 01:24:00,,Upstream data delivery delay
EXC-001073,2026-08-07 04:19:00,PORT-1029,Equity,Northstar Clearing,Pricing Discrepancy,Synthetic valuation check found a price difference against an independent source.,165323.96,USD,Medium,Resolved,Pricing & Valuation,2026-08-08 16:19:00,2026-08-09 05:41:59.120470165,Market data variance
EXC-001074,2026-08-07 01:12:00,PORT-1071,Equity,Meridian Markets,Failed Settlement,Synthetic settlement instruction did not complete by the expected cycle.,16197.48,GBP,Critical,Escalated,Settlement Operations,2026-08-07 07:12:00,,Data mapping variance
EXC-001075,2026-08-06 23:55:00,PORT-1062,Equity,Northstar Clearing,Reference Data Issue,Synthetic reference-data record has a missing or inconsistent attribute.,128141.63,USD,Medium,In Progress,Reference Data Operations,2026-08-08 11:55:00,,Security master attribute gap
EXC-001076,2026-07-31 04:58:00,PORT-1055,Equity,Aurora Securities,Missing Trade Confirmation,Synthetic trade record is awaiting a counterparty confirmation within the control window.,20464.01,USD,Low,Open,Trade Support,2026-08-03 04:58:00,,Counterparty confirmation delay
EXC-001077,2026-08-04 01:56:00,PORT-1008,Fixed Income,Cedar Exchange,Accounting Difference,Synthetic accounting control detected a ledger variance requiring review.,78499.0,JPY,Low,In Progress,Fund Accounting,2026-08-07 01:56:00,,Ledger posting difference
EXC-001078,2026-07-31 03:56:00,PORT-1008,Fixed Income,Cedar Exchange,Accounting Difference,Synthetic accounting control detected a ledger variance requiring review.,56613.41,EUR,Critical,Escalated,Fund Accounting,2026-07-31 09:56:00,,Ledger posting difference
EXC-001079,2026-07-30 20:27:00,PORT-1063,ETF,Harbor Trade Services,Reporting Delay,Synthetic reporting package is delayed because an upstream input is incomplete.,3374.79,GBP,Medium,In Progress,Client Reporting,2026-08-01 08:27:00,,Upstream data delivery delay
EXC-001080,2026-08-05 03:13:00,PORT-1047,Equity,Cedar Exchange,Missing Trade Confirmation,Synthetic trade record is awaiting a counterparty confirmation within the control window.,9754.28,EUR,Medium,Resolved,Trade Support,2026-08-06 15:13:00,2026-08-05 19:12:42.484454010,Counterparty confirmation delay
EXC-001081,2026-08-08 18:58:00,PORT-1082,Equity,Meridian Markets,Missing Trade Confirmation,Synthetic trade record is awaiting a counterparty confirmation within the control window.,7462.51,EUR,Medium,Open,Trade Support,2026-08-10 06:58:00,,Counterparty confirmation delay
EXC-001082,2026-08-06 07:50:00,PORT-1003,Equity,Summit Custody,Failed Settlement,Synthetic settlement instruction did not complete by the expected cycle.,4141.65,USD,Critical,Escalated,Settlement Operations,2026-08-06 13:50:00,,Settlement instruction or funding issue
EXC-001083,2026-08-03 22:10:00,PORT-1019,ETF,Northstar Clearing,Failed Settlement,Synthetic settlement instruction did not complete by the expected cycle.,67729.75,USD,Critical,Resolved,Settlement Operations,2026-08-04 04:10:00,2026-08-04 04:17:56.416656552,Settlement instruction or funding issue
EXC-001084,2026-08-05 13:16:00,PORT-1078,Fixed Income,Meridian Markets,Reference Data Issue,Synthetic reference-data record has a missing or inconsistent attribute.,236147.16,EUR,Low,In Progress,Reference Data Operations,2026-08-08 13:16:00,,Security master attribute gap
EXC-001085,2026-08-09 08:24:00,PORT-1096,ETF,Cedar Exchange,Failed Settlement,Synthetic settlement instruction did not complete by the expected cycle.,20525.92,EUR,Low,Resolved,Settlement Operations,2026-08-12 08:24:00,2026-08-11 07:17:58.702256192,Settlement instruction or funding issue
EXC-001086,2026-07-30 11:07:00,PORT-1072,Equity,Northstar Clearing,Compliance Review,Synthetic control threshold requires documented analyst review before closure.,65964.01,JPY,High,In Progress,Compliance Operations,2026-07-31 03:07:00,,Policy threshold review
EXC-001087,2026-08-06 08:11:00,PORT-1002,Equity,Northstar Clearing,Compliance Review,Synthetic control threshold requires documented analyst review before closure.,127881.15,USD,Medium,Resolved,Compliance Operations,2026-08-07 20:11:00,2026-08-07 22:05:24.022261202,Policy threshold review
EXC-001088,2026-08-03 04:15:00,PORT-1005,Cash,Summit Custody,Compliance Review,Synthetic control threshold requires documented analyst review before closure.,33481.5,USD,Low,Resolved,Compliance Operations,2026-08-06 04:15:00,2026-08-04 18:20:55.500597259,Policy threshold review
EXC-001089,2026-07-30 21:10:00,PORT-1087,Equity,Meridian Markets,Accounting Difference,Synthetic accounting control detected a ledger variance requiring review.,26197.55,USD,Low,Resolved,Fund Accounting,2026-08-02 21:10:00,2026-08-02 20:29:01.337167445,Ledger posting difference
EXC-001090,2026-08-03 21:45:00,PORT-1049,Equity,Summit Custody,Pricing Discrepancy,Synthetic valuation check found a price difference against an independent source.,20785.85,EUR,Medium,In Progress,Pricing & Valuation,2026-08-05 09:45:00,,Market data variance
EXC-001091,2026-08-02 09:37:00,PORT-1049,Equity,Summit Custody,Missing Trade Confirmation,Synthetic trade record is awaiting a counterparty confirmation within the control window.,47308.1,USD,Medium,Resolved,Trade Support,2026-08-03 21:37:00,2026-08-02 14:23:17.616621227,Data mapping variance
EXC-001092,2026-08-08 23:56:00,PORT-1095,Cash,Harbor Trade Services,Reporting Delay,Synthetic reporting package is delayed because an upstream input is incomplete.,67401.92,GBP,Low,Open,Client Reporting,2026-08-11 23:56:00,,Upstream data delivery delay
EXC-001093,2026-08-02 09:23:00,PORT-1025,FX,Northstar Clearing,Missing Trade Confirmation,Synthetic trade record is awaiting a counterparty confirmation within the control window.,43690.9,EUR,Low,In Progress,Trade Support,2026-08-05 09:23:00,,Counterparty confirmation delay
EXC-001094,2026-07-31 20:42:00,PORT-1028,FX,Northstar Clearing,Missing Trade Confirmation,Synthetic trade record is awaiting a counterparty confirmation within the control window.,42143.52,USD,High,Open,Trade Support,2026-08-01 12:42:00,,Counterparty confirmation delay
EXC-001095,2026-07-31 04:17:00,PORT-1068,Cash,Northstar Clearing,Accounting Difference,Synthetic accounting control detected a ledger variance requiring review.,25494.98,USD,High,Open,Fund Accounting,2026-07-31 20:17:00,,Ledger posting difference
EXC-001096,2026-08-08 12:23:00,PORT-1089,Equity,Cedar Exchange,Pricing Discrepancy,Synthetic valuation check found a price difference against an independent source.,5051.28,EUR,High,Resolved,Pricing & Valuation,2026-08-09 04:23:00,2026-08-08 23:28:11.922440888,Late file delivery
EXC-001097,2026-08-07 01:52:00,PORT-1036,Cash,Cedar Exchange,Missing Trade Confirmation,Synthetic trade record is awaiting a counterparty confirmation within the control window.,69051.11,JPY,Medium,Resolved,Trade Support,2026-08-08 13:52:00,2026-08-09 03:42:15.097195483,Counterparty confirmation delay
EXC-001098,2026-08-08 21:01:00,PORT-1015,Equity,Summit Custody,Reference Data Issue,Synthetic reference-data record has a missing or inconsistent attribute.,6982.37,USD,Medium,Open,Reference Data Operations,2026-08-10 09:01:00,,Security master attribute gap
EXC-001099,2026-07-31 04:08:00,PORT-1006,FX,Northstar Clearing,Reference Data Issue,Synthetic reference-data record has a missing or inconsistent attribute.,51552.45,EUR,Critical,Resolved,Reference Data Operations,2026-07-31 10:08:00,2026-07-31 09:06:13.441670834,Data mapping variance
EXC-001100,2026-08-06 14:28:00,PORT-1001,Fixed Income,Summit Custody,Reconciliation Break,Cash and position reconciliation identified a synthetic variance requiring investigation.,59487.62,USD,High,Resolved,Reconciliation Operations,2026-08-07 06:28:00,2026-08-07 04:36:30.882131787,Position or cash mismatch
EXC-001101,2026-08-04 01:21:00,PORT-1037,Fixed Income,Aurora Securities,Reconciliation Break,Cash and position reconciliation identified a synthetic variance requiring investigation.,8123.74,USD,Medium,Escalated,Reconciliation Operations,2026-08-05 13:21:00,,Position or cash mismatch
EXC-001102,2026-08-04 14:23:00,PORT-1052,Cash,Harbor Trade Services,Missing Trade Confirmation,Synthetic trade record is awaiting a counterparty confirmation within the control window.,14211.53,USD,Medium,Resolved,Trade Support,2026-08-06 02:23:00,2026-08-06 04:56:23.228036289,Counterparty confirmation delay
EXC-001103,2026-08-02 10:51:00,PORT-1048,Equity,Summit Custody,Reference Data Issue,Synthetic reference-data record has a missing or inconsistent attribute.,249583.37,GBP,Medium,Open,Reference Data Operations,2026-08-03 22:51:00,,Security master attribute gap
EXC-001104,2026-07-31 10:01:00,PORT-1024,Cash,Meridian Markets,Reference Data Issue,Synthetic reference-data record has a missing or inconsistent attribute.,24749.08,JPY,Medium,Open,Reference Data Operations,2026-08-01 22:01:00,,Late file delivery
EXC-001105,2026-08-06 02:38:00,PORT-1067,Fixed Income,Harbor Trade Services,Reconciliation Break,Cash and position reconciliation identified a synthetic variance requiring investigation.,7470.94,USD,Medium,Resolved,Reconciliation Operations,2026-08-07 14:38:00,2026-08-07 06:52:10.552933592,Position or cash mismatch
EXC-001106,2026-08-01 11:24:00,PORT-1087,FX,Summit Custody,Compliance Review,Synthetic control threshold requires documented analyst review before closure.,62375.21,USD,Low,Open,Compliance Operations,2026-08-04 11:24:00,,Policy threshold review
EXC-001107,2026-08-06 11:01:00,PORT-1023,Cash,Summit Custody,Reconciliation Break,Cash and position reconciliation identified a synthetic variance requiring investigation.,11952.44,USD,Critical,Escalated,Reconciliation Operations,2026-08-06 17:01:00,,Position or cash mismatch
EXC-001108,2026-08-07 09:18:00,PORT-1067,Equity,Summit Custody,Pricing Discrepancy,Synthetic valuation check found a price difference against an independent source.,3581.19,EUR,Medium,Escalated,Pricing & Valuation,2026-08-08 21:18:00,,Market data variance
EXC-001109,2026-08-08 07:24:00,PORT-1054,Cash,Cedar Exchange,Failed Settlement,Synthetic settlement instruction did not complete by the expected cycle.,46432.64,USD,Critical,Escalated,Settlement Operations,2026-08-08 13:24:00,,Settlement instruction or funding issue
EXC-001110,2026-08-05 14:59:00,PORT-1068,ETF,Meridian Markets,Reconciliation Break,Cash and position reconciliation identified a synthetic variance requiring investigation.,10275.85,EUR,Low,In Progress,Reconciliation Operations,2026-08-08 14:59:00,,Position or cash mismatch
EXC-001111,2026-08-03 17:42:00,PORT-1002,FX,Northstar Clearing,Reconciliation Break,Cash and position reconciliation identified a synthetic variance requiring investigation.,37693.68,USD,High,Resolved,Reconciliation Operations,2026-08-04 09:42:00,2026-08-04 16:50:45.737860844,Position or cash mismatch
EXC-001112,2026-08-01 13:17:00,PORT-1066,Equity,Northstar Clearing,Pricing Discrepancy,Synthetic valuation check found a price difference against an independent source.,11460.66,EUR,High,Resolved,Pricing & Valuation,2026-08-02 05:17:00,2026-08-02 01:04:36.196504381,Market data variance
EXC-001113,2026-07-31 20:36:00,PORT-1074,ETF,Summit Custody,Reporting Delay,Synthetic reporting package is delayed because an upstream input is incomplete.,56532.13,USD,Low,Open,Client Reporting,2026-08-03 20:36:00,,Upstream data delivery delay
EXC-001114,2026-08-04 01:55:00,PORT-1067,FX,Aurora Securities,Failed Settlement,Synthetic settlement instruction did not complete by the expected cycle.,32619.75,EUR,Critical,Escalated,Settlement Operations,2026-08-04 07:55:00,,Settlement instruction or funding issue
EXC-001115,2026-08-05 05:58:00,PORT-1083,Fixed Income,Northstar Clearing,Failed Settlement,Synthetic settlement instruction did not complete by the expected cycle.,1774.6,EUR,Critical,Open,Settlement Operations,2026-08-05 11:58:00,,Settlement instruction or funding issue
EXC-001116,2026-08-07 14:31:00,PORT-1074,Equity,Northstar Clearing,Reconciliation Break,Cash and position reconciliation identified a synthetic variance requiring investigation.,40179.54,USD,High,In Progress,Reconciliation Operations,2026-08-08 06:31:00,,Position or cash mismatch
EXC-001117,2026-07-31 05:07:00,PORT-1097,Equity,Cedar Exchange,Reconciliation Break,Cash and position reconciliation identified a synthetic variance requiring investigation.,19846.48,USD,Low,Escalated,Reconciliation Operations,2026-08-03 05:07:00,,Position or cash mismatch
EXC-001118,2026-08-05 09:14:00,PORT-1066,Derivative,Summit Custody,Reference Data Issue,Synthetic reference-data record has a missing or inconsistent attribute.,119080.32,GBP,High,Resolved,Reference Data Operations,2026-08-06 01:14:00,2026-08-06 10:13:37.260924989,Security master attribute gap
EXC-001119,2026-08-01 16:39:00,PORT-1044,Equity,Harbor Trade Services,Missing Trade Confirmation,Synthetic trade record is awaiting a counterparty confirmation within the control window.,40740.1,EUR,Medium,In Progress,Trade Support,2026-08-03 04:39:00,,Counterparty confirmation delay
EXC-001120,2026-08-03 02:20:00,PORT-1082,FX,Harbor Trade Services,Failed Settlement,Synthetic settlement instruction did not complete by the expected cycle.,59513.93,USD,Critical,Escalated,Settlement Operations,2026-08-03 08:20:00,,Settlement instruction or funding issue
EXC-001121,2026-07-31 00:34:00,PORT-1069,Cash,Meridian Markets,Reporting Delay,Synthetic reporting package is delayed because an upstream input is incomplete.,12758.23,USD,Low,Open,Client Reporting,2026-08-03 00:34:00,,Upstream data delivery delay
EXC-001122,2026-07-30 14:37:00,PORT-1055,Equity,Meridian Markets,Reconciliation Break,Cash and position reconciliation identified a synthetic variance requiring investigation.,11736.15,USD,Low,In Progress,Reconciliation Operations,2026-08-02 14:37:00,,Data mapping variance
EXC-001123,2026-08-02 06:28:00,PORT-1057,Equity,Meridian Markets,Reference Data Issue,Synthetic reference-data record has a missing or inconsistent attribute.,26188.3,EUR,Medium,Open,Reference Data Operations,2026-08-03 18:28:00,,Security master attribute gap
EXC-001124,2026-08-02 17:59:00,PORT-1035,FX,Harbor Trade Services,Reconciliation Break,Cash and position reconciliation identified a synthetic variance requiring investigation.,18422.96,EUR,Medium,Resolved,Reconciliation Operations,2026-08-04 05:59:00,2026-08-04 22:36:18.286768920,Position or cash mismatch
EXC-001125,2026-08-07 23:49:00,PORT-1061,Equity,Meridian Markets,Pricing Discrepancy,Synthetic valuation check found a price difference against an independent source.,109634.73,USD,High,Resolved,Pricing & Valuation,2026-08-08 15:49:00,2026-08-08 12:02:41.624110171,Market data variance
EXC-001126,2026-08-09 04:34:00,PORT-1046,ETF,Aurora Securities,Accounting Difference,Synthetic accounting control detected a ledger variance requiring review.,22902.81,EUR,Low,Open,Fund Accounting,2026-08-12 04:34:00,,Ledger posting difference
EXC-001127,2026-08-03 21:19:00,PORT-1013,FX,Harbor Trade Services,Accounting Difference,Synthetic accounting control detected a ledger variance requiring review.,7434.88,EUR,Critical,Resolved,Fund Accounting,2026-08-04 03:19:00,2026-08-04 01:23:40.987303735,Ledger posting difference
EXC-001128,2026-08-02 07:08:00,PORT-1044,ETF,Summit Custody,Reporting Delay,Synthetic reporting package is delayed because an upstream input is incomplete.,11282.86,GBP,Low,Open,Client Reporting,2026-08-05 07:08:00,,Data mapping variance
EXC-001129,2026-08-01 20:58:00,PORT-1094,Fixed Income,Northstar Clearing,Reporting Delay,Synthetic reporting package is delayed because an upstream input is incomplete.,74109.84,USD,Medium,Resolved,Client Reporting,2026-08-03 08:58:00,2026-08-03 14:33:19.216611676,Upstream data delivery delay
EXC-001130,2026-08-06 19:49:00,PORT-1033,FX,Meridian Markets,Failed Settlement,Synthetic settlement instruction did not complete by the expected cycle.,22570.07,USD,Critical,Open,Settlement Operations,2026-08-07 01:49:00,,Settlement instruction or funding issue
EXC-001131,2026-08-04 07:46:00,PORT-1067,ETF,Northstar Clearing,Failed Settlement,Synthetic settlement instruction did not complete by the expected cycle.,21338.17,USD,Critical,Escalated,Settlement Operations,2026-08-04 13:46:00,,Settlement instruction or funding issue
EXC-001132,2026-07-31 17:31:00,PORT-1041,Equity,Harbor Trade Services,Accounting Difference,Synthetic accounting control detected a ledger variance requiring review.,81895.31,USD,Medium,Resolved,Fund Accounting,2026-08-02 05:31:00,2026-08-02 15:26:20.264581082,Ledger posting difference
EXC-001133,2026-08-08 09:57:00,PORT-1028,ETF,Cedar Exchange,Reconciliation Break,Cash and position reconciliation identified a synthetic variance requiring investigation.,10295.88,USD,High,Open,Reconciliation Operations,2026-08-09 01:57:00,,Late file delivery
EXC-001134,2026-08-05 12:16:00,PORT-1038,Derivative,Northstar Clearing,Compliance Review,Synthetic control threshold requires documented analyst review before closure.,2573.61,USD,Low,Open,Compliance Operations,2026-08-08 12:16:00,,Data mapping variance
EXC-001135,2026-07-30 22:15:00,PORT-1094,FX,Aurora Securities,Failed Settlement,Synthetic settlement instruction did not complete by the expected cycle.,10987.24,USD,Critical,Escalated,Settlement Operations,2026-07-31 04:15:00,,Settlement instruction or funding issue
EXC-001136,2026-08-07 08:38:00,PORT-1011,Fixed Income,Summit Custody,Missing Trade Confirmation,Synthetic trade record is awaiting a counterparty confirmation within the control window.,34689.54,EUR,Medium,Open,Trade Support,2026-08-08 20:38:00,,Counterparty confirmation delay
EXC-001137,2026-08-06 03:59:00,PORT-1066,Fixed Income,Summit Custody,Pricing Discrepancy,Synthetic valuation check found a price difference against an independent source.,20702.57,USD,Low,Escalated,Pricing & Valuation,2026-08-09 03:59:00,,Market data variance
EXC-001138,2026-08-04 15:49:00,PORT-1082,Equity,Meridian Markets,Pricing Discrepancy,Synthetic valuation check found a price difference against an independent source.,5226.77,EUR,Medium,In Progress,Pricing & Valuation,2026-08-06 03:49:00,,Market data variance
EXC-001139,2026-08-02 10:53:00,PORT-1019,Equity,Meridian Markets,Reconciliation Break,Cash and position reconciliation identified a synthetic variance requiring investigation.,78187.3,USD,Medium,In Progress,Reconciliation Operations,2026-08-03 22:53:00,,Position or cash mismatch
EXC-001140,2026-08-06 18:38:00,PORT-1075,Equity,Summit Custody,Reporting Delay,Synthetic reporting package is delayed because an upstream input is incomplete.,31941.83,USD,Critical,Escalated,Client Reporting,2026-08-07 00:38:00,,Upstream data delivery delay
EXC-001141,2026-08-01 10:13:00,PORT-1063,Cash,Aurora Securities,Pricing Discrepancy,Synthetic valuation check found a price difference against an independent source.,40476.04,USD,High,Resolved,Pricing & Valuation,2026-08-02 02:13:00,2026-08-01 16:41:11.609086461,Manual processing error
EXC-001142,2026-08-07 00:16:00,PORT-1034,Equity,Aurora Securities,Reference Data Issue,Synthetic reference-data record has a missing or inconsistent attribute.,41797.46,GBP,High,In Progress,Reference Data Operations,2026-08-07 16:16:00,,Data mapping variance
EXC-001143,2026-08-05 15:42:00,PORT-1018,Derivative,Harbor Trade Services,Reference Data Issue,Synthetic reference-data record has a missing or inconsistent attribute.,6881.21,GBP,High,Escalated,Reference Data Operations,2026-08-06 07:42:00,,Manual processing error
EXC-001144,2026-08-03 15:00:00,PORT-1093,Equity,Cedar Exchange,Reference Data Issue,Synthetic reference-data record has a missing or inconsistent attribute.,36975.95,USD,Low,Open,Reference Data Operations,2026-08-06 15:00:00,,Security master attribute gap
EXC-001145,2026-08-09 05:38:00,PORT-1020,Fixed Income,Harbor Trade Services,Pricing Discrepancy,Synthetic valuation check found a price difference against an independent source.,69760.73,EUR,Low,Open,Pricing & Valuation,2026-08-12 05:38:00,,Market data variance
EXC-001146,2026-08-01 16:19:00,PORT-1094,Fixed Income,Aurora Securities,Missing Trade Confirmation,Synthetic trade record is awaiting a counterparty confirmation within the control window.,89083.17,USD,High,Resolved,Trade Support,2026-08-02 08:19:00,2026-08-02 00:08:14.831666418,Counterparty confirmation delay
EXC-001147,2026-08-02 16:10:00,PORT-1064,Fixed Income,Harbor Trade Services,Compliance Review,Synthetic control threshold requires documented analyst review before closure.,57372.85,EUR,Medium,In Progress,Compliance Operations,2026-08-04 04:10:00,,Late file delivery
EXC-001148,2026-07-31 23:29:00,PORT-1084,Derivative,Harbor Trade Services,Reference Data Issue,Synthetic reference-data record has a missing or inconsistent attribute.,46110.05,USD,Medium,Resolved,Reference Data Operations,2026-08-02 11:29:00,2026-08-01 11:51:32.119021196,Manual processing error
EXC-001149,2026-08-06 14:36:00,PORT-1030,Cash,Cedar Exchange,Accounting Difference,Synthetic accounting control detected a ledger variance requiring review.,4340.34,USD,Medium,Open,Fund Accounting,2026-08-08 02:36:00,,Ledger posting difference
EXC-001150,2026-08-05 09:23:00,PORT-1003,Derivative,Cedar Exchange,Failed Settlement,Synthetic settlement instruction did not complete by the expected cycle.,26484.6,USD,Medium,Resolved,Settlement Operations,2026-08-06 21:23:00,2026-08-07 07:36:08.071142205,Settlement instruction or funding issue
EXC-001151,2026-07-31 08:37:00,PORT-1065,Equity,Northstar Clearing,Reconciliation Break,Cash and position reconciliation identified a synthetic variance requiring investigation.,9853.65,GBP,Medium,Resolved,Reconciliation Operations,2026-08-01 20:37:00,2026-08-02 04:17:09.317002972,Position or cash mismatch
EXC-001152,2026-08-08 16:23:00,PORT-1037,Derivative,Meridian Markets,Reference Data Issue,Synthetic reference-data record has a missing or inconsistent attribute.,103391.32,USD,Medium,Escalated,Reference Data Operations,2026-08-10 04:23:00,,Security master attribute gap
EXC-001153,2026-08-04 11:19:00,PORT-1054,Equity,Summit Custody,Reconciliation Break,Cash and position reconciliation identified a synthetic variance requiring investigation.,88159.1,EUR,Medium,Open,Reconciliation Operations,2026-08-05 23:19:00,,Position or cash mismatch
EXC-001154,2026-08-04 11:33:00,PORT-1045,Cash,Meridian Markets,Reconciliation Break,Cash and position reconciliation identified a synthetic variance requiring investigation.,9916.4,USD,Medium,Open,Reconciliation Operations,2026-08-05 23:33:00,,Position or cash mismatch
EXC-001155,2026-08-04 21:19:00,PORT-1032,ETF,Meridian Markets,Accounting Difference,Synthetic accounting control detected a ledger variance requiring review.,25635.23,USD,Critical,Escalated,Fund Accounting,2026-08-05 03:19:00,,Ledger posting difference
EXC-001156,2026-08-05 00:08:00,PORT-1071,Fixed Income,Aurora Securities,Reconciliation Break,Cash and position reconciliation identified a synthetic variance requiring investigation.,34924.19,USD,Medium,Resolved,Reconciliation Operations,2026-08-06 12:08:00,2026-08-05 14:51:59.102733562,Late file delivery
EXC-001157,2026-08-01 21:18:00,PORT-1050,Equity,Aurora Securities,Reconciliation Break,Cash and position reconciliation identified a synthetic variance requiring investigation.,69274.41,JPY,High,Open,Reconciliation Operations,2026-08-02 13:18:00,,Position or cash mismatch
EXC-001158,2026-08-07 08:51:00,PORT-1063,Equity,Meridian Markets,Reconciliation Break,Cash and position reconciliation identified a synthetic variance requiring investigation.,4631.34,GBP,High,Open,Reconciliation Operations,2026-08-08 00:51:00,,Position or cash mismatch
EXC-001159,2026-07-31 11:23:00,PORT-1066,Equity,Cedar Exchange,Pricing Discrepancy,Synthetic valuation check found a price difference against an independent source.,2643.6,USD,Low,Resolved,Pricing & Valuation,2026-08-03 11:23:00,2026-08-03 07:09:55.655193944,Manual processing error
EXC-001160,2026-07-31 09:09:00,PORT-1067,Cash,Aurora Securities,Compliance Review,Synthetic control threshold requires documented analyst review before closure.,28002.69,EUR,High,Resolved,Compliance Operations,2026-08-01 01:09:00,2026-08-01 05:46:42.886247877,Policy threshold review
EXC-001161,2026-08-07 13:07:00,PORT-1033,Derivative,Harbor Trade Services,Reconciliation Break,Cash and position reconciliation identified a synthetic variance requiring investigation.,1885.62,USD,Medium,Resolved,Reconciliation Operations,2026-08-09 01:07:00,2026-08-09 21:35:56.419478057,Position or cash mismatch
EXC-001162,2026-07-30 14:48:00,PORT-1076,Cash,Cedar Exchange,Reporting Delay,Synthetic reporting package is delayed because an upstream input is incomplete.,31777.1,USD,Medium,Resolved,Client Reporting,2026-08-01 02:48:00,2026-07-31 04:57:10.900042333,Upstream data delivery delay
EXC-001163,2026-08-06 17:57:00,PORT-1022,Equity,Cedar Exchange,Reference Data Issue,Synthetic reference-data record has a missing or inconsistent attribute.,50102.1,USD,Low,Open,Reference Data Operations,2026-08-09 17:57:00,,Security master attribute gap
EXC-001164,2026-08-08 20:15:00,PORT-1093,ETF,Northstar Clearing,Reconciliation Break,Cash and position reconciliation identified a synthetic variance requiring investigation.,98507.1,USD,High,Open,Reconciliation Operations,2026-08-09 12:15:00,,Position or cash mismatch
EXC-001165,2026-08-05 08:59:00,PORT-1080,Equity,Aurora Securities,Reconciliation Break,Cash and position reconciliation identified a synthetic variance requiring investigation.,13992.87,USD,Critical,Escalated,Reconciliation Operations,2026-08-05 14:59:00,,Position or cash mismatch
EXC-001166,2026-08-01 09:59:00,PORT-1055,ETF,Cedar Exchange,Reference Data Issue,Synthetic reference-data record has a missing or inconsistent attribute.,31864.27,EUR,Low,Resolved,Reference Data Operations,2026-08-04 09:59:00,2026-08-03 04:08:53.886789533,Data mapping variance
EXC-001167,2026-07-31 22:05:00,PORT-1018,Fixed Income,Summit Custody,Reference Data Issue,Synthetic reference-data record has a missing or inconsistent attribute.,53320.99,USD,Low,In Progress,Reference Data Operations,2026-08-03 22:05:00,,Security master attribute gap
EXC-001168,2026-08-02 21:54:00,PORT-1089,Fixed Income,Summit Custody,Accounting Difference,Synthetic accounting control detected a ledger variance requiring review.,7828.25,GBP,Low,Resolved,Fund Accounting,2026-08-05 21:54:00,2026-08-04 20:54:47.198036449,Manual processing error
EXC-001169,2026-08-01 06:07:00,PORT-1055,ETF,Summit Custody,Reference Data Issue,Synthetic reference-data record has a missing or inconsistent attribute.,70341.36,EUR,High,Open,Reference Data Operations,2026-08-01 22:07:00,,Security master attribute gap
EXC-001170,2026-08-06 18:06:00,PORT-1080,Equity,Aurora Securities,Reconciliation Break,Cash and position reconciliation identified a synthetic variance requiring investigation.,35884.45,GBP,Medium,Open,Reconciliation Operations,2026-08-08 06:06:00,,Position or cash mismatch
EXC-001171,2026-07-31 13:39:00,PORT-1003,Fixed Income,Aurora Securities,Pricing Discrepancy,Synthetic valuation check found a price difference against an independent source.,14246.71,EUR,Low,Escalated,Pricing & Valuation,2026-08-03 13:39:00,,Market data variance
EXC-001172,2026-08-03 00:11:00,PORT-1034,FX,Cedar Exchange,Compliance Review,Synthetic control threshold requires documented analyst review before closure.,31208.62,GBP,High,Open,Compliance Operations,2026-08-03 16:11:00,,Policy threshold review
EXC-001173,2026-08-08 00:07:00,PORT-1030,Equity,Meridian Markets,Missing Trade Confirmation,Synthetic trade record is awaiting a counterparty confirmation within the control window.,23241.59,USD,Medium,Open,Trade Support,2026-08-09 12:07:00,,Counterparty confirmation delay
EXC-001174,2026-08-08 02:18:00,PORT-1080,Cash,Northstar Clearing,Compliance Review,Synthetic control threshold requires documented analyst review before closure.,61027.36,USD,Medium,Resolved,Compliance Operations,2026-08-09 14:18:00,2026-08-09 17:02:37.510587805,Policy threshold review
EXC-001175,2026-08-06 15:45:00,PORT-1046,Fixed Income,Aurora Securities,Accounting Difference,Synthetic accounting control detected a ledger variance requiring review.,18425.98,USD,Medium,In Progress,Fund Accounting,2026-08-08 03:45:00,,Ledger posting difference
EXC-001176,2026-08-08 15:44:00,PORT-1012,Derivative,Northstar Clearing,Compliance Review,Synthetic control threshold requires documented analyst review before closure.,34147.51,JPY,Critical,Escalated,Compliance Operations,2026-08-08 21:44:00,,Policy threshold review
EXC-001177,2026-08-06 12:46:00,PORT-1061,FX,Harbor Trade Services,Pricing Discrepancy,Synthetic valuation check found a price difference against an independent source.,14016.94,USD,Medium,Resolved,Pricing & Valuation,2026-08-08 00:46:00,2026-08-07 00:36:02.220970239,Market data variance
EXC-001178,2026-07-30 10:16:00,PORT-1016,FX,Northstar Clearing,Pricing Discrepancy,Synthetic valuation check found a price difference against an independent source.,10049.37,EUR,Medium,Open,Pricing & Valuation,2026-07-31 22:16:00,,Market data variance
EXC-001179,2026-08-06 22:59:00,PORT-1044,FX,Aurora Securities,Missing Trade Confirmation,Synthetic trade record is awaiting a counterparty confirmation within the control window.,32212.49,EUR,Medium,Resolved,Trade Support,2026-08-08 10:59:00,2026-08-07 13:57:26.663283720,Counterparty confirmation delay
EXC-001180,2026-08-03 00:09:00,PORT-1098,Derivative,Summit Custody,Missing Trade Confirmation,Synthetic trade record is awaiting a counterparty confirmation within the control window.,10492.27,USD,High,In Progress,Trade Support,2026-08-03 16:09:00,,Counterparty confirmation delay
EXC-001181,2026-07-30 13:41:00,PORT-1043,FX,Harbor Trade Services,Compliance Review,Synthetic control threshold requires documented analyst review before closure.,62355.63,GBP,Medium,Open,Compliance Operations,2026-08-01 01:41:00,,Policy threshold review
EXC-001182,2026-08-06 20:06:00,PORT-1043,Fixed Income,Northstar Clearing,Reconciliation Break,Cash and position reconciliation identified a synthetic variance requiring investigation.,50103.4,USD,Critical,Resolved,Reconciliation Operations,2026-08-07 02:06:00,2026-08-07 03:59:03.876602130,Position or cash mismatch
EXC-001183,2026-08-02 09:02:00,PORT-1004,Equity,Summit Custody,Reconciliation Break,Cash and position reconciliation identified a synthetic variance requiring investigation.,12047.71,USD,Medium,In Progress,Reconciliation Operations,2026-08-03 21:02:00,,Position or cash mismatch
EXC-001184,2026-08-04 19:59:00,PORT-1046,ETF,Cedar Exchange,Reconciliation Break,Cash and position reconciliation identified a synthetic variance requiring investigation.,33673.6,EUR,High,Resolved,Reconciliation Operations,2026-08-05 11:59:00,2026-08-05 11:10:22.105464563,Position or cash mismatch
EXC-001185,2026-08-06 11:41:00,PORT-1094,Equity,Aurora Securities,Reconciliation Break,Cash and position reconciliation identified a synthetic variance requiring investigation.,11989.84,USD,Medium,Escalated,Reconciliation Operations,2026-08-07 23:41:00,,Data mapping variance
EXC-001186,2026-07-30 19:44:00,PORT-1094,Equity,Meridian Markets,Reference Data Issue,Synthetic reference-data record has a missing or inconsistent attribute.,4991.4,USD,High,Resolved,Reference Data Operations,2026-07-31 11:44:00,2026-07-31 01:34:46.517812139,Security master attribute gap
EXC-001187,2026-08-02 18:37:00,PORT-1095,Equity,Meridian Markets,Pricing Discrepancy,Synthetic valuation check found a price difference against an independent source.,14370.22,USD,Medium,In Progress,Pricing & Valuation,2026-08-04 06:37:00,,Market data variance
EXC-001188,2026-08-04 23:01:00,PORT-1036,ETF,Aurora Securities,Failed Settlement,Synthetic settlement instruction did not complete by the expected cycle.,25518.71,USD,Low,Open,Settlement Operations,2026-08-07 23:01:00,,Settlement instruction or funding issue
EXC-001189,2026-08-01 05:37:00,PORT-1007,Equity,Aurora Securities,Reconciliation Break,Cash and position reconciliation identified a synthetic variance requiring investigation.,46512.63,GBP,Low,Resolved,Reconciliation Operations,2026-08-04 05:37:00,2026-08-03 09:02:47.105474109,Data mapping variance
EXC-001190,2026-07-31 07:34:00,PORT-1024,FX,Harbor Trade Services,Reporting Delay,Synthetic reporting package is delayed because an upstream input is incomplete.,31475.16,GBP,Low,In Progress,Client Reporting,2026-08-03 07:34:00,,Data mapping variance
EXC-001191,2026-08-01 12:55:00,PORT-1021,Derivative,Aurora Securities,Pricing Discrepancy,Synthetic valuation check found a price difference against an independent source.,69776.9,USD,Critical,Resolved,Pricing & Valuation,2026-08-01 18:55:00,2026-08-01 14:52:16.764167323,Market data variance
EXC-001192,2026-07-31 15:46:00,PORT-1008,Derivative,Meridian Markets,Pricing Discrepancy,Synthetic valuation check found a price difference against an independent source.,9602.47,USD,Critical,Escalated,Pricing & Valuation,2026-07-31 21:46:00,,Market data variance
EXC-001193,2026-08-06 02:32:00,PORT-1070,Fixed Income,Aurora Securities,Reference Data Issue,Synthetic reference-data record has a missing or inconsistent attribute.,18114.48,USD,High,In Progress,Reference Data Operations,2026-08-06 18:32:00,,Security master attribute gap
EXC-001194,2026-08-05 21:36:00,PORT-1052,ETF,Northstar Clearing,Failed Settlement,Synthetic settlement instruction did not complete by the expected cycle.,151234.22,GBP,Critical,Escalated,Settlement Operations,2026-08-06 03:36:00,,Settlement instruction or funding issue
EXC-001195,2026-08-07 01:10:00,PORT-1071,ETF,Northstar Clearing,Reference Data Issue,Synthetic reference-data record has a missing or inconsistent attribute.,3541.71,EUR,High,Resolved,Reference Data Operations,2026-08-07 17:10:00,2026-08-07 11:57:55.144429000,Security master attribute gap
EXC-001196,2026-08-02 08:44:00,PORT-1020,Fixed Income,Aurora Securities,Reconciliation Break,Cash and position reconciliation identified a synthetic variance requiring investigation.,16738.19,USD,High,Resolved,Reconciliation Operations,2026-08-03 00:44:00,2026-08-02 20:27:00.763488411,Late file delivery
EXC-001197,2026-08-01 08:00:00,PORT-1069,FX,Cedar Exchange,Missing Trade Confirmation,Synthetic trade record is awaiting a counterparty confirmation within the control window.,8733.59,USD,Medium,In Progress,Trade Support,2026-08-02 20:00:00,,Counterparty confirmation delay
EXC-001198,2026-08-02 18:18:00,PORT-1007,Equity,Harbor Trade Services,Reporting Delay,Synthetic reporting package is delayed because an upstream input is incomplete.,21912.92,JPY,Medium,Resolved,Client Reporting,2026-08-04 06:18:00,2026-08-03 04:47:42.149300376,Upstream data delivery delay
EXC-001199,2026-08-03 09:04:00,PORT-1071,Cash,Aurora Securities,Missing Trade Confirmation,Synthetic trade record is awaiting a counterparty confirmation within the control window.,17048.72,GBP,High,Resolved,Trade Support,2026-08-04 01:04:00,2026-08-03 12:27:05.000182923,Counterparty confirmation delay
EXC-001200,2026-08-01 14:28:00,PORT-1080,Equity,Northstar Clearing,Compliance Review,Synthetic control threshold requires documented analyst review before closure.,50628.16,USD,Critical,In Progress,Compliance Operations,2026-08-01 20:28:00,,Policy threshold review
EXC-001201,2026-08-07 12:29:00,PORT-1025,Derivative,Cedar Exchange,Accounting Difference,Synthetic accounting control detected a ledger variance requiring review.,35182.24,GBP,Medium,Open,Fund Accounting,2026-08-09 00:29:00,,Ledger posting difference
EXC-001202,2026-08-05 16:39:00,PORT-1033,ETF,Harbor Trade Services,Accounting Difference,Synthetic accounting control detected a ledger variance requiring review.,6830.15,USD,High,Resolved,Fund Accounting,2026-08-06 08:39:00,2026-08-06 16:09:05.811384615,Manual processing error
EXC-001203,2026-08-02 06:27:00,PORT-1043,Equity,Northstar Clearing,Reference Data Issue,Synthetic reference-data record has a missing or inconsistent attribute.,14507.63,USD,Low,Resolved,Reference Data Operations,2026-08-05 06:27:00,2026-08-06 16:52:23.928797159,Security master attribute gap
EXC-001204,2026-08-08 19:52:00,PORT-1057,Derivative,Cedar Exchange,Compliance Review,Synthetic control threshold requires documented analyst review before closure.,26899.88,EUR,Medium,Escalated,Compliance Operations,2026-08-10 07:52:00,,Policy threshold review
EXC-001205,2026-07-31 05:41:00,PORT-1052,Equity,Aurora Securities,Reconciliation Break,Cash and position reconciliation identified a synthetic variance requiring investigation.,58474.73,USD,Medium,Open,Reconciliation Operations,2026-08-01 17:41:00,,Position or cash mismatch
EXC-001206,2026-08-07 15:17:00,PORT-1011,Derivative,Northstar Clearing,Reconciliation Break,Cash and position reconciliation identified a synthetic variance requiring investigation.,346141.9,USD,High,Resolved,Reconciliation Operations,2026-08-08 07:17:00,2026-08-07 17:15:59.271114740,Position or cash mismatch
EXC-001207,2026-08-01 12:09:00,PORT-1038,ETF,Northstar Clearing,Reporting Delay,Synthetic reporting package is delayed because an upstream input is incomplete.,56271.06,JPY,Critical,Resolved,Client Reporting,2026-08-01 18:09:00,2026-08-01 18:45:22.512978624,Upstream data delivery delay
EXC-001208,2026-08-03 05:16:00,PORT-1050,Equity,Meridian Markets,Accounting Difference,Synthetic accounting control detected a ledger variance requiring review.,9291.68,GBP,High,Resolved,Fund Accounting,2026-08-03 21:16:00,2026-08-03 09:28:47.743576395,Ledger posting difference
EXC-001209,2026-07-31 20:30:00,PORT-1061,Equity,Northstar Clearing,Missing Trade Confirmation,Synthetic trade record is awaiting a counterparty confirmation within the control window.,24378.64,USD,Medium,In Progress,Trade Support,2026-08-02 08:30:00,,Counterparty confirmation delay
EXC-001210,2026-08-01 13:50:00,PORT-1062,Derivative,Cedar Exchange,Pricing Discrepancy,Synthetic valuation check found a price difference against an independent source.,32533.48,EUR,Medium,Open,Pricing & Valuation,2026-08-03 01:50:00,,Market data variance
EXC-001211,2026-08-04 04:31:00,PORT-1066,Fixed Income,Aurora Securities,Compliance Review,Synthetic control threshold requires documented analyst review before closure.,15593.97,GBP,Critical,Escalated,Compliance Operations,2026-08-04 10:31:00,,Policy threshold review
EXC-001212,2026-08-01 19:02:00,PORT-1045,Derivative,Cedar Exchange,Reference Data Issue,Synthetic reference-data record has a missing or inconsistent attribute.,44080.41,USD,Medium,In Progress,Reference Data Operations,2026-08-03 07:02:00,,Manual processing error
EXC-001213,2026-08-05 21:02:00,PORT-1050,Derivative,Harbor Trade Services,Accounting Difference,Synthetic accounting control detected a ledger variance requiring review.,2477.62,JPY,Low,In Progress,Fund Accounting,2026-08-08 21:02:00,,Ledger posting difference
EXC-001214,2026-08-03 11:46:00,PORT-1034,FX,Harbor Trade Services,Pricing Discrepancy,Synthetic valuation check found a price difference against an independent source.,48088.92,EUR,High,Escalated,Pricing & Valuation,2026-08-04 03:46:00,,Market data variance
EXC-001215,2026-07-31 04:52:00,PORT-1027,Fixed Income,Cedar Exchange,Missing Trade Confirmation,Synthetic trade record is awaiting a counterparty confirmation within the control window.,16314.23,USD,High,Open,Trade Support,2026-07-31 20:52:00,,Counterparty confirmation delay
EXC-001216,2026-08-08 12:04:00,PORT-1031,FX,Northstar Clearing,Accounting Difference,Synthetic accounting control detected a ledger variance requiring review.,23976.02,USD,Medium,Escalated,Fund Accounting,2026-08-10 00:04:00,,Ledger posting difference
EXC-001217,2026-08-05 19:07:00,PORT-1043,Cash,Meridian Markets,Missing Trade Confirmation,Synthetic trade record is awaiting a counterparty confirmation within the control window.,125368.05,GBP,High,In Progress,Trade Support,2026-08-06 11:07:00,,Counterparty confirmation delay
EXC-001218,2026-08-09 03:56:00,PORT-1011,Equity,Summit Custody,Accounting Difference,Synthetic accounting control detected a ledger variance requiring review.,7153.86,JPY,High,Resolved,Fund Accounting,2026-08-09 19:56:00,2026-08-10 01:41:08.162937383,Ledger posting difference
EXC-001219,2026-08-04 00:22:00,PORT-1022,Fixed Income,Cedar Exchange,Reporting Delay,Synthetic reporting package is delayed because an upstream input is incomplete.,35823.35,USD,Medium,In Progress,Client Reporting,2026-08-05 12:22:00,,Upstream data delivery delay
EXC-001220,2026-08-01 13:15:00,PORT-1012,Equity,Harbor Trade Services,Reconciliation Break,Cash and position reconciliation identified a synthetic variance requiring investigation.,61921.19,USD,Low,Resolved,Reconciliation Operations,2026-08-04 13:15:00,2026-08-05 22:46:57.335230766,Position or cash mismatch
EXC-001221,2026-08-08 23:24:00,PORT-1041,Fixed Income,Cedar Exchange,Reconciliation Break,Cash and position reconciliation identified a synthetic variance requiring investigation.,32172.05,GBP,Low,Resolved,Reconciliation Operations,2026-08-11 23:24:00,2026-08-12 03:57:58.771856102,Position or cash mismatch
EXC-001222,2026-08-03 21:17:00,PORT-1049,Derivative,Cedar Exchange,Missing Trade Confirmation,Synthetic trade record is awaiting a counterparty confirmation within the control window.,4939.89,USD,Medium,Escalated,Trade Support,2026-08-05 09:17:00,,Counterparty confirmation delay
EXC-001223,2026-08-05 05:15:00,PORT-1016,Fixed Income,Harbor Trade Services,Failed Settlement,Synthetic settlement instruction did not complete by the expected cycle.,111070.06,USD,Critical,Open,Settlement Operations,2026-08-05 11:15:00,,Settlement instruction or funding issue
EXC-001224,2026-08-01 13:22:00,PORT-1014,ETF,Summit Custody,Reporting Delay,Synthetic reporting package is delayed because an upstream input is incomplete.,21548.86,GBP,Low,Open,Client Reporting,2026-08-04 13:22:00,,Upstream data delivery delay
EXC-001225,2026-08-07 04:23:00,PORT-1052,Fixed Income,Northstar Clearing,Reconciliation Break,Cash and position reconciliation identified a synthetic variance requiring investigation.,15461.09,GBP,Low,Escalated,Reconciliation Operations,2026-08-10 04:23:00,,Position or cash mismatch
EXC-001226,2026-08-07 16:37:00,PORT-1022,Equity,Summit Custody,Failed Settlement,Synthetic settlement instruction did not complete by the expected cycle.,19418.72,GBP,Medium,Open,Settlement Operations,2026-08-09 04:37:00,,Settlement instruction or funding issue
EXC-001227,2026-08-08 10:16:00,PORT-1086,Equity,Harbor Trade Services,Pricing Discrepancy,Synthetic valuation check found a price difference against an independent source.,18011.15,EUR,High,Resolved,Pricing & Valuation,2026-08-09 02:16:00,2026-08-09 03:11:48.164132380,Market data variance
EXC-001228,2026-08-05 06:53:00,PORT-1017,Derivative,Northstar Clearing,Pricing Discrepancy,Synthetic valuation check found a price difference against an independent source.,7710.29,USD,High,Open,Pricing & Valuation,2026-08-05 22:53:00,,Market data variance
EXC-001229,2026-08-04 11:21:00,PORT-1048,ETF,Meridian Markets,Failed Settlement,Synthetic settlement instruction did not complete by the expected cycle.,31990.62,JPY,Critical,Open,Settlement Operations,2026-08-04 17:21:00,,Settlement instruction or funding issue
EXC-001230,2026-07-31 03:30:00,PORT-1079,Fixed Income,Meridian Markets,Reconciliation Break,Cash and position reconciliation identified a synthetic variance requiring investigation.,14370.11,USD,Low,Resolved,Reconciliation Operations,2026-08-03 03:30:00,2026-08-02 05:03:44.650934489,Position or cash mismatch
EXC-001231,2026-08-04 17:12:00,PORT-1011,Derivative,Northstar Clearing,Missing Trade Confirmation,Synthetic trade record is awaiting a counterparty confirmation within the control window.,54417.04,USD,Low,Resolved,Trade Support,2026-08-07 17:12:00,2026-08-06 05:19:17.405994046,Counterparty confirmation delay
EXC-001232,2026-08-07 14:42:00,PORT-1045,Equity,Harbor Trade Services,Accounting Difference,Synthetic accounting control detected a ledger variance requiring review.,46326.77,GBP,Low,Resolved,Fund Accounting,2026-08-10 14:42:00,2026-08-10 06:20:22.828342277,Ledger posting difference
EXC-001233,2026-08-02 08:48:00,PORT-1047,Equity,Northstar Clearing,Reconciliation Break,Cash and position reconciliation identified a synthetic variance requiring investigation.,148294.12,EUR,Medium,In Progress,Reconciliation Operations,2026-08-03 20:48:00,,Position or cash mismatch
EXC-001234,2026-08-08 17:40:00,PORT-1055,Equity,Cedar Exchange,Reporting Delay,Synthetic reporting package is delayed because an upstream input is incomplete.,21542.55,GBP,Low,Resolved,Client Reporting,2026-08-11 17:40:00,2026-08-09 17:02:13.041617437,Upstream data delivery delay
EXC-001235,2026-08-05 21:49:00,PORT-1087,Cash,Summit Custody,Missing Trade Confirmation,Synthetic trade record is awaiting a counterparty confirmation within the control window.,11574.83,USD,Medium,Escalated,Trade Support,2026-08-07 09:49:00,,Counterparty confirmation delay
EXC-001236,2026-08-02 19:56:00,PORT-1058,FX,Northstar Clearing,Reconciliation Break,Cash and position reconciliation identified a synthetic variance requiring investigation.,5748.94,JPY,Critical,Escalated,Reconciliation Operations,2026-08-03 01:56:00,,Position or cash mismatch
EXC-001237,2026-08-06 19:40:00,PORT-1037,FX,Harbor Trade Services,Missing Trade Confirmation,Synthetic trade record is awaiting a counterparty confirmation within the control window.,269146.35,EUR,Medium,In Progress,Trade Support,2026-08-08 07:40:00,,Late file delivery
EXC-001238,2026-08-03 09:38:00,PORT-1039,Equity,Aurora Securities,Pricing Discrepancy,Synthetic valuation check found a price difference against an independent source.,53917.66,EUR,High,In Progress,Pricing & Valuation,2026-08-04 01:38:00,,Market data variance
EXC-001239,2026-08-04 20:04:00,PORT-1062,Equity,Harbor Trade Services,Reconciliation Break,Cash and position reconciliation identified a synthetic variance requiring investigation.,13003.31,JPY,Low,Resolved,Reconciliation Operations,2026-08-07 20:04:00,2026-08-08 06:45:32.259904361,Position or cash mismatch
EXC-001240,2026-07-30 19:30:00,PORT-1030,FX,Cedar Exchange,Reconciliation Break,Cash and position reconciliation identified a synthetic variance requiring investigation.,159183.49,USD,Medium,In Progress,Reconciliation Operations,2026-08-01 07:30:00,,Position or cash mismatch
EXC-001241,2026-08-06 11:27:00,PORT-1068,Fixed Income,Summit Custody,Reference Data Issue,Synthetic reference-data record has a missing or inconsistent attribute.,111744.52,EUR,Critical,Resolved,Reference Data Operations,2026-08-06 17:27:00,2026-08-06 16:29:07.431718508,Security master attribute gap
EXC-001242,2026-07-31 06:43:00,PORT-1038,Cash,Harbor Trade Services,Missing Trade Confirmation,Synthetic trade record is awaiting a counterparty confirmation within the control window.,6510.42,EUR,Medium,In Progress,Trade Support,2026-08-01 18:43:00,,Counterparty confirmation delay
EXC-001243,2026-08-03 01:31:00,PORT-1006,Derivative,Harbor Trade Services,Pricing Discrepancy,Synthetic valuation check found a price difference against an independent source.,12195.85,GBP,Medium,Resolved,Pricing & Valuation,2026-08-04 13:31:00,2026-08-03 15:37:08.247427861,Market data variance
EXC-001244,2026-08-01 21:20:00,PORT-1053,Fixed Income,Northstar Clearing,Reconciliation Break,Cash and position reconciliation identified a synthetic variance requiring investigation.,23413.29,GBP,Critical,Resolved,Reconciliation Operations,2026-08-02 03:20:00,2026-08-02 03:27:14.609426180,Position or cash mismatch
EXC-001245,2026-08-07 15:54:00,PORT-1025,Derivative,Cedar Exchange,Pricing Discrepancy,Synthetic valuation check found a price difference against an independent source.,8746.52,EUR,Medium,Resolved,Pricing & Valuation,2026-08-09 03:54:00,2026-08-09 16:01:35.966060911,Manual processing error
EXC-001246,2026-08-09 03:47:00,PORT-1036,Cash,Summit Custody,Missing Trade Confirmation,Synthetic trade record is awaiting a counterparty confirmation within the control window.,24308.75,USD,Medium,In Progress,Trade Support,2026-08-10 15:47:00,,Counterparty confirmation delay
EXC-001247,2026-08-02 00:31:00,PORT-1032,Fixed Income,Summit Custody,Reporting Delay,Synthetic reporting package is delayed because an upstream input is incomplete.,56815.25,USD,Medium,In Progress,Client Reporting,2026-08-03 12:31:00,,Upstream data delivery delay
EXC-001248,2026-08-04 13:19:00,PORT-1014,FX,Northstar Clearing,Missing Trade Confirmation,Synthetic trade record is awaiting a counterparty confirmation within the control window.,6361.86,JPY,Low,Resolved,Trade Support,2026-08-07 13:19:00,2026-08-07 14:49:07.735310104,Late file delivery
EXC-001249,2026-08-06 05:38:00,PORT-1029,Cash,Cedar Exchange,Failed Settlement,Synthetic settlement instruction did not complete by the expected cycle.,36594.4,JPY,Low,In Progress,Settlement Operations,2026-08-09 05:38:00,,Data mapping variance
EXC-001250,2026-07-31 09:22:00,PORT-1090,Equity,Harbor Trade Services,Failed Settlement,Synthetic settlement instruction did not complete by the expected cycle.,91759.19,JPY,Critical,Resolved,Settlement Operations,2026-07-31 15:22:00,2026-07-31 14:56:56.250332425,Data mapping variance
EXC-001251,2026-08-06 02:05:00,PORT-1032,Derivative,Meridian Markets,Reconciliation Break,Cash and position reconciliation identified a synthetic variance requiring investigation.,40955.08,USD,High,In Progress,Reconciliation Operations,2026-08-06 18:05:00,,Position or cash mismatch
EXC-001252,2026-08-04 23:45:00,PORT-1072,Equity,Aurora Securities,Reconciliation Break,Cash and position reconciliation identified a synthetic variance requiring investigation.,24849.75,USD,High,Open,Reconciliation Operations,2026-08-05 15:45:00,,Position or cash mismatch
EXC-001253,2026-08-02 03:09:00,PORT-1041,FX,Cedar Exchange,Reconciliation Break,Cash and position reconciliation identified a synthetic variance requiring investigation.,13339.61,EUR,Medium,Open,Reconciliation Operations,2026-08-03 15:09:00,,Position or cash mismatch
EXC-001254,2026-07-30 17:36:00,PORT-1007,Derivative,Meridian Markets,Reporting Delay,Synthetic reporting package is delayed because an upstream input is incomplete.,64368.78,EUR,Medium,Resolved,Client Reporting,2026-08-01 05:36:00,2026-08-01 20:36:44.203303602,Manual processing error
EXC-001255,2026-07-31 08:31:00,PORT-1083,FX,Aurora Securities,Reconciliation Break,Cash and position reconciliation identified a synthetic variance requiring investigation.,7818.39,USD,High,Escalated,Reconciliation Operations,2026-08-01 00:31:00,,Position or cash mismatch
EXC-001256,2026-08-02 20:17:00,PORT-1089,Fixed Income,Harbor Trade Services,Reference Data Issue,Synthetic reference-data record has a missing or inconsistent attribute.,34715.15,EUR,Critical,In Progress,Reference Data Operations,2026-08-03 02:17:00,,Security master attribute gap
EXC-001257,2026-08-08 06:11:00,PORT-1024,FX,Aurora Securities,Compliance Review,Synthetic control threshold requires documented analyst review before closure.,27633.71,USD,Medium,In Progress,Compliance Operations,2026-08-09 18:11:00,,Policy threshold review
EXC-001258,2026-08-08 06:22:00,PORT-1017,Equity,Meridian Markets,Reference Data Issue,Synthetic reference-data record has a missing or inconsistent attribute.,87718.8,USD,Medium,In Progress,Reference Data Operations,2026-08-09 18:22:00,,Security master attribute gap
EXC-001259,2026-08-02 09:44:00,PORT-1092,Equity,Summit Custody,Accounting Difference,Synthetic accounting control detected a ledger variance requiring review.,14590.32,USD,High,Escalated,Fund Accounting,2026-08-03 01:44:00,,Ledger posting difference
EXC-001260,2026-08-04 05:33:00,PORT-1010,Equity,Harbor Trade Services,Failed Settlement,Synthetic settlement instruction did not complete by the expected cycle.,15952.6,USD,Critical,Resolved,Settlement Operations,2026-08-04 11:33:00,2026-08-04 06:22:07.443963507,Settlement instruction or funding issue
EXC-001261,2026-08-08 00:50:00,PORT-1088,ETF,Cedar Exchange,Reconciliation Break,Cash and position reconciliation identified a synthetic variance requiring investigation.,7303.01,USD,Critical,Open,Reconciliation Operations,2026-08-08 06:50:00,,Position or cash mismatch
EXC-001262,2026-08-02 10:19:00,PORT-1017,Fixed Income,Aurora Securities,Pricing Discrepancy,Synthetic valuation check found a price difference against an independent source.,42580.36,JPY,Medium,Resolved,Pricing & Valuation,2026-08-03 22:19:00,2026-08-04 00:36:25.653628072,Market data variance
EXC-001263,2026-07-30 22:16:00,PORT-1085,Equity,Cedar Exchange,Missing Trade Confirmation,Synthetic trade record is awaiting a counterparty confirmation within the control window.,17240.1,EUR,Low,Resolved,Trade Support,2026-08-02 22:16:00,2026-08-02 04:02:18.087242568,Counterparty confirmation delay
EXC-001264,2026-08-08 17:24:00,PORT-1092,Derivative,Northstar Clearing,Failed Settlement,Synthetic settlement instruction did not complete by the expected cycle.,10881.53,JPY,Medium,Resolved,Settlement Operations,2026-08-10 05:24:00,2026-08-09 08:22:53.844485031,Settlement instruction or funding issue
EXC-001265,2026-08-01 01:57:00,PORT-1024,Fixed Income,Summit Custody,Accounting Difference,Synthetic accounting control detected a ledger variance requiring review.,12026.2,USD,Medium,In Progress,Fund Accounting,2026-08-02 13:57:00,,Manual processing error
EXC-001266,2026-08-05 21:43:00,PORT-1022,Fixed Income,Cedar Exchange,Reference Data Issue,Synthetic reference-data record has a missing or inconsistent attribute.,47285.59,USD,High,Resolved,Reference Data Operations,2026-08-06 13:43:00,2026-08-06 23:37:00.236772387,Security master attribute gap
EXC-001267,2026-08-05 09:17:00,PORT-1011,Fixed Income,Summit Custody,Reconciliation Break,Cash and position reconciliation identified a synthetic variance requiring investigation.,8449.74,USD,Low,Resolved,Reconciliation Operations,2026-08-08 09:17:00,2026-08-07 14:24:26.873107875,Position or cash mismatch
EXC-001268,2026-08-02 03:36:00,PORT-1078,Equity,Cedar Exchange,Failed Settlement,Synthetic settlement instruction did not complete by the expected cycle.,9275.44,EUR,Medium,Open,Settlement Operations,2026-08-03 15:36:00,,Settlement instruction or funding issue
EXC-001269,2026-08-06 21:11:00,PORT-1035,FX,Cedar Exchange,Accounting Difference,Synthetic accounting control detected a ledger variance requiring review.,68952.94,USD,High,Open,Fund Accounting,2026-08-07 13:11:00,,Ledger posting difference
EXC-001270,2026-08-07 18:56:00,PORT-1064,Fixed Income,Northstar Clearing,Accounting Difference,Synthetic accounting control detected a ledger variance requiring review.,22597.02,EUR,Critical,Escalated,Fund Accounting,2026-08-08 00:56:00,,Ledger posting difference
EXC-001271,2026-07-30 16:46:00,PORT-1061,Equity,Meridian Markets,Failed Settlement,Synthetic settlement instruction did not complete by the expected cycle.,73366.11,GBP,High,Open,Settlement Operations,2026-07-31 08:46:00,,Settlement instruction or funding issue
EXC-001272,2026-08-05 20:54:00,PORT-1051,Cash,Harbor Trade Services,Pricing Discrepancy,Synthetic valuation check found a price difference against an independent source.,18447.36,GBP,Critical,In Progress,Pricing & Valuation,2026-08-06 02:54:00,,Market data variance
EXC-001273,2026-08-07 15:58:00,PORT-1024,Derivative,Summit Custody,Pricing Discrepancy,Synthetic valuation check found a price difference against an independent source.,26871.4,USD,Low,Resolved,Pricing & Valuation,2026-08-10 15:58:00,2026-08-09 13:32:21.185107086,Market data variance
EXC-001274,2026-08-02 11:06:00,PORT-1036,FX,Summit Custody,Accounting Difference,Synthetic accounting control detected a ledger variance requiring review.,31701.34,USD,Medium,Resolved,Fund Accounting,2026-08-03 23:06:00,2026-08-03 00:43:44.345499293,Ledger posting difference
EXC-001275,2026-08-07 04:01:00,PORT-1050,Derivative,Cedar Exchange,Reconciliation Break,Cash and position reconciliation identified a synthetic variance requiring investigation.,115456.67,USD,Low,Open,Reconciliation Operations,2026-08-10 04:01:00,,Manual processing error
EXC-001276,2026-08-01 14:12:00,PORT-1010,Cash,Aurora Securities,Missing Trade Confirmation,Synthetic trade record is awaiting a counterparty confirmation within the control window.,105997.04,USD,Critical,Escalated,Trade Support,2026-08-01 20:12:00,,Counterparty confirmation delay
EXC-001277,2026-08-08 16:09:00,PORT-1040,Fixed Income,Summit Custody,Reconciliation Break,Cash and position reconciliation identified a synthetic variance requiring investigation.,90300.56,EUR,High,Resolved,Reconciliation Operations,2026-08-09 08:09:00,2026-08-09 18:29:43.117751362,Position or cash mismatch
EXC-001278,2026-08-04 03:41:00,PORT-1070,FX,Meridian Markets,Reconciliation Break,Cash and position reconciliation identified a synthetic variance requiring investigation.,13901.34,USD,Low,In Progress,Reconciliation Operations,2026-08-07 03:41:00,,Position or cash mismatch
EXC-001279,2026-08-05 07:34:00,PORT-1042,ETF,Meridian Markets,Reference Data Issue,Synthetic reference-data record has a missing or inconsistent attribute.,9545.54,EUR,Low,Open,Reference Data Operations,2026-08-08 07:34:00,,Security master attribute gap
EXC-001280,2026-07-30 18:36:00,PORT-1039,Equity,Meridian Markets,Accounting Difference,Synthetic accounting control detected a ledger variance requiring review.,59804.19,USD,Medium,Resolved,Fund Accounting,2026-08-01 06:36:00,2026-08-01 22:04:16.711284412,Ledger posting difference
EXC-001281,2026-08-04 03:07:00,PORT-1083,Equity,Meridian Markets,Pricing Discrepancy,Synthetic valuation check found a price difference against an independent source.,114187.57,JPY,Medium,Open,Pricing & Valuation,2026-08-05 15:07:00,,Market data variance
EXC-001282,2026-07-31 02:07:00,PORT-1053,Equity,Cedar Exchange,Pricing Discrepancy,Synthetic valuation check found a price difference against an independent source.,91213.63,JPY,High,Open,Pricing & Valuation,2026-07-31 18:07:00,,Market data variance
EXC-001283,2026-08-06 21:23:00,PORT-1073,FX,Aurora Securities,Pricing Discrepancy,Synthetic valuation check found a price difference against an independent source.,27274.34,USD,Low,Resolved,Pricing & Valuation,2026-08-09 21:23:00,2026-08-07 13:43:53.381908437,Market data variance
EXC-001284,2026-08-04 15:10:00,PORT-1006,Derivative,Cedar Exchange,Reporting Delay,Synthetic reporting package is delayed because an upstream input is incomplete.,57768.5,GBP,High,Resolved,Client Reporting,2026-08-05 07:10:00,2026-08-05 06:56:10.757595336,Upstream data delivery delay
EXC-001285,2026-08-01 04:51:00,PORT-1091,Derivative,Northstar Clearing,Failed Settlement,Synthetic settlement instruction did not complete by the expected cycle.,58844.7,USD,Medium,In Progress,Settlement Operations,2026-08-02 16:51:00,,Settlement instruction or funding issue
EXC-001286,2026-08-07 18:10:00,PORT-1077,Fixed Income,Summit Custody,Failed Settlement,Synthetic settlement instruction did not complete by the expected cycle.,31457.41,EUR,Medium,Resolved,Settlement Operations,2026-08-09 06:10:00,2026-08-08 06:36:19.891302074,Settlement instruction or funding issue
EXC-001287,2026-07-31 01:42:00,PORT-1082,Equity,Summit Custody,Pricing Discrepancy,Synthetic valuation check found a price difference against an independent source.,32925.16,GBP,Low,Escalated,Pricing & Valuation,2026-08-03 01:42:00,,Data mapping variance
EXC-001288,2026-08-01 15:23:00,PORT-1068,Fixed Income,Meridian Markets,Missing Trade Confirmation,Synthetic trade record is awaiting a counterparty confirmation within the control window.,29825.09,GBP,Critical,Open,Trade Support,2026-08-01 21:23:00,,Manual processing error
EXC-001289,2026-08-02 14:02:00,PORT-1053,ETF,Meridian Markets,Pricing Discrepancy,Synthetic valuation check found a price difference against an independent source.,11760.46,GBP,Medium,Resolved,Pricing & Valuation,2026-08-04 02:02:00,2026-08-04 09:46:42.865220087,Market data variance
EXC-001290,2026-08-06 22:10:00,PORT-1052,Cash,Cedar Exchange,Accounting Difference,Synthetic accounting control detected a ledger variance requiring review.,13090.54,USD,Medium,Open,Fund Accounting,2026-08-08 10:10:00,,Ledger posting difference
EXC-001291,2026-08-01 03:57:00,PORT-1062,Derivative,Summit Custody,Pricing Discrepancy,Synthetic valuation check found a price difference against an independent source.,12880.05,GBP,Medium,In Progress,Pricing & Valuation,2026-08-02 15:57:00,,Market data variance
EXC-001292,2026-07-31 22:25:00,PORT-1049,Cash,Harbor Trade Services,Reporting Delay,Synthetic reporting package is delayed because an upstream input is incomplete.,5018.07,EUR,High,In Progress,Client Reporting,2026-08-01 14:25:00,,Upstream data delivery delay
EXC-001293,2026-08-06 10:01:00,PORT-1072,Derivative,Summit Custody,Accounting Difference,Synthetic accounting control detected a ledger variance requiring review.,31257.13,USD,High,In Progress,Fund Accounting,2026-08-07 02:01:00,,Ledger posting difference
EXC-001294,2026-08-03 11:39:00,PORT-1034,Cash,Aurora Securities,Missing Trade Confirmation,Synthetic trade record is awaiting a counterparty confirmation within the control window.,25781.13,USD,High,Open,Trade Support,2026-08-04 03:39:00,,Counterparty confirmation delay
EXC-001295,2026-08-08 17:35:00,PORT-1076,Fixed Income,Harbor Trade Services,Pricing Discrepancy,Synthetic valuation check found a price difference against an independent source.,59877.87,GBP,Medium,Resolved,Pricing & Valuation,2026-08-10 05:35:00,2026-08-10 00:33:59.935021193,Market data variance
EXC-001296,2026-08-05 10:11:00,PORT-1034,Equity,Northstar Clearing,Pricing Discrepancy,Synthetic valuation check found a price difference against an independent source.,101088.65,EUR,High,In Progress,Pricing & Valuation,2026-08-06 02:11:00,,Market data variance
EXC-001297,2026-08-07 20:01:00,PORT-1047,Equity,Aurora Securities,Reconciliation Break,Cash and position reconciliation identified a synthetic variance requiring investigation.,108067.26,USD,Medium,Resolved,Reconciliation Operations,2026-08-09 08:01:00,2026-08-08 06:25:00.806933146,Position or cash mismatch
EXC-001298,2026-08-03 18:45:00,PORT-1007,Fixed Income,Harbor Trade Services,Reconciliation Break,Cash and position reconciliation identified a synthetic variance requiring investigation.,119299.06,JPY,High,In Progress,Reconciliation Operations,2026-08-04 10:45:00,,Position or cash mismatch
EXC-001299,2026-08-03 20:59:00,PORT-1089,Equity,Meridian Markets,Compliance Review,Synthetic control threshold requires documented analyst review before closure.,12149.76,EUR,Medium,Resolved,Compliance Operations,2026-08-05 08:59:00,2026-08-05 07:59:06.127671013,Policy threshold review
EXC-001300,2026-08-04 00:54:00,PORT-1068,Equity,Cedar Exchange,Pricing Discrepancy,Synthetic valuation check found a price difference against an independent source.,5981.6,USD,Medium,Resolved,Pricing & Valuation,2026-08-05 12:54:00,2026-08-06 07:22:48.053505874,Market data variance
EXC-001301,2026-08-02 14:06:00,PORT-1025,Cash,Harbor Trade Services,Missing Trade Confirmation,Synthetic trade record is awaiting a counterparty confirmation within the control window.,71487.71,USD,Critical,Escalated,Trade Support,2026-08-02 20:06:00,,Counterparty confirmation delay
EXC-001302,2026-07-31 02:36:00,PORT-1005,Equity,Summit Custody,Accounting Difference,Synthetic accounting control detected a ledger variance requiring review.,114833.68,EUR,Critical,Resolved,Fund Accounting,2026-07-31 08:36:00,2026-07-31 06:27:07.801861746,Ledger posting difference
EXC-001303,2026-08-07 08:49:00,PORT-1084,Cash,Harbor Trade Services,Compliance Review,Synthetic control threshold requires documented analyst review before closure.,137832.17,GBP,Medium,Resolved,Compliance Operations,2026-08-08 20:49:00,2026-08-07 15:56:06.143739923,Policy threshold review
EXC-001304,2026-08-07 04:29:00,PORT-1001,Derivative,Northstar Clearing,Missing Trade Confirmation,Synthetic trade record is awaiting a counterparty confirmation within the control window.,44767.87,USD,Medium,In Progress,Trade Support,2026-08-08 16:29:00,,Counterparty confirmation delay
EXC-001305,2026-08-07 04:40:00,PORT-1048,FX,Northstar Clearing,Reference Data Issue,Synthetic reference-data record has a missing or inconsistent attribute.,3305.89,USD,High,In Progress,Reference Data Operations,2026-08-07 20:40:00,,Security master attribute gap
EXC-001306,2026-07-31 02:04:00,PORT-1004,FX,Harbor Trade Services,Failed Settlement,Synthetic settlement instruction did not complete by the expected cycle.,39493.44,EUR,Critical,Resolved,Settlement Operations,2026-07-31 08:04:00,2026-07-31 11:27:49.204613073,Settlement instruction or funding issue
EXC-001307,2026-08-08 10:07:00,PORT-1068,Fixed Income,Summit Custody,Accounting Difference,Synthetic accounting control detected a ledger variance requiring review.,48204.75,EUR,High,Resolved,Fund Accounting,2026-08-09 02:07:00,2026-08-08 15:30:28.478840896,Manual processing error
EXC-001308,2026-08-09 01:21:00,PORT-1020,FX,Meridian Markets,Reporting Delay,Synthetic reporting package is delayed because an upstream input is incomplete.,100175.48,GBP,Low,Open,Client Reporting,2026-08-12 01:21:00,,Upstream data delivery delay
EXC-001309,2026-08-07 17:49:00,PORT-1042,Equity,Northstar Clearing,Reconciliation Break,Cash and position reconciliation identified a synthetic variance requiring investigation.,120705.64,USD,Medium,Resolved,Reconciliation Operations,2026-08-09 05:49:00,2026-08-09 00:18:09.111150738,Position or cash mismatch
EXC-001310,2026-08-01 15:42:00,PORT-1056,Cash,Aurora Securities,Failed Settlement,Synthetic settlement instruction did not complete by the expected cycle.,69920.56,EUR,High,In Progress,Settlement Operations,2026-08-02 07:42:00,,Manual processing error
EXC-001311,2026-08-03 13:05:00,PORT-1037,Fixed Income,Cedar Exchange,Pricing Discrepancy,Synthetic valuation check found a price difference against an independent source.,14521.09,USD,High,In Progress,Pricing & Valuation,2026-08-04 05:05:00,,Market data variance
EXC-001312,2026-07-31 04:25:00,PORT-1067,Equity,Northstar Clearing,Failed Settlement,Synthetic settlement instruction did not complete by the expected cycle.,9130.97,USD,High,Resolved,Settlement Operations,2026-07-31 20:25:00,2026-07-31 19:40:13.305923013,Settlement instruction or funding issue
EXC-001313,2026-08-07 06:37:00,PORT-1050,FX,Aurora Securities,Accounting Difference,Synthetic accounting control detected a ledger variance requiring review.,47129.73,EUR,High,Escalated,Fund Accounting,2026-08-07 22:37:00,,Ledger posting difference
EXC-001314,2026-08-05 10:13:00,PORT-1042,FX,Northstar Clearing,Reconciliation Break,Cash and position reconciliation identified a synthetic variance requiring investigation.,11707.26,EUR,Medium,In Progress,Reconciliation Operations,2026-08-06 22:13:00,,Position or cash mismatch
EXC-001315,2026-08-03 18:52:00,PORT-1032,Fixed Income,Meridian Markets,Reconciliation Break,Cash and position reconciliation identified a synthetic variance requiring investigation.,126613.44,USD,Medium,Open,Reconciliation Operations,2026-08-05 06:52:00,,Late file delivery
EXC-001316,2026-08-08 15:23:00,PORT-1041,FX,Summit Custody,Reporting Delay,Synthetic reporting package is delayed because an upstream input is incomplete.,4492.72,GBP,High,Open,Client Reporting,2026-08-09 07:23:00,,Upstream data delivery delay
EXC-001317,2026-07-31 04:23:00,PORT-1032,Equity,Meridian Markets,Accounting Difference,Synthetic accounting control detected a ledger variance requiring review.,48787.57,USD,Medium,Resolved,Fund Accounting,2026-08-01 16:23:00,2026-07-31 21:45:43.598899285,Ledger posting difference
EXC-001318,2026-08-01 06:33:00,PORT-1057,FX,Aurora Securities,Reconciliation Break,Cash and position reconciliation identified a synthetic variance requiring investigation.,37628.3,USD,High,In Progress,Reconciliation Operations,2026-08-01 22:33:00,,Manual processing error
EXC-001319,2026-08-07 21:46:00,PORT-1075,Fixed Income,Aurora Securities,Compliance Review,Synthetic control threshold requires documented analyst review before closure.,21652.91,USD,High,In Progress,Compliance Operations,2026-08-08 13:46:00,,Policy threshold review
EXC-001320,2026-07-31 22:26:00,PORT-1059,Fixed Income,Harbor Trade Services,Reference Data Issue,Synthetic reference-data record has a missing or inconsistent attribute.,10184.56,USD,High,Open,Reference Data Operations,2026-08-01 14:26:00,,Security master attribute gap
EXC-001321,2026-08-04 21:20:00,PORT-1004,Equity,Meridian Markets,Accounting Difference,Synthetic accounting control detected a ledger variance requiring review.,3087.56,EUR,Medium,Resolved,Fund Accounting,2026-08-06 09:20:00,2026-08-05 11:25:31.866736778,Ledger posting difference
EXC-001322,2026-08-05 23:57:00,PORT-1083,Fixed Income,Aurora Securities,Pricing Discrepancy,Synthetic valuation check found a price difference against an independent source.,15398.11,GBP,High,In Progress,Pricing & Valuation,2026-08-06 15:57:00,,Market data variance
EXC-001323,2026-07-30 20:46:00,PORT-1078,Fixed Income,Cedar Exchange,Reconciliation Break,Cash and position reconciliation identified a synthetic variance requiring investigation.,15684.41,EUR,Low,Resolved,Reconciliation Operations,2026-08-02 20:46:00,2026-07-31 17:52:12.164718718,Data mapping variance
EXC-001324,2026-08-04 04:01:00,PORT-1081,Fixed Income,Aurora Securities,Reference Data Issue,Synthetic reference-data record has a missing or inconsistent attribute.,86450.17,USD,Low,Open,Reference Data Operations,2026-08-07 04:01:00,,Security master attribute gap
EXC-001325,2026-08-07 01:34:00,PORT-1005,Equity,Summit Custody,Missing Trade Confirmation,Synthetic trade record is awaiting a counterparty confirmation within the control window.,11825.36,USD,Medium,Open,Trade Support,2026-08-08 13:34:00,,Counterparty confirmation delay
EXC-001326,2026-08-01 05:47:00,PORT-1081,Equity,Harbor Trade Services,Reference Data Issue,Synthetic reference-data record has a missing or inconsistent attribute.,43278.41,USD,Low,Open,Reference Data Operations,2026-08-04 05:47:00,,Security master attribute gap
EXC-001327,2026-08-02 04:50:00,PORT-1046,ETF,Meridian Markets,Pricing Discrepancy,Synthetic valuation check found a price difference against an independent source.,6926.77,EUR,Critical,In Progress,Pricing & Valuation,2026-08-02 10:50:00,,Market data variance
EXC-001328,2026-08-07 10:09:00,PORT-1083,Equity,Cedar Exchange,Accounting Difference,Synthetic accounting control detected a ledger variance requiring review.,44545.24,USD,High,In Progress,Fund Accounting,2026-08-08 02:09:00,,Ledger posting difference
EXC-001329,2026-08-02 13:46:00,PORT-1077,FX,Aurora Securities,Missing Trade Confirmation,Synthetic trade record is awaiting a counterparty confirmation within the control window.,2566.8,USD,Low,Open,Trade Support,2026-08-05 13:46:00,,Counterparty confirmation delay
EXC-001330,2026-08-03 01:34:00,PORT-1087,Cash,Cedar Exchange,Reconciliation Break,Cash and position reconciliation identified a synthetic variance requiring investigation.,242816.43,GBP,High,In Progress,Reconciliation Operations,2026-08-03 17:34:00,,Position or cash mismatch
EXC-001331,2026-08-06 14:24:00,PORT-1012,Fixed Income,Cedar Exchange,Compliance Review,Synthetic control threshold requires documented analyst review before closure.,23199.34,EUR,Medium,Open,Compliance Operations,2026-08-08 02:24:00,,Policy threshold review
EXC-001332,2026-08-05 00:42:00,PORT-1055,Cash,Meridian Markets,Accounting Difference,Synthetic accounting control detected a ledger variance requiring review.,1430.49,USD,High,In Progress,Fund Accounting,2026-08-05 16:42:00,,Late file delivery
EXC-001333,2026-07-31 22:34:00,PORT-1072,Equity,Harbor Trade Services,Accounting Difference,Synthetic accounting control detected a ledger variance requiring review.,12662.03,USD,High,Open,Fund Accounting,2026-08-01 14:34:00,,Ledger posting difference
EXC-001334,2026-08-07 15:01:00,PORT-1059,Equity,Summit Custody,Failed Settlement,Synthetic settlement instruction did not complete by the expected cycle.,10727.38,EUR,Medium,Open,Settlement Operations,2026-08-09 03:01:00,,Late file delivery
EXC-001335,2026-08-02 02:41:00,PORT-1080,FX,Summit Custody,Failed Settlement,Synthetic settlement instruction did not complete by the expected cycle.,13512.78,USD,Low,Open,Settlement Operations,2026-08-05 02:41:00,,Settlement instruction or funding issue
EXC-001336,2026-08-01 01:05:00,PORT-1072,Derivative,Cedar Exchange,Reference Data Issue,Synthetic reference-data record has a missing or inconsistent attribute.,18345.26,USD,Low,Resolved,Reference Data Operations,2026-08-04 01:05:00,2026-08-01 17:25:46.586054809,Data mapping variance
EXC-001337,2026-07-31 00:15:00,PORT-1004,Derivative,Meridian Markets,Reconciliation Break,Cash and position reconciliation identified a synthetic variance requiring investigation.,13416.65,GBP,Medium,Escalated,Reconciliation Operations,2026-08-01 12:15:00,,Position or cash mismatch
EXC-001338,2026-08-06 02:38:00,PORT-1020,Equity,Cedar Exchange,Accounting Difference,Synthetic accounting control detected a ledger variance requiring review.,11415.96,USD,Critical,Escalated,Fund Accounting,2026-08-06 08:38:00,,Manual processing error
EXC-001339,2026-08-06 17:08:00,PORT-1063,Derivative,Northstar Clearing,Reference Data Issue,Synthetic reference-data record has a missing or inconsistent attribute.,7969.55,USD,Medium,Open,Reference Data Operations,2026-08-08 05:08:00,,Manual processing error
EXC-001340,2026-07-30 23:41:00,PORT-1036,Fixed Income,Cedar Exchange,Pricing Discrepancy,Synthetic valuation check found a price difference against an independent source.,63759.85,USD,Medium,Escalated,Pricing & Valuation,2026-08-01 11:41:00,,Market data variance
EXC-001341,2026-08-04 17:08:00,PORT-1035,Fixed Income,Meridian Markets,Reconciliation Break,Cash and position reconciliation identified a synthetic variance requiring investigation.,94958.23,USD,Low,Escalated,Reconciliation Operations,2026-08-07 17:08:00,,Position or cash mismatch
EXC-001342,2026-08-03 16:03:00,PORT-1090,Equity,Aurora Securities,Reference Data Issue,Synthetic reference-data record has a missing or inconsistent attribute.,20592.81,USD,Critical,In Progress,Reference Data Operations,2026-08-03 22:03:00,,Data mapping variance
EXC-001343,2026-08-04 04:45:00,PORT-1009,Cash,Summit Custody,Accounting Difference,Synthetic accounting control detected a ledger variance requiring review.,26409.56,USD,Medium,Open,Fund Accounting,2026-08-05 16:45:00,,Ledger posting difference
EXC-001344,2026-08-04 05:06:00,PORT-1052,Equity,Summit Custody,Accounting Difference,Synthetic accounting control detected a ledger variance requiring review.,8244.92,USD,High,Resolved,Fund Accounting,2026-08-04 21:06:00,2026-08-04 19:27:32.176393973,Ledger posting difference
EXC-001345,2026-08-03 02:38:00,PORT-1031,Derivative,Northstar Clearing,Failed Settlement,Synthetic settlement instruction did not complete by the expected cycle.,28986.1,USD,High,Escalated,Settlement Operations,2026-08-03 18:38:00,,Settlement instruction or funding issue
EXC-001346,2026-08-05 03:24:00,PORT-1006,FX,Cedar Exchange,Reporting Delay,Synthetic reporting package is delayed because an upstream input is incomplete.,34250.69,GBP,Medium,Resolved,Client Reporting,2026-08-06 15:24:00,2026-08-07 06:05:54.615796922,Upstream data delivery delay
EXC-001347,2026-08-05 10:26:00,PORT-1037,FX,Cedar Exchange,Pricing Discrepancy,Synthetic valuation check found a price difference against an independent source.,21367.61,JPY,Low,Resolved,Pricing & Valuation,2026-08-08 10:26:00,2026-08-06 09:02:13.486513481,Market data variance
EXC-001348,2026-08-05 08:22:00,PORT-1040,FX,Aurora Securities,Pricing Discrepancy,Synthetic valuation check found a price difference against an independent source.,40777.21,USD,Medium,Resolved,Pricing & Valuation,2026-08-06 20:22:00,2026-08-07 03:16:36.345912400,Market data variance
EXC-001349,2026-08-02 19:11:00,PORT-1045,Derivative,Northstar Clearing,Pricing Discrepancy,Synthetic valuation check found a price difference against an independent source.,37202.98,USD,Medium,Escalated,Pricing & Valuation,2026-08-04 07:11:00,,Market data variance
EXC-001350,2026-08-01 04:23:00,PORT-1016,Equity,Harbor Trade Services,Reconciliation Break,Cash and position reconciliation identified a synthetic variance requiring investigation.,8894.19,GBP,High,Open,Reconciliation Operations,2026-08-01 20:23:00,,Position or cash mismatch
EXC-001351,2026-08-03 19:04:00,PORT-1072,Equity,Aurora Securities,Reference Data Issue,Synthetic reference-data record has a missing or inconsistent attribute.,94155.21,JPY,High,Open,Reference Data Operations,2026-08-04 11:04:00,,Security master attribute gap
EXC-001352,2026-08-02 14:25:00,PORT-1035,ETF,Northstar Clearing,Reference Data Issue,Synthetic reference-data record has a missing or inconsistent attribute.,21632.92,GBP,Medium,Resolved,Reference Data Operations,2026-08-04 02:25:00,2026-08-03 17:27:49.747325754,Security master attribute gap
EXC-001353,2026-08-05 04:41:00,PORT-1057,Fixed Income,Meridian Markets,Missing Trade Confirmation,Synthetic trade record is awaiting a counterparty confirmation within the control window.,156271.5,USD,Medium,Open,Trade Support,2026-08-06 16:41:00,,Counterparty confirmation delay
EXC-001354,2026-08-01 15:17:00,PORT-1054,Equity,Summit Custody,Missing Trade Confirmation,Synthetic trade record is awaiting a counterparty confirmation within the control window.,41833.04,USD,Low,In Progress,Trade Support,2026-08-04 15:17:00,,Counterparty confirmation delay
EXC-001355,2026-08-05 09:28:00,PORT-1056,Equity,Aurora Securities,Reference Data Issue,Synthetic reference-data record has a missing or inconsistent attribute.,213092.11,USD,Low,In Progress,Reference Data Operations,2026-08-08 09:28:00,,Security master attribute gap
EXC-001356,2026-08-05 02:35:00,PORT-1050,Fixed Income,Aurora Securities,Reconciliation Break,Cash and position reconciliation identified a synthetic variance requiring investigation.,92413.9,GBP,High,Open,Reconciliation Operations,2026-08-05 18:35:00,,Position or cash mismatch
EXC-001357,2026-08-08 18:45:00,PORT-1030,Equity,Aurora Securities,Accounting Difference,Synthetic accounting control detected a ledger variance requiring review.,34151.07,EUR,High,Open,Fund Accounting,2026-08-09 10:45:00,,Ledger posting difference
EXC-001358,2026-08-06 17:39:00,PORT-1049,Equity,Harbor Trade Services,Pricing Discrepancy,Synthetic valuation check found a price difference against an independent source.,12591.0,USD,High,Resolved,Pricing & Valuation,2026-08-07 09:39:00,2026-08-06 20:25:56.241731999,Data mapping variance
EXC-001359,2026-08-01 22:40:00,PORT-1052,Cash,Meridian Markets,Reporting Delay,Synthetic reporting package is delayed because an upstream input is incomplete.,12879.01,USD,Low,In Progress,Client Reporting,2026-08-04 22:40:00,,Late file delivery
EXC-001360,2026-08-08 11:36:00,PORT-1002,Fixed Income,Cedar Exchange,Reconciliation Break,Cash and position reconciliation identified a synthetic variance requiring investigation.,47083.88,USD,Medium,Resolved,Reconciliation Operations,2026-08-09 23:36:00,2026-08-09 21:26:28.877406216,Position or cash mismatch
EXC-001361,2026-08-07 02:53:00,PORT-1071,Cash,Aurora Securities,Reporting Delay,Synthetic reporting package is delayed because an upstream input is incomplete.,31265.87,EUR,Medium,In Progress,Client Reporting,2026-08-08 14:53:00,,Upstream data delivery delay
EXC-001362,2026-08-01 13:49:00,PORT-1044,Cash,Northstar Clearing,Pricing Discrepancy,Synthetic valuation check found a price difference against an independent source.,14494.47,USD,Critical,Escalated,Pricing & Valuation,2026-08-01 19:49:00,,Market data variance
EXC-001363,2026-07-31 14:58:00,PORT-1029,Equity,Aurora Securities,Reporting Delay,Synthetic reporting package is delayed because an upstream input is incomplete.,64518.87,EUR,High,Resolved,Client Reporting,2026-08-01 06:58:00,2026-07-31 23:03:20.984477784,Upstream data delivery delay
EXC-001364,2026-08-05 04:49:00,PORT-1003,FX,Summit Custody,Reconciliation Break,Cash and position reconciliation identified a synthetic variance requiring investigation.,28021.01,EUR,Critical,Escalated,Reconciliation Operations,2026-08-05 10:49:00,,Data mapping variance
EXC-001365,2026-08-05 07:04:00,PORT-1030,ETF,Northstar Clearing,Pricing Discrepancy,Synthetic valuation check found a price difference against an independent source.,64923.2,EUR,Low,In Progress,Pricing & Valuation,2026-08-08 07:04:00,,Market data variance
EXC-001366,2026-08-04 06:19:00,PORT-1040,FX,Meridian Markets,Accounting Difference,Synthetic accounting control detected a ledger variance requiring review.,9660.07,USD,Medium,Open,Fund Accounting,2026-08-05 18:19:00,,Ledger posting difference
EXC-001367,2026-08-01 15:31:00,PORT-1082,Equity,Cedar Exchange,Missing Trade Confirmation,Synthetic trade record is awaiting a counterparty confirmation within the control window.,76837.28,GBP,High,Resolved,Trade Support,2026-08-02 07:31:00,2026-08-02 08:15:11.832711473,Counterparty confirmation delay
EXC-001368,2026-08-04 15:45:00,PORT-1064,Equity,Northstar Clearing,Reconciliation Break,Cash and position reconciliation identified a synthetic variance requiring investigation.,45526.29,EUR,Medium,Resolved,Reconciliation Operations,2026-08-06 03:45:00,2026-08-05 15:18:38.561173218,Position or cash mismatch
EXC-001369,2026-08-07 14:44:00,PORT-1041,Equity,Northstar Clearing,Reconciliation Break,Cash and position reconciliation identified a synthetic variance requiring investigation.,94603.35,USD,Medium,Open,Reconciliation Operations,2026-08-09 02:44:00,,Late file delivery
EXC-001370,2026-08-05 01:10:00,PORT-1013,ETF,Aurora Securities,Pricing Discrepancy,Synthetic valuation check found a price difference against an independent source.,75079.44,USD,Medium,Resolved,Pricing & Valuation,2026-08-06 13:10:00,2026-08-06 18:11:41.497283725,Market data variance
EXC-001371,2026-08-06 18:40:00,PORT-1027,Cash,Aurora Securities,Reconciliation Break,Cash and position reconciliation identified a synthetic variance requiring investigation.,24607.31,EUR,Critical,Resolved,Reconciliation Operations,2026-08-07 00:40:00,2026-08-07 03:49:06.699138144,Position or cash mismatch
EXC-001372,2026-08-02 11:55:00,PORT-1090,FX,Northstar Clearing,Failed Settlement,Synthetic settlement instruction did not complete by the expected cycle.,22614.73,USD,Critical,Open,Settlement Operations,2026-08-02 17:55:00,,Settlement instruction or funding issue
EXC-001373,2026-08-07 22:22:00,PORT-1013,FX,Aurora Securities,Pricing Discrepancy,Synthetic valuation check found a price difference against an independent source.,174937.24,USD,Critical,Resolved,Pricing & Valuation,2026-08-08 04:22:00,2026-08-08 01:19:53.708687668,Market data variance
EXC-001374,2026-08-03 05:29:00,PORT-1062,Cash,Aurora Securities,Reference Data Issue,Synthetic reference-data record has a missing or inconsistent attribute.,19829.05,USD,Medium,Open,Reference Data Operations,2026-08-04 17:29:00,,Security master attribute gap
EXC-001375,2026-08-08 00:27:00,PORT-1051,FX,Aurora Securities,Failed Settlement,Synthetic settlement instruction did not complete by the expected cycle.,59033.21,USD,Medium,Open,Settlement Operations,2026-08-09 12:27:00,,Settlement instruction or funding issue
EXC-001376,2026-07-30 14:34:00,PORT-1022,Equity,Harbor Trade Services,Reconciliation Break,Cash and position reconciliation identified a synthetic variance requiring investigation.,18025.52,USD,Medium,Resolved,Reconciliation Operations,2026-08-01 02:34:00,2026-08-01 22:39:11.086914632,Position or cash mismatch
EXC-001377,2026-08-02 22:58:00,PORT-1086,Derivative,Meridian Markets,Reporting Delay,Synthetic reporting package is delayed because an upstream input is incomplete.,3808.62,EUR,Medium,In Progress,Client Reporting,2026-08-04 10:58:00,,Late file delivery
EXC-001378,2026-08-07 23:13:00,PORT-1039,Fixed Income,Aurora Securities,Reference Data Issue,Synthetic reference-data record has a missing or inconsistent attribute.,7415.25,USD,Critical,Resolved,Reference Data Operations,2026-08-08 05:13:00,2026-08-08 01:48:43.999213552,Security master attribute gap
EXC-001379,2026-07-30 18:26:00,PORT-1065,Equity,Aurora Securities,Reporting Delay,Synthetic reporting package is delayed because an upstream input is incomplete.,41200.96,EUR,Critical,Escalated,Client Reporting,2026-07-31 00:26:00,,Upstream data delivery delay
EXC-001380,2026-08-03 14:42:00,PORT-1010,Fixed Income,Meridian Markets,Pricing Discrepancy,Synthetic valuation check found a price difference against an independent source.,56172.82,USD,Critical,Escalated,Pricing & Valuation,2026-08-03 20:42:00,,Market data variance
EXC-001381,2026-08-03 06:33:00,PORT-1095,Cash,Harbor Trade Services,Pricing Discrepancy,Synthetic valuation check found a price difference against an independent source.,41343.65,USD,Critical,Escalated,Pricing & Valuation,2026-08-03 12:33:00,,Market data variance
EXC-001382,2026-08-08 17:20:00,PORT-1003,Equity,Northstar Clearing,Reconciliation Break,Cash and position reconciliation identified a synthetic variance requiring investigation.,89612.22,USD,High,In Progress,Reconciliation Operations,2026-08-09 09:20:00,,Position or cash mismatch
EXC-001383,2026-08-07 10:45:00,PORT-1031,Fixed Income,Harbor Trade Services,Accounting Difference,Synthetic accounting control detected a ledger variance requiring review.,40571.58,GBP,Medium,In Progress,Fund Accounting,2026-08-08 22:45:00,,Ledger posting difference
EXC-001384,2026-08-01 07:25:00,PORT-1090,Equity,Northstar Clearing,Failed Settlement,Synthetic settlement instruction did not complete by the expected cycle.,11920.36,JPY,High,Resolved,Settlement Operations,2026-08-01 23:25:00,2026-08-01 11:04:02.198580580,Settlement instruction or funding issue
EXC-001385,2026-08-04 15:40:00,PORT-1063,Equity,Harbor Trade Services,Failed Settlement,Synthetic settlement instruction did not complete by the expected cycle.,50212.4,USD,Low,In Progress,Settlement Operations,2026-08-07 15:40:00,,Settlement instruction or funding issue
EXC-001386,2026-08-03 05:25:00,PORT-1067,Equity,Northstar Clearing,Reconciliation Break,Cash and position reconciliation identified a synthetic variance requiring investigation.,32147.45,USD,High,Resolved,Reconciliation Operations,2026-08-03 21:25:00,2026-08-03 12:03:14.352616536,Position or cash mismatch
EXC-001387,2026-07-30 11:28:00,PORT-1031,FX,Cedar Exchange,Compliance Review,Synthetic control threshold requires documented analyst review before closure.,14700.9,USD,Medium,In Progress,Compliance Operations,2026-07-31 23:28:00,,Policy threshold review
EXC-001388,2026-08-05 02:16:00,PORT-1077,Derivative,Meridian Markets,Missing Trade Confirmation,Synthetic trade record is awaiting a counterparty confirmation within the control window.,44185.2,USD,High,Open,Trade Support,2026-08-05 18:16:00,,Counterparty confirmation delay
EXC-001389,2026-08-05 13:02:00,PORT-1092,Equity,Meridian Markets,Failed Settlement,Synthetic settlement instruction did not complete by the expected cycle.,29241.34,GBP,Medium,Resolved,Settlement Operations,2026-08-07 01:02:00,2026-08-07 14:14:20.202513539,Data mapping variance
EXC-001390,2026-08-01 07:45:00,PORT-1061,Fixed Income,Cedar Exchange,Reconciliation Break,Cash and position reconciliation identified a synthetic variance requiring investigation.,14253.38,USD,Medium,Resolved,Reconciliation Operations,2026-08-02 19:45:00,2026-08-03 01:23:23.272761015,Position or cash mismatch
EXC-001391,2026-08-08 16:36:00,PORT-1022,Equity,Summit Custody,Failed Settlement,Synthetic settlement instruction did not complete by the expected cycle.,22320.06,JPY,Low,In Progress,Settlement Operations,2026-08-11 16:36:00,,Settlement instruction or funding issue
EXC-001392,2026-08-04 19:05:00,PORT-1089,Equity,Summit Custody,Reference Data Issue,Synthetic reference-data record has a missing or inconsistent attribute.,118687.05,EUR,Medium,Resolved,Reference Data Operations,2026-08-06 07:05:00,2026-08-07 04:52:36.762581902,Security master attribute gap
EXC-001393,2026-07-31 18:28:00,PORT-1001,ETF,Harbor Trade Services,Reconciliation Break,Cash and position reconciliation identified a synthetic variance requiring investigation.,114683.59,USD,Medium,In Progress,Reconciliation Operations,2026-08-02 06:28:00,,Position or cash mismatch
EXC-001394,2026-08-07 02:26:00,PORT-1088,FX,Summit Custody,Reconciliation Break,Cash and position reconciliation identified a synthetic variance requiring investigation.,32779.26,GBP,Medium,Resolved,Reconciliation Operations,2026-08-08 14:26:00,2026-08-08 21:51:02.237729538,Position or cash mismatch
EXC-001395,2026-08-06 07:58:00,PORT-1001,FX,Harbor Trade Services,Reference Data Issue,Synthetic reference-data record has a missing or inconsistent attribute.,28570.51,USD,Medium,In Progress,Reference Data Operations,2026-08-07 19:58:00,,Security master attribute gap
EXC-001396,2026-08-04 14:27:00,PORT-1006,Fixed Income,Meridian Markets,Reconciliation Break,Cash and position reconciliation identified a synthetic variance requiring investigation.,5974.77,GBP,Medium,Resolved,Reconciliation Operations,2026-08-06 02:27:00,2026-08-05 17:29:51.828281584,Position or cash mismatch
EXC-001397,2026-08-08 15:10:00,PORT-1005,ETF,Aurora Securities,Accounting Difference,Synthetic accounting control detected a ledger variance requiring review.,163625.14,USD,Medium,Open,Fund Accounting,2026-08-10 03:10:00,,Ledger posting difference
EXC-001398,2026-08-08 15:54:00,PORT-1019,Equity,Meridian Markets,Failed Settlement,Synthetic settlement instruction did not complete by the expected cycle.,79870.27,GBP,Critical,Escalated,Settlement Operations,2026-08-08 21:54:00,,Settlement instruction or funding issue
EXC-001399,2026-08-06 20:00:00,PORT-1072,Equity,Harbor Trade Services,Accounting Difference,Synthetic accounting control detected a ledger variance requiring review.,59251.66,USD,Low,Resolved,Fund Accounting,2026-08-09 20:00:00,2026-08-11 06:57:00.705997719,Ledger posting difference
EXC-001400,2026-07-31 09:03:00,PORT-1039,Cash,Cedar Exchange,Pricing Discrepancy,Synthetic valuation check found a price difference against an independent source.,2468.91,USD,Medium,In Progress,Pricing & Valuation,2026-08-01 21:03:00,,Market data variance
EXC-001401,2026-08-07 02:40:00,PORT-1008,Derivative,Cedar Exchange,Pricing Discrepancy,Synthetic valuation check found a price difference against an independent source.,28084.38,GBP,Low,Open,Pricing & Valuation,2026-08-10 02:40:00,,Market data variance
EXC-001402,2026-08-02 00:55:00,PORT-1034,Cash,Summit Custody,Reconciliation Break,Cash and position reconciliation identified a synthetic variance requiring investigation.,23541.38,USD,Medium,Open,Reconciliation Operations,2026-08-03 12:55:00,,Manual processing error
EXC-001403,2026-08-05 01:44:00,PORT-1098,Cash,Harbor Trade Services,Failed Settlement,Synthetic settlement instruction did not complete by the expected cycle.,55102.82,USD,Medium,In Progress,Settlement Operations,2026-08-06 13:44:00,,Settlement instruction or funding issue
EXC-001404,2026-08-01 17:55:00,PORT-1052,FX,Cedar Exchange,Missing Trade Confirmation,Synthetic trade record is awaiting a counterparty confirmation within the control window.,16754.42,GBP,Medium,Resolved,Trade Support,2026-08-03 05:55:00,2026-08-04 03:00:37.387618519,Counterparty confirmation delay
EXC-001405,2026-08-06 00:27:00,PORT-1072,Cash,Harbor Trade Services,Reconciliation Break,Cash and position reconciliation identified a synthetic variance requiring investigation.,21093.16,USD,Medium,In Progress,Reconciliation Operations,2026-08-07 12:27:00,,Late file delivery
EXC-001406,2026-07-31 14:58:00,PORT-1027,Fixed Income,Aurora Securities,Missing Trade Confirmation,Synthetic trade record is awaiting a counterparty confirmation within the control window.,51553.92,GBP,Medium,Resolved,Trade Support,2026-08-02 02:58:00,2026-08-02 14:53:27.670967337,Counterparty confirmation delay
EXC-001407,2026-08-05 14:39:00,PORT-1052,Equity,Harbor Trade Services,Failed Settlement,Synthetic settlement instruction did not complete by the expected cycle.,11941.11,EUR,Low,Resolved,Settlement Operations,2026-08-08 14:39:00,2026-08-08 12:36:33.900392141,Settlement instruction or funding issue
EXC-001408,2026-08-01 10:50:00,PORT-1079,Equity,Summit Custody,Reconciliation Break,Cash and position reconciliation identified a synthetic variance requiring investigation.,14724.31,EUR,Medium,In Progress,Reconciliation Operations,2026-08-02 22:50:00,,Position or cash mismatch
EXC-001409,2026-08-01 00:38:00,PORT-1067,Equity,Cedar Exchange,Reference Data Issue,Synthetic reference-data record has a missing or inconsistent attribute.,32958.12,USD,Medium,Resolved,Reference Data Operations,2026-08-02 12:38:00,2026-08-03 02:26:11.445243517,Security master attribute gap
EXC-001410,2026-08-05 00:33:00,PORT-1001,Equity,Northstar Clearing,Compliance Review,Synthetic control threshold requires documented analyst review before closure.,109689.62,USD,Critical,Open,Compliance Operations,2026-08-05 06:33:00,,Policy threshold review
EXC-001411,2026-08-02 16:13:00,PORT-1060,Fixed Income,Harbor Trade Services,Reference Data Issue,Synthetic reference-data record has a missing or inconsistent attribute.,62874.33,JPY,Medium,In Progress,Reference Data Operations,2026-08-04 04:13:00,,Security master attribute gap
EXC-001412,2026-08-08 04:08:00,PORT-1078,FX,Northstar Clearing,Failed Settlement,Synthetic settlement instruction did not complete by the expected cycle.,83214.28,USD,High,Open,Settlement Operations,2026-08-08 20:08:00,,Late file delivery
EXC-001413,2026-08-04 09:08:00,PORT-1014,Derivative,Summit Custody,Reference Data Issue,Synthetic reference-data record has a missing or inconsistent attribute.,28752.58,USD,Medium,Open,Reference Data Operations,2026-08-05 21:08:00,,Security master attribute gap
EXC-001414,2026-08-05 14:57:00,PORT-1039,ETF,Meridian Markets,Failed Settlement,Synthetic settlement instruction did not complete by the expected cycle.,129292.42,USD,Medium,Open,Settlement Operations,2026-08-07 02:57:00,,Settlement instruction or funding issue
EXC-001415,2026-07-30 18:57:00,PORT-1064,Equity,Harbor Trade Services,Reconciliation Break,Cash and position reconciliation identified a synthetic variance requiring investigation.,4323.23,USD,Medium,Open,Reconciliation Operations,2026-08-01 06:57:00,,Position or cash mismatch
EXC-001416,2026-07-31 00:26:00,PORT-1001,Derivative,Summit Custody,Reference Data Issue,Synthetic reference-data record has a missing or inconsistent attribute.,224886.52,EUR,Low,Resolved,Reference Data Operations,2026-08-03 00:26:00,2026-08-01 04:47:48.833855800,Security master attribute gap
EXC-001417,2026-08-01 11:33:00,PORT-1070,Fixed Income,Cedar Exchange,Accounting Difference,Synthetic accounting control detected a ledger variance requiring review.,257647.31,GBP,Medium,Resolved,Fund Accounting,2026-08-02 23:33:00,2026-08-03 17:27:40.605346622,Ledger posting difference
EXC-001418,2026-07-30 20:35:00,PORT-1084,Equity,Aurora Securities,Accounting Difference,Synthetic accounting control detected a ledger variance requiring review.,43453.52,GBP,High,Escalated,Fund Accounting,2026-07-31 12:35:00,,Data mapping variance
EXC-001419,2026-07-30 13:50:00,PORT-1052,Fixed Income,Northstar Clearing,Failed Settlement,Synthetic settlement instruction did not complete by the expected cycle.,64464.87,GBP,High,Resolved,Settlement Operations,2026-07-31 05:50:00,2026-07-31 16:13:21.134008573,Settlement instruction or funding issue
EXC-001420,2026-08-01 16:08:00,PORT-1044,Fixed Income,Meridian Markets,Failed Settlement,Synthetic settlement instruction did not complete by the expected cycle.,25850.89,USD,Critical,Resolved,Settlement Operations,2026-08-01 22:08:00,2026-08-01 22:57:33.552221016,Settlement instruction or funding issue
EXC-001421,2026-08-03 09:37:00,PORT-1010,Fixed Income,Northstar Clearing,Compliance Review,Synthetic control threshold requires documented analyst review before closure.,21589.3,USD,Low,Open,Compliance Operations,2026-08-06 09:37:00,,Late file delivery
EXC-001422,2026-08-07 07:10:00,PORT-1072,Derivative,Meridian Markets,Accounting Difference,Synthetic accounting control detected a ledger variance requiring review.,14165.8,USD,High,Resolved,Fund Accounting,2026-08-07 23:10:00,2026-08-07 13:52:55.309280106,Ledger posting difference
EXC-001423,2026-08-01 05:08:00,PORT-1093,Derivative,Aurora Securities,Pricing Discrepancy,Synthetic valuation check found a price difference against an independent source.,25553.7,EUR,Low,In Progress,Pricing & Valuation,2026-08-04 05:08:00,,Market data variance
EXC-001424,2026-08-07 09:27:00,PORT-1087,FX,Cedar Exchange,Pricing Discrepancy,Synthetic valuation check found a price difference against an independent source.,48229.69,USD,Medium,Escalated,Pricing & Valuation,2026-08-08 21:27:00,,Market data variance
EXC-001425,2026-08-07 11:31:00,PORT-1054,Equity,Harbor Trade Services,Pricing Discrepancy,Synthetic valuation check found a price difference against an independent source.,41809.47,USD,High,Escalated,Pricing & Valuation,2026-08-08 03:31:00,,Market data variance
EXC-001426,2026-07-31 12:51:00,PORT-1004,Derivative,Harbor Trade Services,Pricing Discrepancy,Synthetic valuation check found a price difference against an independent source.,216627.21,USD,Medium,Open,Pricing & Valuation,2026-08-02 00:51:00,,Data mapping variance
EXC-001427,2026-08-08 05:16:00,PORT-1029,FX,Cedar Exchange,Reconciliation Break,Cash and position reconciliation identified a synthetic variance requiring investigation.,29890.27,GBP,Low,Resolved,Reconciliation Operations,2026-08-11 05:16:00,2026-08-09 05:49:04.113746771,Manual processing error
EXC-001428,2026-08-07 22:19:00,PORT-1026,Equity,Cedar Exchange,Reconciliation Break,Cash and position reconciliation identified a synthetic variance requiring investigation.,5634.87,GBP,Medium,Resolved,Reconciliation Operations,2026-08-09 10:19:00,2026-08-10 07:28:52.363657681,Position or cash mismatch
EXC-001429,2026-08-04 05:29:00,PORT-1001,FX,Harbor Trade Services,Compliance Review,Synthetic control threshold requires documented analyst review before closure.,151225.31,GBP,Medium,Resolved,Compliance Operations,2026-08-05 17:29:00,2026-08-06 09:47:50.808243482,Policy threshold review
EXC-001430,2026-08-03 12:11:00,PORT-1012,Fixed Income,Northstar Clearing,Pricing Discrepancy,Synthetic valuation check found a price difference against an independent source.,7465.13,USD,Low,Open,Pricing & Valuation,2026-08-06 12:11:00,,Market data variance
EXC-001431,2026-08-08 21:46:00,PORT-1057,Fixed Income,Summit Custody,Failed Settlement,Synthetic settlement instruction did not complete by the expected cycle.,14952.59,JPY,High,Resolved,Settlement Operations,2026-08-09 13:46:00,2026-08-09 18:00:51.569830699,Settlement instruction or funding issue
EXC-001432,2026-08-05 14:05:00,PORT-1010,Equity,Meridian Markets,Reporting Delay,Synthetic reporting package is delayed because an upstream input is incomplete.,35786.65,USD,Medium,Resolved,Client Reporting,2026-08-07 02:05:00,2026-08-07 22:40:50.958560892,Upstream data delivery delay
EXC-001433,2026-08-07 01:57:00,PORT-1004,ETF,Summit Custody,Reconciliation Break,Cash and position reconciliation identified a synthetic variance requiring investigation.,41690.72,USD,Medium,In Progress,Reconciliation Operations,2026-08-08 13:57:00,,Position or cash mismatch
EXC-001434,2026-08-06 07:27:00,PORT-1093,Equity,Aurora Securities,Reconciliation Break,Cash and position reconciliation identified a synthetic variance requiring investigation.,5897.54,USD,Medium,Resolved,Reconciliation Operations,2026-08-07 19:27:00,2026-08-07 15:29:50.923348767,Position or cash mismatch
EXC-001435,2026-08-07 12:51:00,PORT-1060,Equity,Cedar Exchange,Missing Trade Confirmation,Synthetic trade record is awaiting a counterparty confirmation within the control window.,12285.86,USD,High,Open,Trade Support,2026-08-08 04:51:00,,Counterparty confirmation delay
EXC-001436,2026-08-02 14:01:00,PORT-1079,Equity,Cedar Exchange,Failed Settlement,Synthetic settlement instruction did not complete by the expected cycle.,5682.68,USD,Medium,Escalated,Settlement Operations,2026-08-04 02:01:00,,Settlement instruction or funding issue
EXC-001437,2026-08-04 15:02:00,PORT-1025,Cash,Northstar Clearing,Missing Trade Confirmation,Synthetic trade record is awaiting a counterparty confirmation within the control window.,51678.58,USD,High,Open,Trade Support,2026-08-05 07:02:00,,Data mapping variance
EXC-001438,2026-07-30 18:13:00,PORT-1036,Fixed Income,Aurora Securities,Accounting Difference,Synthetic accounting control detected a ledger variance requiring review.,93204.28,USD,Medium,Open,Fund Accounting,2026-08-01 06:13:00,,Ledger posting difference
EXC-001439,2026-08-09 06:53:00,PORT-1060,Fixed Income,Cedar Exchange,Failed Settlement,Synthetic settlement instruction did not complete by the expected cycle.,7458.21,EUR,Low,In Progress,Settlement Operations,2026-08-12 06:53:00,,Settlement instruction or funding issue
EXC-001440,2026-08-01 13:52:00,PORT-1068,Fixed Income,Summit Custody,Failed Settlement,Synthetic settlement instruction did not complete by the expected cycle.,76530.37,GBP,Critical,Escalated,Settlement Operations,2026-08-01 19:52:00,,Settlement instruction or funding issue
EXC-001441,2026-07-31 06:21:00,PORT-1037,Derivative,Meridian Markets,Missing Trade Confirmation,Synthetic trade record is awaiting a counterparty confirmation within the control window.,71490.34,EUR,Medium,Resolved,Trade Support,2026-08-01 18:21:00,2026-08-02 11:34:01.458758532,Counterparty confirmation delay
EXC-001442,2026-08-04 12:02:00,PORT-1091,ETF,Cedar Exchange,Reconciliation Break,Cash and position reconciliation identified a synthetic variance requiring investigation.,13466.71,EUR,Medium,Open,Reconciliation Operations,2026-08-06 00:02:00,,Position or cash mismatch
EXC-001443,2026-08-02 08:48:00,PORT-1069,Cash,Aurora Securities,Reconciliation Break,Cash and position reconciliation identified a synthetic variance requiring investigation.,3355.29,USD,High,Open,Reconciliation Operations,2026-08-03 00:48:00,,Position or cash mismatch
EXC-001444,2026-08-04 23:23:00,PORT-1022,Fixed Income,Meridian Markets,Reconciliation Break,Cash and position reconciliation identified a synthetic variance requiring investigation.,8735.77,GBP,Critical,Escalated,Reconciliation Operations,2026-08-05 05:23:00,,Position or cash mismatch
EXC-001445,2026-08-03 09:28:00,PORT-1010,Equity,Northstar Clearing,Reconciliation Break,Cash and position reconciliation identified a synthetic variance requiring investigation.,14399.94,USD,High,In Progress,Reconciliation Operations,2026-08-04 01:28:00,,Position or cash mismatch
EXC-001446,2026-07-31 06:35:00,PORT-1002,ETF,Meridian Markets,Accounting Difference,Synthetic accounting control detected a ledger variance requiring review.,135775.0,USD,Medium,Open,Fund Accounting,2026-08-01 18:35:00,,Ledger posting difference
EXC-001447,2026-08-04 00:48:00,PORT-1083,Fixed Income,Cedar Exchange,Failed Settlement,Synthetic settlement instruction did not complete by the expected cycle.,23760.56,USD,Medium,Escalated,Settlement Operations,2026-08-05 12:48:00,,Settlement instruction or funding issue
EXC-001448,2026-08-03 14:26:00,PORT-1081,Derivative,Northstar Clearing,Accounting Difference,Synthetic accounting control detected a ledger variance requiring review.,9347.19,EUR,Medium,Open,Fund Accounting,2026-08-05 02:26:00,,Manual processing error
EXC-001449,2026-07-30 11:55:00,PORT-1047,Derivative,Cedar Exchange,Reporting Delay,Synthetic reporting package is delayed because an upstream input is incomplete.,31421.29,USD,Medium,Resolved,Client Reporting,2026-07-31 23:55:00,2026-07-31 01:12:17.314420127,Manual processing error
EXC-001450,2026-08-04 08:33:00,PORT-1071,Fixed Income,Harbor Trade Services,Missing Trade Confirmation,Synthetic trade record is awaiting a counterparty confirmation within the control window.,6904.2,EUR,High,Open,Trade Support,2026-08-05 00:33:00,,Manual processing error
EXC-001451,2026-08-07 15:25:00,PORT-1087,Cash,Aurora Securities,Reference Data Issue,Synthetic reference-data record has a missing or inconsistent attribute.,46168.69,USD,High,Resolved,Reference Data Operations,2026-08-08 07:25:00,2026-08-07 21:48:42.654837365,Security master attribute gap
EXC-001452,2026-08-02 12:39:00,PORT-1016,ETF,Meridian Markets,Reporting Delay,Synthetic reporting package is delayed because an upstream input is incomplete.,9637.84,USD,Medium,Resolved,Client Reporting,2026-08-04 00:39:00,2026-08-03 21:11:23.477837907,Upstream data delivery delay
EXC-001453,2026-08-02 09:36:00,PORT-1097,Fixed Income,Harbor Trade Services,Reference Data Issue,Synthetic reference-data record has a missing or inconsistent attribute.,11224.45,USD,High,In Progress,Reference Data Operations,2026-08-03 01:36:00,,Security master attribute gap
EXC-001454,2026-08-07 00:22:00,PORT-1048,Fixed Income,Northstar Clearing,Failed Settlement,Synthetic settlement instruction did not complete by the expected cycle.,39905.39,USD,Critical,Escalated,Settlement Operations,2026-08-07 06:22:00,,Settlement instruction or funding issue
EXC-001455,2026-08-02 02:13:00,PORT-1043,Equity,Northstar Clearing,Pricing Discrepancy,Synthetic valuation check found a price difference against an independent source.,169015.44,USD,Medium,Escalated,Pricing & Valuation,2026-08-03 14:13:00,,Market data variance
EXC-001456,2026-08-08 16:43:00,PORT-1016,Derivative,Cedar Exchange,Reconciliation Break,Cash and position reconciliation identified a synthetic variance requiring investigation.,270405.22,EUR,High,Resolved,Reconciliation Operations,2026-08-09 08:43:00,2026-08-09 02:46:35.411390906,Position or cash mismatch
EXC-001457,2026-08-06 03:32:00,PORT-1066,Equity,Summit Custody,Missing Trade Confirmation,Synthetic trade record is awaiting a counterparty confirmation within the control window.,9028.5,USD,Low,In Progress,Trade Support,2026-08-09 03:32:00,,Counterparty confirmation delay
EXC-001458,2026-07-31 18:40:00,PORT-1060,Fixed Income,Aurora Securities,Pricing Discrepancy,Synthetic valuation check found a price difference against an independent source.,14379.56,USD,Low,In Progress,Pricing & Valuation,2026-08-03 18:40:00,,Market data variance
EXC-001459,2026-08-03 03:55:00,PORT-1003,ETF,Harbor Trade Services,Failed Settlement,Synthetic settlement instruction did not complete by the expected cycle.,46226.52,EUR,Medium,Resolved,Settlement Operations,2026-08-04 15:55:00,2026-08-04 08:03:35.380616090,Settlement instruction or funding issue
EXC-001460,2026-08-03 06:50:00,PORT-1064,Equity,Aurora Securities,Pricing Discrepancy,Synthetic valuation check found a price difference against an independent source.,91787.26,USD,Medium,Open,Pricing & Valuation,2026-08-04 18:50:00,,Market data variance
EXC-001461,2026-08-03 02:55:00,PORT-1014,Equity,Aurora Securities,Compliance Review,Synthetic control threshold requires documented analyst review before closure.,2773.08,USD,Medium,Open,Compliance Operations,2026-08-04 14:55:00,,Policy threshold review
EXC-001462,2026-08-07 16:52:00,PORT-1028,FX,Northstar Clearing,Accounting Difference,Synthetic accounting control detected a ledger variance requiring review.,29486.97,USD,Critical,Escalated,Fund Accounting,2026-08-07 22:52:00,,Ledger posting difference
EXC-001463,2026-07-30 17:40:00,PORT-1060,Equity,Meridian Markets,Reconciliation Break,Cash and position reconciliation identified a synthetic variance requiring investigation.,16131.03,USD,Medium,Resolved,Reconciliation Operations,2026-08-01 05:40:00,2026-08-01 17:57:04.884019560,Position or cash mismatch
EXC-001464,2026-08-06 09:24:00,PORT-1077,Fixed Income,Aurora Securities,Missing Trade Confirmation,Synthetic trade record is awaiting a counterparty confirmation within the control window.,3568.06,USD,Medium,Open,Trade Support,2026-08-07 21:24:00,,Counterparty confirmation delay
EXC-001465,2026-08-01 12:14:00,PORT-1014,Fixed Income,Harbor Trade Services,Reporting Delay,Synthetic reporting package is delayed because an upstream input is incomplete.,6607.59,EUR,Medium,In Progress,Client Reporting,2026-08-03 00:14:00,,Upstream data delivery delay
EXC-001466,2026-07-30 11:23:00,PORT-1047,Equity,Northstar Clearing,Reporting Delay,Synthetic reporting package is delayed because an upstream input is incomplete.,14821.54,USD,Low,Resolved,Client Reporting,2026-08-02 11:23:00,2026-07-31 01:54:24.121196397,Data mapping variance
EXC-001467,2026-08-06 22:39:00,PORT-1028,Equity,Aurora Securities,Pricing Discrepancy,Synthetic valuation check found a price difference against an independent source.,28616.99,GBP,High,Open,Pricing & Valuation,2026-08-07 14:39:00,,Market data variance
EXC-001468,2026-08-02 23:43:00,PORT-1070,Derivative,Summit Custody,Missing Trade Confirmation,Synthetic trade record is awaiting a counterparty confirmation within the control window.,77536.8,USD,Medium,In Progress,Trade Support,2026-08-04 11:43:00,,Counterparty confirmation delay
EXC-001469,2026-08-08 22:23:00,PORT-1082,Cash,Northstar Clearing,Compliance Review,Synthetic control threshold requires documented analyst review before closure.,39029.21,EUR,Critical,In Progress,Compliance Operations,2026-08-09 04:23:00,,Policy threshold review
EXC-001470,2026-08-03 00:20:00,PORT-1063,Equity,Aurora Securities,Reconciliation Break,Cash and position reconciliation identified a synthetic variance requiring investigation.,72759.62,GBP,High,Open,Reconciliation Operations,2026-08-03 16:20:00,,Manual processing error
EXC-001471,2026-08-04 23:11:00,PORT-1078,Cash,Cedar Exchange,Failed Settlement,Synthetic settlement instruction did not complete by the expected cycle.,27668.8,USD,Critical,Escalated,Settlement Operations,2026-08-05 05:11:00,,Settlement instruction or funding issue
EXC-001472,2026-08-08 15:12:00,PORT-1045,ETF,Northstar Clearing,Reconciliation Break,Cash and position reconciliation identified a synthetic variance requiring investigation.,12833.4,USD,Low,Open,Reconciliation Operations,2026-08-11 15:12:00,,Position or cash mismatch
EXC-001473,2026-08-02 14:55:00,PORT-1059,FX,Harbor Trade Services,Reconciliation Break,Cash and position reconciliation identified a synthetic variance requiring investigation.,22182.58,USD,Low,Resolved,Reconciliation Operations,2026-08-05 14:55:00,2026-08-06 06:57:53.364423516,Position or cash mismatch
EXC-001474,2026-07-30 15:57:00,PORT-1029,FX,Northstar Clearing,Accounting Difference,Synthetic accounting control detected a ledger variance requiring review.,55842.65,JPY,Critical,In Progress,Fund Accounting,2026-07-30 21:57:00,,Ledger posting difference
EXC-001475,2026-08-08 13:05:00,PORT-1097,FX,Aurora Securities,Accounting Difference,Synthetic accounting control detected a ledger variance requiring review.,79553.92,JPY,High,Open,Fund Accounting,2026-08-09 05:05:00,,Late file delivery
EXC-001476,2026-07-31 10:17:00,PORT-1021,Derivative,Northstar Clearing,Accounting Difference,Synthetic accounting control detected a ledger variance requiring review.,23034.11,USD,Medium,Open,Fund Accounting,2026-08-01 22:17:00,,Ledger posting difference
EXC-001477,2026-07-31 21:48:00,PORT-1091,Fixed Income,Cedar Exchange,Pricing Discrepancy,Synthetic valuation check found a price difference against an independent source.,10141.88,EUR,Low,In Progress,Pricing & Valuation,2026-08-03 21:48:00,,Market data variance
EXC-001478,2026-08-03 20:39:00,PORT-1074,ETF,Meridian Markets,Failed Settlement,Synthetic settlement instruction did not complete by the expected cycle.,38270.75,USD,High,In Progress,Settlement Operations,2026-08-04 12:39:00,,Settlement instruction or funding issue
EXC-001479,2026-07-31 07:48:00,PORT-1097,Fixed Income,Meridian Markets,Accounting Difference,Synthetic accounting control detected a ledger variance requiring review.,44439.32,USD,Low,Open,Fund Accounting,2026-08-03 07:48:00,,Ledger posting difference
EXC-001480,2026-08-06 05:38:00,PORT-1063,Equity,Cedar Exchange,Pricing Discrepancy,Synthetic valuation check found a price difference against an independent source.,98160.09,EUR,High,Escalated,Pricing & Valuation,2026-08-06 21:38:00,,Market data variance
EXC-001481,2026-08-02 03:32:00,PORT-1035,FX,Aurora Securities,Pricing Discrepancy,Synthetic valuation check found a price difference against an independent source.,13191.12,USD,High,In Progress,Pricing & Valuation,2026-08-02 19:32:00,,Market data variance
EXC-001482,2026-08-02 08:36:00,PORT-1028,Equity,Northstar Clearing,Reconciliation Break,Cash and position reconciliation identified a synthetic variance requiring investigation.,13343.88,USD,Medium,Escalated,Reconciliation Operations,2026-08-03 20:36:00,,Position or cash mismatch
EXC-001483,2026-08-03 12:47:00,PORT-1018,Fixed Income,Northstar Clearing,Accounting Difference,Synthetic accounting control detected a ledger variance requiring review.,59514.08,GBP,Medium,Open,Fund Accounting,2026-08-05 00:47:00,,Data mapping variance
EXC-001484,2026-08-01 00:24:00,PORT-1095,Equity,Northstar Clearing,Missing Trade Confirmation,Synthetic trade record is awaiting a counterparty confirmation within the control window.,17539.22,USD,Medium,Open,Trade Support,2026-08-02 12:24:00,,Counterparty confirmation delay
EXC-001485,2026-07-31 14:06:00,PORT-1011,Equity,Cedar Exchange,Reporting Delay,Synthetic reporting package is delayed because an upstream input is incomplete.,16778.13,EUR,Medium,Resolved,Client Reporting,2026-08-02 02:06:00,2026-07-31 23:16:46.805183080,Upstream data delivery delay
EXC-001486,2026-08-01 12:01:00,PORT-1080,FX,Meridian Markets,Reconciliation Break,Cash and position reconciliation identified a synthetic variance requiring investigation.,100392.91,USD,Critical,In Progress,Reconciliation Operations,2026-08-01 18:01:00,,Position or cash mismatch
EXC-001487,2026-08-03 10:44:00,PORT-1069,FX,Northstar Clearing,Failed Settlement,Synthetic settlement instruction did not complete by the expected cycle.,6376.94,USD,High,Open,Settlement Operations,2026-08-04 02:44:00,,Settlement instruction or funding issue
EXC-001488,2026-07-30 13:36:00,PORT-1013,Fixed Income,Harbor Trade Services,Pricing Discrepancy,Synthetic valuation check found a price difference against an independent source.,233051.16,USD,High,Open,Pricing & Valuation,2026-07-31 05:36:00,,Manual processing error
EXC-001489,2026-08-03 18:48:00,PORT-1090,Equity,Meridian Markets,Failed Settlement,Synthetic settlement instruction did not complete by the expected cycle.,14139.57,JPY,Medium,Open,Settlement Operations,2026-08-05 06:48:00,,Late file delivery
EXC-001490,2026-08-03 00:05:00,PORT-1016,Fixed Income,Cedar Exchange,Pricing Discrepancy,Synthetic valuation check found a price difference against an independent source.,66840.52,USD,Medium,Resolved,Pricing & Valuation,2026-08-04 12:05:00,2026-08-05 03:05:01.288258003,Late file delivery
EXC-001491,2026-08-07 10:39:00,PORT-1016,Fixed Income,Summit Custody,Reconciliation Break,Cash and position reconciliation identified a synthetic variance requiring investigation.,23998.83,USD,High,In Progress,Reconciliation Operations,2026-08-08 02:39:00,,Position or cash mismatch
EXC-001492,2026-08-06 02:45:00,PORT-1054,FX,Aurora Securities,Reference Data Issue,Synthetic reference-data record has a missing or inconsistent attribute.,35772.35,EUR,Medium,Escalated,Reference Data Operations,2026-08-07 14:45:00,,Security master attribute gap
EXC-001493,2026-07-31 06:39:00,PORT-1011,ETF,Aurora Securities,Reporting Delay,Synthetic reporting package is delayed because an upstream input is incomplete.,20416.0,JPY,Low,Open,Client Reporting,2026-08-03 06:39:00,,Upstream data delivery delay
EXC-001494,2026-08-04 08:51:00,PORT-1011,Fixed Income,Cedar Exchange,Reference Data Issue,Synthetic reference-data record has a missing or inconsistent attribute.,66131.83,JPY,Medium,In Progress,Reference Data Operations,2026-08-05 20:51:00,,Security master attribute gap
EXC-001495,2026-08-04 05:48:00,PORT-1062,Fixed Income,Summit Custody,Pricing Discrepancy,Synthetic valuation check found a price difference against an independent source.,18681.89,EUR,Medium,In Progress,Pricing & Valuation,2026-08-05 17:48:00,,Market data variance
EXC-001496,2026-08-01 05:06:00,PORT-1095,Cash,Aurora Securities,Reporting Delay,Synthetic reporting package is delayed because an upstream input is incomplete.,14741.27,USD,High,In Progress,Client Reporting,2026-08-01 21:06:00,,Manual processing error
EXC-001497,2026-08-06 02:03:00,PORT-1006,Derivative,Cedar Exchange,Reference Data Issue,Synthetic reference-data record has a missing or inconsistent attribute.,180594.4,EUR,Medium,Resolved,Reference Data Operations,2026-08-07 14:03:00,2026-08-06 17:29:26.308838345,Data mapping variance
EXC-001498,2026-08-06 17:10:00,PORT-1063,Fixed Income,Meridian Markets,Reporting Delay,Synthetic reporting package is delayed because an upstream input is incomplete.,27746.14,GBP,High,Resolved,Client Reporting,2026-08-07 09:10:00,2026-08-07 13:04:40.697172428,Late file delivery
EXC-001499,2026-08-09 06:11:00,PORT-1059,Fixed Income,Summit Custody,Pricing Discrepancy,Synthetic valuation check found a price difference against an independent source.,13233.67,GBP,Medium,Open,Pricing & Valuation,2026-08-10 18:11:00,,Data mapping variance
EXC-001500,2026-08-07 00:47:00,PORT-1007,Equity,Cedar Exchange,Reporting Delay,Synthetic reporting package is delayed because an upstream input is incomplete.,5626.25,GBP,Medium,In Progress,Client Reporting,2026-08-08 12:47:00,,Upstream data delivery delay
EXC-001501,2026-08-04 06:03:00,PORT-1015,Cash,Meridian Markets,Reporting Delay,Synthetic reporting package is delayed because an upstream input is incomplete.,190776.32,USD,Low,Resolved,Client Reporting,2026-08-07 06:03:00,2026-08-07 07:53:29.164532941,Data mapping variance
EXC-001502,2026-08-02 03:18:00,PORT-1044,Fixed Income,Harbor Trade Services,Failed Settlement,Synthetic settlement instruction did not complete by the expected cycle.,15070.26,USD,Critical,Escalated,Settlement Operations,2026-08-02 09:18:00,,Late file delivery
EXC-001503,2026-08-06 02:24:00,PORT-1068,Equity,Aurora Securities,Pricing Discrepancy,Synthetic valuation check found a price difference against an independent source.,234434.18,USD,Medium,Resolved,Pricing & Valuation,2026-08-07 14:24:00,2026-08-07 03:57:36.236367260,Manual processing error
EXC-001504,2026-08-04 21:35:00,PORT-1022,Cash,Northstar Clearing,Pricing Discrepancy,Synthetic valuation check found a price difference against an independent source.,40896.39,USD,Medium,In Progress,Pricing & Valuation,2026-08-06 09:35:00,,Market data variance
EXC-001505,2026-08-07 03:00:00,PORT-1043,FX,Cedar Exchange,Reference Data Issue,Synthetic reference-data record has a missing or inconsistent attribute.,31257.96,USD,Medium,In Progress,Reference Data Operations,2026-08-08 15:00:00,,Data mapping variance
EXC-001506,2026-08-01 04:52:00,PORT-1049,Equity,Meridian Markets,Accounting Difference,Synthetic accounting control detected a ledger variance requiring review.,32155.41,USD,High,In Progress,Fund Accounting,2026-08-01 20:52:00,,Ledger posting difference
EXC-001507,2026-08-04 02:32:00,PORT-1070,Equity,Meridian Markets,Compliance Review,Synthetic control threshold requires documented analyst review before closure.,275611.76,EUR,High,In Progress,Compliance Operations,2026-08-04 18:32:00,,Policy threshold review
EXC-001508,2026-08-07 22:20:00,PORT-1025,Equity,Northstar Clearing,Pricing Discrepancy,Synthetic valuation check found a price difference against an independent source.,2692.35,GBP,Medium,Resolved,Pricing & Valuation,2026-08-09 10:20:00,2026-08-08 17:23:21.228023065,Market data variance
EXC-001509,2026-08-03 05:30:00,PORT-1068,ETF,Summit Custody,Missing Trade Confirmation,Synthetic trade record is awaiting a counterparty confirmation within the control window.,33693.45,GBP,Critical,Resolved,Trade Support,2026-08-03 11:30:00,2026-08-03 06:44:50.915483972,Counterparty confirmation delay
EXC-001510,2026-08-05 23:44:00,PORT-1082,Equity,Aurora Securities,Compliance Review,Synthetic control threshold requires documented analyst review before closure.,20364.25,GBP,Low,Escalated,Compliance Operations,2026-08-08 23:44:00,,Policy threshold review
EXC-001511,2026-07-31 16:48:00,PORT-1058,Cash,Harbor Trade Services,Reconciliation Break,Cash and position reconciliation identified a synthetic variance requiring investigation.,21509.54,GBP,Low,Resolved,Reconciliation Operations,2026-08-03 16:48:00,2026-08-02 16:22:06.108936732,Position or cash mismatch
EXC-001512,2026-08-06 16:01:00,PORT-1071,Cash,Cedar Exchange,Reconciliation Break,Cash and position reconciliation identified a synthetic variance requiring investigation.,31469.61,EUR,Medium,In Progress,Reconciliation Operations,2026-08-08 04:01:00,,Position or cash mismatch
EXC-001513,2026-07-31 16:44:00,PORT-1017,ETF,Aurora Securities,Reporting Delay,Synthetic reporting package is delayed because an upstream input is incomplete.,20341.8,USD,High,In Progress,Client Reporting,2026-08-01 08:44:00,,Upstream data delivery delay
EXC-001514,2026-08-02 09:14:00,PORT-1089,FX,Aurora Securities,Compliance Review,Synthetic control threshold requires documented analyst review before closure.,32778.8,EUR,Critical,In Progress,Compliance Operations,2026-08-02 15:14:00,,Policy threshold review
EXC-001515,2026-08-08 00:08:00,PORT-1030,Fixed Income,Meridian Markets,Failed Settlement,Synthetic settlement instruction did not complete by the expected cycle.,26245.34,USD,Critical,Resolved,Settlement Operations,2026-08-08 06:08:00,2026-08-08 02:41:39.074348155,Data mapping variance
EXC-001516,2026-08-01 17:29:00,PORT-1020,Equity,Harbor Trade Services,Missing Trade Confirmation,Synthetic trade record is awaiting a counterparty confirmation within the control window.,6773.44,USD,Medium,Open,Trade Support,2026-08-03 05:29:00,,Counterparty confirmation delay
EXC-001517,2026-08-02 04:10:00,PORT-1054,FX,Cedar Exchange,Reconciliation Break,Cash and position reconciliation identified a synthetic variance requiring investigation.,40152.27,USD,Medium,Escalated,Reconciliation Operations,2026-08-03 16:10:00,,Position or cash mismatch
EXC-001518,2026-08-04 18:43:00,PORT-1038,Equity,Summit Custody,Failed Settlement,Synthetic settlement instruction did not complete by the expected cycle.,57059.92,GBP,Critical,Resolved,Settlement Operations,2026-08-05 00:43:00,2026-08-04 20:41:03.636430605,Settlement instruction or funding issue
EXC-001519,2026-08-07 17:31:00,PORT-1046,Equity,Meridian Markets,Reconciliation Break,Cash and position reconciliation identified a synthetic variance requiring investigation.,15227.09,EUR,Critical,Escalated,Reconciliation Operations,2026-08-07 23:31:00,,Position or cash mismatch
EXC-001520,2026-08-04 13:51:00,PORT-1079,Fixed Income,Cedar Exchange,Reconciliation Break,Cash and position reconciliation identified a synthetic variance requiring investigation.,191241.23,JPY,Medium,Resolved,Reconciliation Operations,2026-08-06 01:51:00,2026-08-06 10:50:47.315731954,Position or cash mismatch
EXC-001521,2026-08-03 06:09:00,PORT-1053,Equity,Cedar Exchange,Missing Trade Confirmation,Synthetic trade record is awaiting a counterparty confirmation within the control window.,109354.52,JPY,Medium,Resolved,Trade Support,2026-08-04 18:09:00,2026-08-03 22:10:31.172538025,Counterparty confirmation delay
EXC-001522,2026-08-08 00:36:00,PORT-1037,Fixed Income,Harbor Trade Services,Accounting Difference,Synthetic accounting control detected a ledger variance requiring review.,65261.0,GBP,Medium,Resolved,Fund Accounting,2026-08-09 12:36:00,2026-08-08 17:12:41.562965543,Ledger posting difference
EXC-001523,2026-08-05 22:37:00,PORT-1079,FX,Cedar Exchange,Failed Settlement,Synthetic settlement instruction did not complete by the expected cycle.,64434.97,USD,Medium,Resolved,Settlement Operations,2026-08-07 10:37:00,2026-08-06 21:41:25.386105405,Settlement instruction or funding issue
EXC-001524,2026-08-02 07:54:00,PORT-1038,Derivative,Meridian Markets,Compliance Review,Synthetic control threshold requires documented analyst review before closure.,27766.95,GBP,Medium,Open,Compliance Operations,2026-08-03 19:54:00,,Policy threshold review
EXC-001525,2026-08-03 20:20:00,PORT-1094,ETF,Aurora Securities,Compliance Review,Synthetic control threshold requires documented analyst review before closure.,89182.55,GBP,Critical,Resolved,Compliance Operations,2026-08-04 02:20:00,2026-08-04 01:18:01.761619180,Policy threshold review
EXC-001526,2026-07-30 10:00:00,PORT-1097,Derivative,Meridian Markets,Reconciliation Break,Cash and position reconciliation identified a synthetic variance requiring investigation.,139985.25,GBP,Low,In Progress,Reconciliation Operations,2026-08-02 10:00:00,,Position or cash mismatch
EXC-001527,2026-08-07 04:01:00,PORT-1046,Fixed Income,Aurora Securities,Pricing Discrepancy,Synthetic valuation check found a price difference against an independent source.,62844.91,USD,High,Resolved,Pricing & Valuation,2026-08-07 20:01:00,2026-08-07 18:30:44.476728762,Market data variance
EXC-001528,2026-08-01 14:15:00,PORT-1076,Derivative,Aurora Securities,Pricing Discrepancy,Synthetic valuation check found a price difference against an independent source.,14782.55,USD,Low,Resolved,Pricing & Valuation,2026-08-04 14:15:00,2026-08-05 00:05:47.101111655,Manual processing error
EXC-001529,2026-08-05 02:02:00,PORT-1070,Fixed Income,Aurora Securities,Reconciliation Break,Cash and position reconciliation identified a synthetic variance requiring investigation.,25805.28,JPY,High,Open,Reconciliation Operations,2026-08-05 18:02:00,,Position or cash mismatch
EXC-001530,2026-08-07 03:17:00,PORT-1085,Equity,Cedar Exchange,Missing Trade Confirmation,Synthetic trade record is awaiting a counterparty confirmation within the control window.,49136.31,USD,Low,Resolved,Trade Support,2026-08-10 03:17:00,2026-08-10 04:45:17.719643373,Counterparty confirmation delay
EXC-001531,2026-07-30 19:45:00,PORT-1046,Cash,Meridian Markets,Missing Trade Confirmation,Synthetic trade record is awaiting a counterparty confirmation within the control window.,64837.03,USD,Critical,In Progress,Trade Support,2026-07-31 01:45:00,,Counterparty confirmation delay
EXC-001532,2026-08-03 03:01:00,PORT-1040,Fixed Income,Northstar Clearing,Reconciliation Break,Cash and position reconciliation identified a synthetic variance requiring investigation.,24801.24,USD,High,Resolved,Reconciliation Operations,2026-08-03 19:01:00,2026-08-03 16:43:41.836952549,Late file delivery
EXC-001533,2026-08-03 23:43:00,PORT-1028,Equity,Summit Custody,Accounting Difference,Synthetic accounting control detected a ledger variance requiring review.,14836.58,USD,Low,Resolved,Fund Accounting,2026-08-06 23:43:00,2026-08-06 03:45:11.234560069,Data mapping variance
EXC-001534,2026-08-06 09:59:00,PORT-1058,Equity,Summit Custody,Compliance Review,Synthetic control threshold requires documented analyst review before closure.,141976.57,USD,High,Resolved,Compliance Operations,2026-08-07 01:59:00,2026-08-06 18:24:35.207284899,Policy threshold review
EXC-001535,2026-07-31 12:44:00,PORT-1061,Fixed Income,Cedar Exchange,Reconciliation Break,Cash and position reconciliation identified a synthetic variance requiring investigation.,8726.02,JPY,Medium,Resolved,Reconciliation Operations,2026-08-02 00:44:00,2026-08-02 08:09:25.100981982,Position or cash mismatch
EXC-001536,2026-08-09 00:43:00,PORT-1045,Fixed Income,Meridian Markets,Accounting Difference,Synthetic accounting control detected a ledger variance requiring review.,10012.62,GBP,Medium,Open,Fund Accounting,2026-08-10 12:43:00,,Ledger posting difference
EXC-001537,2026-08-08 05:17:00,PORT-1031,ETF,Summit Custody,Reference Data Issue,Synthetic reference-data record has a missing or inconsistent attribute.,6677.61,JPY,Medium,Open,Reference Data Operations,2026-08-09 17:17:00,,Security master attribute gap
EXC-001538,2026-08-07 13:00:00,PORT-1045,Derivative,Northstar Clearing,Compliance Review,Synthetic control threshold requires documented analyst review before closure.,9989.32,USD,High,Resolved,Compliance Operations,2026-08-08 05:00:00,2026-08-07 22:41:32.756363660,Policy threshold review
EXC-001539,2026-08-02 19:42:00,PORT-1050,Fixed Income,Cedar Exchange,Reference Data Issue,Synthetic reference-data record has a missing or inconsistent attribute.,99679.18,USD,High,Open,Reference Data Operations,2026-08-03 11:42:00,,Security master attribute gap
EXC-001540,2026-08-08 07:51:00,PORT-1013,ETF,Summit Custody,Pricing Discrepancy,Synthetic valuation check found a price difference against an independent source.,103246.48,USD,Medium,Open,Pricing & Valuation,2026-08-09 19:51:00,,Market data variance
EXC-001541,2026-08-01 09:13:00,PORT-1065,Fixed Income,Northstar Clearing,Reference Data Issue,Synthetic reference-data record has a missing or inconsistent attribute.,24890.77,USD,High,Open,Reference Data Operations,2026-08-02 01:13:00,,Security master attribute gap
EXC-001542,2026-08-07 08:37:00,PORT-1083,Derivative,Harbor Trade Services,Missing Trade Confirmation,Synthetic trade record is awaiting a counterparty confirmation within the control window.,45303.07,USD,Medium,In Progress,Trade Support,2026-08-08 20:37:00,,Counterparty confirmation delay
EXC-001543,2026-08-02 14:15:00,PORT-1032,Equity,Aurora Securities,Pricing Discrepancy,Synthetic valuation check found a price difference against an independent source.,26608.08,GBP,Low,Escalated,Pricing & Valuation,2026-08-05 14:15:00,,Market data variance
EXC-001544,2026-08-01 09:27:00,PORT-1039,Equity,Northstar Clearing,Reconciliation Break,Cash and position reconciliation identified a synthetic variance requiring investigation.,7695.76,JPY,Medium,Open,Reconciliation Operations,2026-08-02 21:27:00,,Position or cash mismatch
EXC-001545,2026-07-31 13:44:00,PORT-1010,Fixed Income,Summit Custody,Pricing Discrepancy,Synthetic valuation check found a price difference against an independent source.,276236.42,USD,Low,In Progress,Pricing & Valuation,2026-08-03 13:44:00,,Market data variance
EXC-001546,2026-08-06 10:07:00,PORT-1058,FX,Meridian Markets,Pricing Discrepancy,Synthetic valuation check found a price difference against an independent source.,113945.66,USD,Medium,Escalated,Pricing & Valuation,2026-08-07 22:07:00,,Market data variance
EXC-001547,2026-08-08 15:15:00,PORT-1042,Derivative,Northstar Clearing,Missing Trade Confirmation,Synthetic trade record is awaiting a counterparty confirmation within the control window.,39032.13,USD,Medium,Escalated,Trade Support,2026-08-10 03:15:00,,Counterparty confirmation delay
EXC-001548,2026-08-01 18:32:00,PORT-1084,ETF,Northstar Clearing,Compliance Review,Synthetic control threshold requires documented analyst review before closure.,10952.42,USD,Medium,Open,Compliance Operations,2026-08-03 06:32:00,,Policy threshold review
EXC-001549,2026-08-04 20:55:00,PORT-1089,Derivative,Aurora Securities,Missing Trade Confirmation,Synthetic trade record is awaiting a counterparty confirmation within the control window.,21243.77,USD,Low,Resolved,Trade Support,2026-08-07 20:55:00,2026-08-09 03:08:47.590718925,Counterparty confirmation delay
EXC-001550,2026-07-30 20:38:00,PORT-1076,Fixed Income,Meridian Markets,Missing Trade Confirmation,Synthetic trade record is awaiting a counterparty confirmation within the control window.,13003.23,USD,High,Open,Trade Support,2026-07-31 12:38:00,,Counterparty confirmation delay
EXC-001551,2026-08-07 10:37:00,PORT-1021,Equity,Harbor Trade Services,Reconciliation Break,Cash and position reconciliation identified a synthetic variance requiring investigation.,29805.89,USD,Medium,Resolved,Reconciliation Operations,2026-08-08 22:37:00,2026-08-08 23:13:20.981053117,Position or cash mismatch
EXC-001552,2026-08-03 15:22:00,PORT-1020,Equity,Harbor Trade Services,Pricing Discrepancy,Synthetic valuation check found a price difference against an independent source.,37250.45,USD,High,Open,Pricing & Valuation,2026-08-04 07:22:00,,Market data variance
EXC-001553,2026-08-08 03:45:00,PORT-1048,Equity,Summit Custody,Missing Trade Confirmation,Synthetic trade record is awaiting a counterparty confirmation within the control window.,18803.87,GBP,Medium,In Progress,Trade Support,2026-08-09 15:45:00,,Counterparty confirmation delay
EXC-001554,2026-08-04 12:06:00,PORT-1061,Fixed Income,Cedar Exchange,Pricing Discrepancy,Synthetic valuation check found a price difference against an independent source.,5842.22,USD,Medium,Open,Pricing & Valuation,2026-08-06 00:06:00,,Market data variance
EXC-001555,2026-08-09 07:32:00,PORT-1004,Fixed Income,Cedar Exchange,Missing Trade Confirmation,Synthetic trade record is awaiting a counterparty confirmation within the control window.,252372.62,USD,Medium,Resolved,Trade Support,2026-08-10 19:32:00,2026-08-10 22:46:15.543100795,Late file delivery
EXC-001556,2026-08-01 20:13:00,PORT-1049,Fixed Income,Harbor Trade Services,Compliance Review,Synthetic control threshold requires documented analyst review before closure.,34523.76,USD,High,Open,Compliance Operations,2026-08-02 12:13:00,,Policy threshold review
EXC-001557,2026-08-03 07:24:00,PORT-1009,ETF,Cedar Exchange,Failed Settlement,Synthetic settlement instruction did not complete by the expected cycle.,43452.41,USD,Low,In Progress,Settlement Operations,2026-08-06 07:24:00,,Late file delivery
EXC-001558,2026-08-08 08:47:00,PORT-1026,Fixed Income,Aurora Securities,Accounting Difference,Synthetic accounting control detected a ledger variance requiring review.,17265.58,EUR,Medium,Resolved,Fund Accounting,2026-08-09 20:47:00,2026-08-09 17:07:38.997300283,Ledger posting difference
EXC-001559,2026-08-04 08:53:00,PORT-1036,FX,Harbor Trade Services,Reporting Delay,Synthetic reporting package is delayed because an upstream input is incomplete.,5218.1,GBP,High,Open,Client Reporting,2026-08-05 00:53:00,,Upstream data delivery delay
EXC-001560,2026-08-05 01:53:00,PORT-1005,FX,Northstar Clearing,Reference Data Issue,Synthetic reference-data record has a missing or inconsistent attribute.,24650.06,GBP,High,Resolved,Reference Data Operations,2026-08-05 17:53:00,2026-08-06 02:32:03.788865655,Security master attribute gap
EXC-001561,2026-08-02 15:11:00,PORT-1026,Fixed Income,Aurora Securities,Failed Settlement,Synthetic settlement instruction did not complete by the expected cycle.,19160.71,EUR,Medium,In Progress,Settlement Operations,2026-08-04 03:11:00,,Settlement instruction or funding issue
EXC-001562,2026-08-04 08:57:00,PORT-1062,Fixed Income,Meridian Markets,Reporting Delay,Synthetic reporting package is delayed because an upstream input is incomplete.,56670.61,USD,Low,Open,Client Reporting,2026-08-07 08:57:00,,Upstream data delivery delay
EXC-001563,2026-08-04 17:29:00,PORT-1098,ETF,Cedar Exchange,Failed Settlement,Synthetic settlement instruction did not complete by the expected cycle.,69659.99,USD,Low,Open,Settlement Operations,2026-08-07 17:29:00,,Settlement instruction or funding issue
EXC-001564,2026-08-01 00:41:00,PORT-1077,ETF,Harbor Trade Services,Failed Settlement,Synthetic settlement instruction did not complete by the expected cycle.,60070.91,USD,Medium,In Progress,Settlement Operations,2026-08-02 12:41:00,,Settlement instruction or funding issue
EXC-001565,2026-08-04 03:27:00,PORT-1031,Fixed Income,Harbor Trade Services,Reference Data Issue,Synthetic reference-data record has a missing or inconsistent attribute.,75939.02,USD,High,Open,Reference Data Operations,2026-08-04 19:27:00,,Security master attribute gap
EXC-001566,2026-08-01 05:07:00,PORT-1093,Fixed Income,Harbor Trade Services,Pricing Discrepancy,Synthetic valuation check found a price difference against an independent source.,178768.88,GBP,Medium,Resolved,Pricing & Valuation,2026-08-02 17:07:00,2026-08-02 08:39:29.342110075,Market data variance
EXC-001567,2026-07-31 11:34:00,PORT-1044,FX,Harbor Trade Services,Reconciliation Break,Cash and position reconciliation identified a synthetic variance requiring investigation.,40511.63,USD,Low,Resolved,Reconciliation Operations,2026-08-03 11:34:00,2026-08-02 19:14:29.441383019,Late file delivery
EXC-001568,2026-07-31 21:04:00,PORT-1035,FX,Summit Custody,Reconciliation Break,Cash and position reconciliation identified a synthetic variance requiring investigation.,85321.06,USD,Low,In Progress,Reconciliation Operations,2026-08-03 21:04:00,,Position or cash mismatch
EXC-001569,2026-07-30 18:30:00,PORT-1084,Equity,Northstar Clearing,Pricing Discrepancy,Synthetic valuation check found a price difference against an independent source.,45186.5,USD,Medium,In Progress,Pricing & Valuation,2026-08-01 06:30:00,,Market data variance
EXC-001570,2026-08-02 08:35:00,PORT-1040,Fixed Income,Aurora Securities,Accounting Difference,Synthetic accounting control detected a ledger variance requiring review.,3659.06,USD,High,Resolved,Fund Accounting,2026-08-03 00:35:00,2026-08-03 08:21:51.581483379,Ledger posting difference
EXC-001571,2026-08-03 18:17:00,PORT-1073,Derivative,Meridian Markets,Pricing Discrepancy,Synthetic valuation check found a price difference against an independent source.,22873.94,JPY,Low,In Progress,Pricing & Valuation,2026-08-06 18:17:00,,Market data variance
EXC-001572,2026-08-04 00:28:00,PORT-1016,Equity,Aurora Securities,Accounting Difference,Synthetic accounting control detected a ledger variance requiring review.,10817.31,USD,Low,Resolved,Fund Accounting,2026-08-07 00:28:00,2026-08-07 03:44:35.567086700,Ledger posting difference
EXC-001573,2026-08-07 06:50:00,PORT-1033,Derivative,Meridian Markets,Accounting Difference,Synthetic accounting control detected a ledger variance requiring review.,34303.58,USD,Medium,Resolved,Fund Accounting,2026-08-08 18:50:00,2026-08-08 11:53:32.800543508,Ledger posting difference
EXC-001574,2026-08-01 01:40:00,PORT-1097,Equity,Harbor Trade Services,Reference Data Issue,Synthetic reference-data record has a missing or inconsistent attribute.,11724.54,USD,Low,Open,Reference Data Operations,2026-08-04 01:40:00,,Security master attribute gap
EXC-001575,2026-08-02 09:52:00,PORT-1024,Fixed Income,Meridian Markets,Reconciliation Break,Cash and position reconciliation identified a synthetic variance requiring investigation.,50815.92,GBP,Medium,Resolved,Reconciliation Operations,2026-08-03 21:52:00,2026-08-03 04:37:33.420195293,Position or cash mismatch
EXC-001576,2026-07-31 15:13:00,PORT-1084,Fixed Income,Northstar Clearing,Missing Trade Confirmation,Synthetic trade record is awaiting a counterparty confirmation within the control window.,75363.59,USD,Low,Escalated,Trade Support,2026-08-03 15:13:00,,Counterparty confirmation delay
EXC-001577,2026-08-02 07:27:00,PORT-1046,Equity,Cedar Exchange,Reference Data Issue,Synthetic reference-data record has a missing or inconsistent attribute.,95201.27,EUR,Medium,Resolved,Reference Data Operations,2026-08-03 19:27:00,2026-08-03 01:16:01.372920454,Security master attribute gap
EXC-001578,2026-08-04 13:20:00,PORT-1094,Cash,Cedar Exchange,Reference Data Issue,Synthetic reference-data record has a missing or inconsistent attribute.,147299.71,USD,High,Escalated,Reference Data Operations,2026-08-05 05:20:00,,Security master attribute gap
EXC-001579,2026-08-06 09:38:00,PORT-1041,Fixed Income,Northstar Clearing,Failed Settlement,Synthetic settlement instruction did not complete by the expected cycle.,4629.36,USD,Critical,In Progress,Settlement Operations,2026-08-06 15:38:00,,Settlement instruction or funding issue
EXC-001580,2026-07-30 12:14:00,PORT-1049,Cash,Meridian Markets,Reference Data Issue,Synthetic reference-data record has a missing or inconsistent attribute.,7639.21,GBP,Critical,Escalated,Reference Data Operations,2026-07-30 18:14:00,,Manual processing error
EXC-001581,2026-08-01 23:39:00,PORT-1039,Fixed Income,Meridian Markets,Failed Settlement,Synthetic settlement instruction did not complete by the expected cycle.,581988.49,USD,Medium,In Progress,Settlement Operations,2026-08-03 11:39:00,,Settlement instruction or funding issue
EXC-001582,2026-07-31 15:01:00,PORT-1021,Derivative,Harbor Trade Services,Missing Trade Confirmation,Synthetic trade record is awaiting a counterparty confirmation within the control window.,77652.57,USD,Low,Open,Trade Support,2026-08-03 15:01:00,,Counterparty confirmation delay
EXC-001583,2026-08-03 12:12:00,PORT-1083,Cash,Northstar Clearing,Pricing Discrepancy,Synthetic valuation check found a price difference against an independent source.,34052.9,EUR,Medium,Escalated,Pricing & Valuation,2026-08-05 00:12:00,,Manual processing error
EXC-001584,2026-08-04 06:12:00,PORT-1057,ETF,Cedar Exchange,Missing Trade Confirmation,Synthetic trade record is awaiting a counterparty confirmation within the control window.,27823.59,USD,High,Open,Trade Support,2026-08-04 22:12:00,,Counterparty confirmation delay
EXC-001585,2026-08-09 00:07:00,PORT-1050,Equity,Harbor Trade Services,Reporting Delay,Synthetic reporting package is delayed because an upstream input is incomplete.,25343.99,USD,Low,Escalated,Client Reporting,2026-08-12 00:07:00,,Upstream data delivery delay
EXC-001586,2026-08-08 15:32:00,PORT-1037,FX,Meridian Markets,Failed Settlement,Synthetic settlement instruction did not complete by the expected cycle.,3531.81,GBP,Critical,Resolved,Settlement Operations,2026-08-08 21:32:00,2026-08-08 23:36:37.801200983,Settlement instruction or funding issue
EXC-001587,2026-08-02 06:40:00,PORT-1076,ETF,Harbor Trade Services,Pricing Discrepancy,Synthetic valuation check found a price difference against an independent source.,11956.79,USD,Medium,Escalated,Pricing & Valuation,2026-08-03 18:40:00,,Market data variance
EXC-001588,2026-08-07 02:46:00,PORT-1035,Cash,Meridian Markets,Accounting Difference,Synthetic accounting control detected a ledger variance requiring review.,23922.15,USD,Low,Escalated,Fund Accounting,2026-08-10 02:46:00,,Ledger posting difference
EXC-001589,2026-08-08 12:49:00,PORT-1024,Fixed Income,Northstar Clearing,Missing Trade Confirmation,Synthetic trade record is awaiting a counterparty confirmation within the control window.,12687.18,USD,High,Resolved,Trade Support,2026-08-09 04:49:00,2026-08-08 21:34:40.786488823,Counterparty confirmation delay
EXC-001590,2026-08-01 14:01:00,PORT-1009,Equity,Summit Custody,Reconciliation Break,Cash and position reconciliation identified a synthetic variance requiring investigation.,14553.8,EUR,High,Escalated,Reconciliation Operations,2026-08-02 06:01:00,,Position or cash mismatch
EXC-001591,2026-08-03 03:32:00,PORT-1086,Equity,Meridian Markets,Reconciliation Break,Cash and position reconciliation identified a synthetic variance requiring investigation.,395010.65,USD,Medium,Resolved,Reconciliation Operations,2026-08-04 15:32:00,2026-08-03 08:10:09.715134873,Position or cash mismatch
EXC-001592,2026-08-08 06:10:00,PORT-1008,FX,Summit Custody,Reconciliation Break,Cash and position reconciliation identified a synthetic variance requiring investigation.,20656.07,USD,Critical,Resolved,Reconciliation Operations,2026-08-08 12:10:00,2026-08-08 07:03:55.135207530,Position or cash mismatch
EXC-001593,2026-08-04 08:30:00,PORT-1083,Cash,Meridian Markets,Failed Settlement,Synthetic settlement instruction did not complete by the expected cycle.,36027.07,EUR,Low,Resolved,Settlement Operations,2026-08-07 08:30:00,2026-08-09 04:55:14.994096519,Data mapping variance
EXC-001594,2026-08-04 16:04:00,PORT-1038,Equity,Harbor Trade Services,Pricing Discrepancy,Synthetic valuation check found a price difference against an independent source.,34705.83,EUR,Low,Open,Pricing & Valuation,2026-08-07 16:04:00,,Market data variance
EXC-001595,2026-08-09 08:06:00,PORT-1001,Derivative,Summit Custody,Reference Data Issue,Synthetic reference-data record has a missing or inconsistent attribute.,49957.73,JPY,Medium,Open,Reference Data Operations,2026-08-10 20:06:00,,Security master attribute gap
EXC-001596,2026-08-03 06:58:00,PORT-1091,Cash,Cedar Exchange,Reporting Delay,Synthetic reporting package is delayed because an upstream input is incomplete.,16298.9,USD,High,In Progress,Client Reporting,2026-08-03 22:58:00,,Upstream data delivery delay
EXC-001597,2026-08-05 08:42:00,PORT-1073,Equity,Summit Custody,Reconciliation Break,Cash and position reconciliation identified a synthetic variance requiring investigation.,99641.13,USD,Medium,In Progress,Reconciliation Operations,2026-08-06 20:42:00,,Position or cash mismatch
EXC-001598,2026-07-31 13:44:00,PORT-1071,Equity,Northstar Clearing,Reconciliation Break,Cash and position reconciliation identified a synthetic variance requiring investigation.,42861.97,USD,Low,Open,Reconciliation Operations,2026-08-03 13:44:00,,Position or cash mismatch
EXC-001599,2026-08-08 04:40:00,PORT-1054,FX,Aurora Securities,Reference Data Issue,Synthetic reference-data record has a missing or inconsistent attribute.,6963.78,EUR,Critical,Resolved,Reference Data Operations,2026-08-08 10:40:00,2026-08-08 10:31:33.524129515,Data mapping variance
EXC-001600,2026-07-31 21:21:00,PORT-1075,FX,Cedar Exchange,Missing Trade Confirmation,Synthetic trade record is awaiting a counterparty confirmation within the control window.,24031.5,USD,Medium,Resolved,Trade Support,2026-08-02 09:21:00,2026-08-02 04:36:19.716202135,Counterparty confirmation delay
EXC-001601,2026-08-09 07:17:00,PORT-1014,Equity,Cedar Exchange,Failed Settlement,Synthetic settlement instruction did not complete by the expected cycle.,22454.45,USD,Critical,Open,Settlement Operations,2026-08-09 13:17:00,,Settlement instruction or funding issue
EXC-001602,2026-08-01 16:36:00,PORT-1023,Derivative,Cedar Exchange,Reconciliation Break,Cash and position reconciliation identified a synthetic variance requiring investigation.,21395.29,USD,Medium,Resolved,Reconciliation Operations,2026-08-03 04:36:00,2026-08-03 23:28:35.809991352,Position or cash mismatch
EXC-001603,2026-08-01 12:28:00,PORT-1054,ETF,Cedar Exchange,Reporting Delay,Synthetic reporting package is delayed because an upstream input is incomplete.,45924.85,GBP,Critical,Escalated,Client Reporting,2026-08-01 18:28:00,,Upstream data delivery delay
EXC-001604,2026-08-05 07:19:00,PORT-1072,Cash,Cedar Exchange,Reference Data Issue,Synthetic reference-data record has a missing or inconsistent attribute.,52389.5,GBP,High,Resolved,Reference Data Operations,2026-08-05 23:19:00,2026-08-05 17:50:45.507098216,Security master attribute gap
EXC-001605,2026-08-06 12:32:00,PORT-1058,Derivative,Meridian Markets,Missing Trade Confirmation,Synthetic trade record is awaiting a counterparty confirmation within the control window.,46280.95,USD,Critical,Resolved,Trade Support,2026-08-06 18:32:00,2026-08-06 20:33:05.079351486,Counterparty confirmation delay
EXC-001606,2026-08-07 22:11:00,PORT-1040,Derivative,Northstar Clearing,Missing Trade Confirmation,Synthetic trade record is awaiting a counterparty confirmation within the control window.,38401.86,JPY,Low,Open,Trade Support,2026-08-10 22:11:00,,Counterparty confirmation delay
EXC-001607,2026-08-05 22:28:00,PORT-1066,ETF,Meridian Markets,Failed Settlement,Synthetic settlement instruction did not complete by the expected cycle.,29434.41,JPY,Medium,Escalated,Settlement Operations,2026-08-07 10:28:00,,Settlement instruction or funding issue
EXC-001608,2026-08-02 15:27:00,PORT-1006,Equity,Harbor Trade Services,Missing Trade Confirmation,Synthetic trade record is awaiting a counterparty confirmation within the control window.,2810.82,USD,High,Open,Trade Support,2026-08-03 07:27:00,,Counterparty confirmation delay
EXC-001609,2026-08-02 02:48:00,PORT-1050,Fixed Income,Cedar Exchange,Pricing Discrepancy,Synthetic valuation check found a price difference against an independent source.,60887.75,USD,Medium,Open,Pricing & Valuation,2026-08-03 14:48:00,,Market data variance
EXC-001610,2026-08-07 13:15:00,PORT-1039,Equity,Summit Custody,Pricing Discrepancy,Synthetic valuation check found a price difference against an independent source.,44925.99,EUR,Medium,In Progress,Pricing & Valuation,2026-08-09 01:15:00,,Market data variance
EXC-001611,2026-08-09 05:39:00,PORT-1049,FX,Aurora Securities,Missing Trade Confirmation,Synthetic trade record is awaiting a counterparty confirmation within the control window.,9566.29,USD,Critical,Escalated,Trade Support,2026-08-09 11:39:00,,Late file delivery
EXC-001612,2026-08-03 18:20:00,PORT-1013,Equity,Meridian Markets,Compliance Review,Synthetic control threshold requires documented analyst review before closure.,36120.34,USD,Low,Resolved,Compliance Operations,2026-08-06 18:20:00,2026-08-07 10:29:16.448313096,Policy threshold review
EXC-001613,2026-08-03 13:06:00,PORT-1089,ETF,Meridian Markets,Compliance Review,Synthetic control threshold requires documented analyst review before closure.,53121.41,USD,Medium,Open,Compliance Operations,2026-08-05 01:06:00,,Manual processing error
EXC-001614,2026-07-30 12:48:00,PORT-1084,Equity,Aurora Securities,Pricing Discrepancy,Synthetic valuation check found a price difference against an independent source.,92024.43,JPY,High,Resolved,Pricing & Valuation,2026-07-31 04:48:00,2026-07-31 02:23:57.558794058,Market data variance
EXC-001615,2026-08-01 18:22:00,PORT-1093,Fixed Income,Summit Custody,Reference Data Issue,Synthetic reference-data record has a missing or inconsistent attribute.,45973.32,USD,High,Open,Reference Data Operations,2026-08-02 10:22:00,,Security master attribute gap
EXC-001616,2026-08-03 20:03:00,PORT-1083,Equity,Summit Custody,Missing Trade Confirmation,Synthetic trade record is awaiting a counterparty confirmation within the control window.,37710.05,GBP,Critical,In Progress,Trade Support,2026-08-04 02:03:00,,Late file delivery
EXC-001617,2026-08-03 09:39:00,PORT-1066,FX,Summit Custody,Reconciliation Break,Cash and position reconciliation identified a synthetic variance requiring investigation.,72701.04,USD,High,In Progress,Reconciliation Operations,2026-08-04 01:39:00,,Position or cash mismatch
EXC-001618,2026-08-02 22:21:00,PORT-1029,Derivative,Aurora Securities,Accounting Difference,Synthetic accounting control detected a ledger variance requiring review.,19499.28,USD,Low,In Progress,Fund Accounting,2026-08-05 22:21:00,,Ledger posting difference
EXC-001619,2026-08-04 20:04:00,PORT-1012,Equity,Cedar Exchange,Failed Settlement,Synthetic settlement instruction did not complete by the expected cycle.,41464.93,GBP,Critical,Resolved,Settlement Operations,2026-08-05 02:04:00,2026-08-05 03:53:52.034947214,Manual processing error
EXC-001620,2026-08-02 14:26:00,PORT-1060,Derivative,Northstar Clearing,Reconciliation Break,Cash and position reconciliation identified a synthetic variance requiring investigation.,14014.27,USD,Medium,Open,Reconciliation Operations,2026-08-04 02:26:00,,Position or cash mismatch
EXC-001621,2026-08-07 09:47:00,PORT-1093,Derivative,Summit Custody,Missing Trade Confirmation,Synthetic trade record is awaiting a counterparty confirmation within the control window.,86319.56,USD,High,Open,Trade Support,2026-08-08 01:47:00,,Counterparty confirmation delay
EXC-001622,2026-08-01 01:22:00,PORT-1036,Fixed Income,Summit Custody,Accounting Difference,Synthetic accounting control detected a ledger variance requiring review.,4963.19,USD,Medium,Open,Fund Accounting,2026-08-02 13:22:00,,Ledger posting difference
EXC-001623,2026-07-31 18:10:00,PORT-1098,FX,Meridian Markets,Reference Data Issue,Synthetic reference-data record has a missing or inconsistent attribute.,63422.5,EUR,High,Resolved,Reference Data Operations,2026-08-01 10:10:00,2026-08-01 19:43:44.117741763,Security master attribute gap
EXC-001624,2026-08-04 23:55:00,PORT-1016,Fixed Income,Northstar Clearing,Reconciliation Break,Cash and position reconciliation identified a synthetic variance requiring investigation.,27408.11,USD,Medium,Escalated,Reconciliation Operations,2026-08-06 11:55:00,,Late file delivery
EXC-001625,2026-08-04 19:14:00,PORT-1028,Equity,Cedar Exchange,Pricing Discrepancy,Synthetic valuation check found a price difference against an independent source.,74136.01,USD,High,Resolved,Pricing & Valuation,2026-08-05 11:14:00,2026-08-05 02:03:51.126813362,Market data variance
EXC-001626,2026-08-04 09:13:00,PORT-1064,ETF,Cedar Exchange,Compliance Review,Synthetic control threshold requires documented analyst review before closure.,11854.09,USD,Low,Resolved,Compliance Operations,2026-08-07 09:13:00,2026-08-04 19:47:07.813565157,Policy threshold review
EXC-001627,2026-08-01 03:36:00,PORT-1049,Equity,Harbor Trade Services,Pricing Discrepancy,Synthetic valuation check found a price difference against an independent source.,29569.03,USD,Low,Escalated,Pricing & Valuation,2026-08-04 03:36:00,,Market data variance
EXC-001628,2026-08-07 13:40:00,PORT-1075,Derivative,Northstar Clearing,Reconciliation Break,Cash and position reconciliation identified a synthetic variance requiring investigation.,28671.58,USD,Medium,In Progress,Reconciliation Operations,2026-08-09 01:40:00,,Position or cash mismatch
EXC-001629,2026-08-05 23:22:00,PORT-1034,Cash,Meridian Markets,Reconciliation Break,Cash and position reconciliation identified a synthetic variance requiring investigation.,42428.59,USD,Low,Open,Reconciliation Operations,2026-08-08 23:22:00,,Position or cash mismatch
EXC-001630,2026-08-03 04:35:00,PORT-1076,Derivative,Harbor Trade Services,Pricing Discrepancy,Synthetic valuation check found a price difference against an independent source.,8955.83,USD,High,In Progress,Pricing & Valuation,2026-08-03 20:35:00,,Market data variance
EXC-001631,2026-08-02 09:58:00,PORT-1030,ETF,Aurora Securities,Pricing Discrepancy,Synthetic valuation check found a price difference against an independent source.,52471.52,USD,Medium,In Progress,Pricing & Valuation,2026-08-03 21:58:00,,Market data variance
EXC-001632,2026-08-06 10:18:00,PORT-1015,ETF,Cedar Exchange,Reference Data Issue,Synthetic reference-data record has a missing or inconsistent attribute.,3873.1,EUR,Medium,In Progress,Reference Data Operations,2026-08-07 22:18:00,,Security master attribute gap
EXC-001633,2026-08-08 03:32:00,PORT-1056,Cash,Aurora Securities,Reporting Delay,Synthetic reporting package is delayed because an upstream input is incomplete.,13343.25,EUR,Low,In Progress,Client Reporting,2026-08-11 03:32:00,,Upstream data delivery delay
EXC-001634,2026-08-04 07:06:00,PORT-1051,Equity,Meridian Markets,Reporting Delay,Synthetic reporting package is delayed because an upstream input is incomplete.,5214.16,USD,Low,In Progress,Client Reporting,2026-08-07 07:06:00,,Upstream data delivery delay
EXC-001635,2026-08-02 23:07:00,PORT-1056,Equity,Aurora Securities,Failed Settlement,Synthetic settlement instruction did not complete by the expected cycle.,64191.78,USD,Critical,In Progress,Settlement Operations,2026-08-03 05:07:00,,Data mapping variance
EXC-001636,2026-08-01 17:18:00,PORT-1003,ETF,Northstar Clearing,Pricing Discrepancy,Synthetic valuation check found a price difference against an independent source.,40951.24,USD,Medium,In Progress,Pricing & Valuation,2026-08-03 05:18:00,,Market data variance
EXC-001637,2026-08-09 07:33:00,PORT-1041,Fixed Income,Harbor Trade Services,Pricing Discrepancy,Synthetic valuation check found a price difference against an independent source.,43427.17,JPY,Low,Open,Pricing & Valuation,2026-08-12 07:33:00,,Market data variance
EXC-001638,2026-08-09 04:09:00,PORT-1009,Fixed Income,Northstar Clearing,Failed Settlement,Synthetic settlement instruction did not complete by the expected cycle.,126354.77,USD,Critical,Escalated,Settlement Operations,2026-08-09 10:09:00,,Data mapping variance
EXC-001639,2026-08-05 11:51:00,PORT-1079,Equity,Cedar Exchange,Missing Trade Confirmation,Synthetic trade record is awaiting a counterparty confirmation within the control window.,19307.74,USD,Low,Resolved,Trade Support,2026-08-08 11:51:00,2026-08-09 14:58:53.102618670,Counterparty confirmation delay
EXC-001640,2026-08-03 17:12:00,PORT-1008,ETF,Meridian Markets,Compliance Review,Synthetic control threshold requires documented analyst review before closure.,51024.69,USD,Medium,Open,Compliance Operations,2026-08-05 05:12:00,,Policy threshold review
EXC-001641,2026-08-09 07:33:00,PORT-1092,Equity,Harbor Trade Services,Compliance Review,Synthetic control threshold requires documented analyst review before closure.,28834.37,USD,Low,Open,Compliance Operations,2026-08-12 07:33:00,,Policy threshold review
EXC-001642,2026-08-07 14:39:00,PORT-1006,Equity,Harbor Trade Services,Reconciliation Break,Cash and position reconciliation identified a synthetic variance requiring investigation.,24574.23,USD,Medium,Open,Reconciliation Operations,2026-08-09 02:39:00,,Position or cash mismatch
EXC-001643,2026-08-05 03:56:00,PORT-1060,Equity,Meridian Markets,Pricing Discrepancy,Synthetic valuation check found a price difference against an independent source.,106080.88,USD,High,Open,Pricing & Valuation,2026-08-05 19:56:00,,Market data variance
EXC-001644,2026-08-06 13:06:00,PORT-1033,Fixed Income,Harbor Trade Services,Missing Trade Confirmation,Synthetic trade record is awaiting a counterparty confirmation within the control window.,239419.69,EUR,Medium,Open,Trade Support,2026-08-08 01:06:00,,Counterparty confirmation delay
EXC-001645,2026-08-02 05:47:00,PORT-1011,Derivative,Meridian Markets,Reconciliation Break,Cash and position reconciliation identified a synthetic variance requiring investigation.,17102.16,EUR,Medium,Open,Reconciliation Operations,2026-08-03 17:47:00,,Late file delivery
EXC-001646,2026-08-08 23:57:00,PORT-1036,Fixed Income,Meridian Markets,Pricing Discrepancy,Synthetic valuation check found a price difference against an independent source.,64563.57,EUR,Medium,Resolved,Pricing & Valuation,2026-08-10 11:57:00,2026-08-10 02:29:58.473500252,Market data variance
EXC-001647,2026-07-31 10:30:00,PORT-1004,FX,Harbor Trade Services,Missing Trade Confirmation,Synthetic trade record is awaiting a counterparty confirmation within the control window.,37611.79,GBP,Critical,Resolved,Trade Support,2026-07-31 16:30:00,2026-07-31 16:13:03.413605683,Manual processing error
EXC-001648,2026-08-07 15:46:00,PORT-1069,Derivative,Harbor Trade Services,Reference Data Issue,Synthetic reference-data record has a missing or inconsistent attribute.,38088.51,USD,Medium,Resolved,Reference Data Operations,2026-08-09 03:46:00,2026-08-08 08:20:23.608653412,Security master attribute gap
EXC-001649,2026-08-04 23:25:00,PORT-1086,Fixed Income,Summit Custody,Failed Settlement,Synthetic settlement instruction did not complete by the expected cycle.,34875.39,JPY,Medium,Resolved,Settlement Operations,2026-08-06 11:25:00,2026-08-07 02:06:08.610010283,Late file delivery
EXC-001650,2026-07-30 11:37:00,PORT-1033,Derivative,Meridian Markets,Reference Data Issue,Synthetic reference-data record has a missing or inconsistent attribute.,18963.44,EUR,High,Resolved,Reference Data Operations,2026-07-31 03:37:00,2026-07-31 07:11:30.464318279,Security master attribute gap
EXC-001651,2026-08-02 17:15:00,PORT-1044,FX,Harbor Trade Services,Missing Trade Confirmation,Synthetic trade record is awaiting a counterparty confirmation within the control window.,623.76,GBP,High,Resolved,Trade Support,2026-08-03 09:15:00,2026-08-03 18:30:30.294209551,Counterparty confirmation delay
EXC-001652,2026-07-30 09:08:00,PORT-1014,ETF,Summit Custody,Missing Trade Confirmation,Synthetic trade record is awaiting a counterparty confirmation within the control window.,134800.31,EUR,Medium,Resolved,Trade Support,2026-07-31 21:08:00,2026-07-31 15:37:48.743115758,Counterparty confirmation delay
EXC-001653,2026-08-09 04:00:00,PORT-1048,Equity,Meridian Markets,Missing Trade Confirmation,Synthetic trade record is awaiting a counterparty confirmation within the control window.,12971.77,USD,High,Resolved,Trade Support,2026-08-09 20:00:00,2026-08-10 05:49:34.721444586,Counterparty confirmation delay
EXC-001654,2026-08-02 04:14:00,PORT-1093,Equity,Harbor Trade Services,Reconciliation Break,Cash and position reconciliation identified a synthetic variance requiring investigation.,20876.2,USD,Low,Resolved,Reconciliation Operations,2026-08-05 04:14:00,2026-08-04 21:08:56.988324016,Position or cash mismatch
EXC-001655,2026-08-08 13:30:00,PORT-1053,Cash,Meridian Markets,Failed Settlement,Synthetic settlement instruction did not complete by the expected cycle.,21347.55,USD,High,Resolved,Settlement Operations,2026-08-09 05:30:00,2026-08-09 06:37:56.686023554,Settlement instruction or funding issue
EXC-001656,2026-08-03 05:28:00,PORT-1086,Derivative,Northstar Clearing,Pricing Discrepancy,Synthetic valuation check found a price difference against an independent source.,11813.6,USD,High,Resolved,Pricing & Valuation,2026-08-03 21:28:00,2026-08-03 23:53:21.503016605,Market data variance
EXC-001657,2026-08-06 02:17:00,PORT-1077,Cash,Northstar Clearing,Missing Trade Confirmation,Synthetic trade record is awaiting a counterparty confirmation within the control window.,34622.26,USD,Medium,Open,Trade Support,2026-08-07 14:17:00,,Counterparty confirmation delay
EXC-001658,2026-08-01 14:07:00,PORT-1013,Cash,Harbor Trade Services,Reference Data Issue,Synthetic reference-data record has a missing or inconsistent attribute.,25680.11,USD,Medium,Open,Reference Data Operations,2026-08-03 02:07:00,,Security master attribute gap
EXC-001659,2026-08-08 03:04:00,PORT-1006,Equity,Harbor Trade Services,Pricing Discrepancy,Synthetic valuation check found a price difference against an independent source.,12678.17,USD,Low,In Progress,Pricing & Valuation,2026-08-11 03:04:00,,Manual processing error
EXC-001660,2026-07-31 08:46:00,PORT-1036,Derivative,Northstar Clearing,Reconciliation Break,Cash and position reconciliation identified a synthetic variance requiring investigation.,31469.28,JPY,Critical,Escalated,Reconciliation Operations,2026-07-31 14:46:00,,Position or cash mismatch
EXC-001661,2026-08-04 12:51:00,PORT-1093,Fixed Income,Aurora Securities,Reconciliation Break,Cash and position reconciliation identified a synthetic variance requiring investigation.,25985.68,EUR,Low,Open,Reconciliation Operations,2026-08-07 12:51:00,,Position or cash mismatch
EXC-001662,2026-08-04 03:46:00,PORT-1017,Derivative,Harbor Trade Services,Reporting Delay,Synthetic reporting package is delayed because an upstream input is incomplete.,71269.98,USD,Medium,Open,Client Reporting,2026-08-05 15:46:00,,Upstream data delivery delay
EXC-001663,2026-08-03 15:25:00,PORT-1005,Equity,Cedar Exchange,Reference Data Issue,Synthetic reference-data record has a missing or inconsistent attribute.,6585.32,USD,High,In Progress,Reference Data Operations,2026-08-04 07:25:00,,Security master attribute gap
EXC-001664,2026-08-08 23:56:00,PORT-1094,Fixed Income,Aurora Securities,Missing Trade Confirmation,Synthetic trade record is awaiting a counterparty confirmation within the control window.,11548.85,EUR,High,Escalated,Trade Support,2026-08-09 15:56:00,,Counterparty confirmation delay
EXC-001665,2026-08-06 06:14:00,PORT-1020,Derivative,Cedar Exchange,Failed Settlement,Synthetic settlement instruction did not complete by the expected cycle.,57616.4,GBP,Low,In Progress,Settlement Operations,2026-08-09 06:14:00,,Settlement instruction or funding issue
EXC-001666,2026-08-02 06:13:00,PORT-1035,Derivative,Cedar Exchange,Reference Data Issue,Synthetic reference-data record has a missing or inconsistent attribute.,13742.79,EUR,High,Open,Reference Data Operations,2026-08-02 22:13:00,,Security master attribute gap
EXC-001667,2026-07-30 17:40:00,PORT-1077,FX,Northstar Clearing,Reference Data Issue,Synthetic reference-data record has a missing or inconsistent attribute.,10419.43,EUR,Medium,In Progress,Reference Data Operations,2026-08-01 05:40:00,,Security master attribute gap
EXC-001668,2026-07-30 12:18:00,PORT-1010,Fixed Income,Summit Custody,Missing Trade Confirmation,Synthetic trade record is awaiting a counterparty confirmation within the control window.,14475.23,USD,High,In Progress,Trade Support,2026-07-31 04:18:00,,Data mapping variance
EXC-001669,2026-08-04 00:25:00,PORT-1017,Fixed Income,Cedar Exchange,Reconciliation Break,Cash and position reconciliation identified a synthetic variance requiring investigation.,24196.72,USD,Low,Resolved,Reconciliation Operations,2026-08-07 00:25:00,2026-08-06 15:00:35.604823684,Position or cash mismatch
EXC-001670,2026-08-06 18:57:00,PORT-1072,Cash,Meridian Markets,Reference Data Issue,Synthetic reference-data record has a missing or inconsistent attribute.,24293.45,EUR,Low,Resolved,Reference Data Operations,2026-08-09 18:57:00,2026-08-09 17:35:09.117013692,Late file delivery
EXC-001671,2026-08-04 13:42:00,PORT-1001,Fixed Income,Northstar Clearing,Missing Trade Confirmation,Synthetic trade record is awaiting a counterparty confirmation within the control window.,21580.46,JPY,Medium,Open,Trade Support,2026-08-06 01:42:00,,Counterparty confirmation delay
EXC-001672,2026-08-04 16:56:00,PORT-1070,Fixed Income,Meridian Markets,Reporting Delay,Synthetic reporting package is delayed because an upstream input is incomplete.,9136.26,USD,Low,Resolved,Client Reporting,2026-08-07 16:56:00,2026-08-06 02:10:22.222491058,Data mapping variance
EXC-001673,2026-08-05 09:17:00,PORT-1054,ETF,Cedar Exchange,Compliance Review,Synthetic control threshold requires documented analyst review before closure.,60585.86,USD,Medium,Open,Compliance Operations,2026-08-06 21:17:00,,Policy threshold review
EXC-001674,2026-08-05 17:40:00,PORT-1024,Fixed Income,Cedar Exchange,Reconciliation Break,Cash and position reconciliation identified a synthetic variance requiring investigation.,108285.96,USD,Low,Resolved,Reconciliation Operations,2026-08-08 17:40:00,2026-08-07 18:13:28.492142116,Manual processing error
EXC-001675,2026-07-31 16:04:00,PORT-1061,ETF,Summit Custody,Reference Data Issue,Synthetic reference-data record has a missing or inconsistent attribute.,3619.35,USD,High,Escalated,Reference Data Operations,2026-08-01 08:04:00,,Security master attribute gap
EXC-001676,2026-08-05 10:44:00,PORT-1032,Fixed Income,Harbor Trade Services,Failed Settlement,Synthetic settlement instruction did not complete by the expected cycle.,5264.72,JPY,Critical,Escalated,Settlement Operations,2026-08-05 16:44:00,,Settlement instruction or funding issue
EXC-001677,2026-08-09 01:14:00,PORT-1093,Derivative,Harbor Trade Services,Compliance Review,Synthetic control threshold requires documented analyst review before closure.,77110.89,EUR,Critical,Open,Compliance Operations,2026-08-09 07:14:00,,Policy threshold review
EXC-001678,2026-08-02 02:32:00,PORT-1041,Cash,Harbor Trade Services,Pricing Discrepancy,Synthetic valuation check found a price difference against an independent source.,139844.47,USD,Critical,Escalated,Pricing & Valuation,2026-08-02 08:32:00,,Market data variance
EXC-001679,2026-08-02 17:09:00,PORT-1074,Cash,Summit Custody,Reference Data Issue,Synthetic reference-data record has a missing or inconsistent attribute.,2876.59,USD,High,Resolved,Reference Data Operations,2026-08-03 09:09:00,2026-08-03 12:15:17.260703489,Security master attribute gap
EXC-001680,2026-08-05 13:28:00,PORT-1027,ETF,Harbor Trade Services,Accounting Difference,Synthetic accounting control detected a ledger variance requiring review.,63335.95,USD,Medium,Resolved,Fund Accounting,2026-08-07 01:28:00,2026-08-05 19:56:03.042904036,Ledger posting difference
EXC-001681,2026-08-03 01:04:00,PORT-1082,Fixed Income,Summit Custody,Compliance Review,Synthetic control threshold requires documented analyst review before closure.,150207.64,USD,Critical,In Progress,Compliance Operations,2026-08-03 07:04:00,,Policy threshold review
EXC-001682,2026-07-30 22:43:00,PORT-1029,FX,Northstar Clearing,Reference Data Issue,Synthetic reference-data record has a missing or inconsistent attribute.,10877.67,USD,High,In Progress,Reference Data Operations,2026-07-31 14:43:00,,Security master attribute gap
EXC-001683,2026-07-31 02:56:00,PORT-1050,Derivative,Harbor Trade Services,Compliance Review,Synthetic control threshold requires documented analyst review before closure.,141301.5,GBP,Critical,Open,Compliance Operations,2026-07-31 08:56:00,,Policy threshold review
EXC-001684,2026-08-01 11:22:00,PORT-1079,ETF,Harbor Trade Services,Missing Trade Confirmation,Synthetic trade record is awaiting a counterparty confirmation within the control window.,22317.04,EUR,Critical,Open,Trade Support,2026-08-01 17:22:00,,Counterparty confirmation delay
EXC-001685,2026-08-03 12:21:00,PORT-1091,FX,Northstar Clearing,Reconciliation Break,Cash and position reconciliation identified a synthetic variance requiring investigation.,37435.28,USD,High,Resolved,Reconciliation Operations,2026-08-04 04:21:00,2026-08-04 07:24:58.007436475,Data mapping variance
EXC-001686,2026-08-09 02:02:00,PORT-1074,Derivative,Aurora Securities,Missing Trade Confirmation,Synthetic trade record is awaiting a counterparty confirmation within the control window.,12642.32,EUR,Low,In Progress,Trade Support,2026-08-12 02:02:00,,Data mapping variance
EXC-001687,2026-08-04 06:15:00,PORT-1066,FX,Cedar Exchange,Accounting Difference,Synthetic accounting control detected a ledger variance requiring review.,76962.99,EUR,Critical,Escalated,Fund Accounting,2026-08-04 12:15:00,,Manual processing error
EXC-001688,2026-08-01 03:50:00,PORT-1068,Derivative,Aurora Securities,Accounting Difference,Synthetic accounting control detected a ledger variance requiring review.,64613.25,USD,Critical,Resolved,Fund Accounting,2026-08-01 09:50:00,2026-08-01 07:20:31.177500840,Ledger posting difference
EXC-001689,2026-07-31 22:18:00,PORT-1040,Equity,Meridian Markets,Accounting Difference,Synthetic accounting control detected a ledger variance requiring review.,164545.9,EUR,High,In Progress,Fund Accounting,2026-08-01 14:18:00,,Late file delivery
EXC-001690,2026-08-01 14:51:00,PORT-1068,Fixed Income,Northstar Clearing,Pricing Discrepancy,Synthetic valuation check found a price difference against an independent source.,122105.14,EUR,High,Escalated,Pricing & Valuation,2026-08-02 06:51:00,,Market data variance
EXC-001691,2026-07-30 12:14:00,PORT-1057,ETF,Aurora Securities,Reference Data Issue,Synthetic reference-data record has a missing or inconsistent attribute.,26645.95,GBP,Medium,Resolved,Reference Data Operations,2026-08-01 00:14:00,2026-07-31 07:31:33.784322971,Security master attribute gap
EXC-001692,2026-08-04 05:16:00,PORT-1052,Equity,Summit Custody,Failed Settlement,Synthetic settlement instruction did not complete by the expected cycle.,703481.98,USD,Critical,Escalated,Settlement Operations,2026-08-04 11:16:00,,Settlement instruction or funding issue
EXC-001693,2026-08-08 06:04:00,PORT-1031,Derivative,Cedar Exchange,Missing Trade Confirmation,Synthetic trade record is awaiting a counterparty confirmation within the control window.,111116.26,USD,Low,Resolved,Trade Support,2026-08-11 06:04:00,2026-08-11 19:06:04.881239101,Counterparty confirmation delay
EXC-001694,2026-08-04 08:52:00,PORT-1035,FX,Summit Custody,Compliance Review,Synthetic control threshold requires documented analyst review before closure.,47455.22,USD,Critical,Escalated,Compliance Operations,2026-08-04 14:52:00,,Policy threshold review
EXC-001695,2026-08-06 04:03:00,PORT-1013,Equity,Summit Custody,Reporting Delay,Synthetic reporting package is delayed because an upstream input is incomplete.,9442.61,USD,Low,Open,Client Reporting,2026-08-09 04:03:00,,Upstream data delivery delay
EXC-001696,2026-08-01 00:06:00,PORT-1071,Derivative,Summit Custody,Accounting Difference,Synthetic accounting control detected a ledger variance requiring review.,5396.28,USD,Medium,Escalated,Fund Accounting,2026-08-02 12:06:00,,Ledger posting difference
EXC-001697,2026-08-01 14:06:00,PORT-1003,FX,Harbor Trade Services,Reconciliation Break,Cash and position reconciliation identified a synthetic variance requiring investigation.,5900.08,GBP,Low,Open,Reconciliation Operations,2026-08-04 14:06:00,,Late file delivery
EXC-001698,2026-08-05 03:06:00,PORT-1012,Derivative,Meridian Markets,Reference Data Issue,Synthetic reference-data record has a missing or inconsistent attribute.,10093.54,USD,Medium,In Progress,Reference Data Operations,2026-08-06 15:06:00,,Security master attribute gap
EXC-001699,2026-08-05 11:02:00,PORT-1029,Fixed Income,Cedar Exchange,Failed Settlement,Synthetic settlement instruction did not complete by the expected cycle.,114252.68,USD,Critical,Escalated,Settlement Operations,2026-08-05 17:02:00,,Settlement instruction or funding issue
EXC-001700,2026-08-07 17:36:00,PORT-1014,Derivative,Northstar Clearing,Compliance Review,Synthetic control threshold requires documented analyst review before closure.,44866.35,JPY,Critical,Open,Compliance Operations,2026-08-07 23:36:00,,Policy threshold review
EXC-001701,2026-08-08 21:52:00,PORT-1074,Fixed Income,Northstar Clearing,Failed Settlement,Synthetic settlement instruction did not complete by the expected cycle.,14128.62,USD,Critical,Escalated,Settlement Operations,2026-08-09 03:52:00,,Settlement instruction or funding issue
EXC-001702,2026-08-06 05:01:00,PORT-1013,ETF,Aurora Securities,Failed Settlement,Synthetic settlement instruction did not complete by the expected cycle.,23326.32,USD,High,In Progress,Settlement Operations,2026-08-06 21:01:00,,Settlement instruction or funding issue
EXC-001703,2026-08-06 22:42:00,PORT-1045,Equity,Meridian Markets,Pricing Discrepancy,Synthetic valuation check found a price difference against an independent source.,20524.33,USD,Medium,In Progress,Pricing & Valuation,2026-08-08 10:42:00,,Market data variance
EXC-001704,2026-08-06 16:55:00,PORT-1072,FX,Aurora Securities,Reporting Delay,Synthetic reporting package is delayed because an upstream input is incomplete.,62320.97,USD,Low,Resolved,Client Reporting,2026-08-09 16:55:00,2026-08-08 01:14:06.092851146,Data mapping variance
EXC-001705,2026-07-30 08:30:00,PORT-1058,FX,Meridian Markets,Pricing Discrepancy,Synthetic valuation check found a price difference against an independent source.,10692.12,USD,High,Open,Pricing & Valuation,2026-07-31 00:30:00,,Manual processing error
EXC-001706,2026-08-02 12:53:00,PORT-1058,ETF,Meridian Markets,Failed Settlement,Synthetic settlement instruction did not complete by the expected cycle.,38838.63,EUR,High,In Progress,Settlement Operations,2026-08-03 04:53:00,,Data mapping variance
EXC-001707,2026-08-03 20:14:00,PORT-1034,Fixed Income,Aurora Securities,Reconciliation Break,Cash and position reconciliation identified a synthetic variance requiring investigation.,36867.66,USD,Medium,Open,Reconciliation Operations,2026-08-05 08:14:00,,Position or cash mismatch
EXC-001708,2026-08-07 13:53:00,PORT-1045,Derivative,Meridian Markets,Pricing Discrepancy,Synthetic valuation check found a price difference against an independent source.,11033.47,USD,High,Resolved,Pricing & Valuation,2026-08-08 05:53:00,2026-08-08 15:20:43.237838053,Market data variance
EXC-001709,2026-07-31 22:40:00,PORT-1076,FX,Harbor Trade Services,Reference Data Issue,Synthetic reference-data record has a missing or inconsistent attribute.,142544.05,USD,High,Open,Reference Data Operations,2026-08-01 14:40:00,,Late file delivery
EXC-001710,2026-08-02 22:14:00,PORT-1047,Fixed Income,Meridian Markets,Missing Trade Confirmation,Synthetic trade record is awaiting a counterparty confirmation within the control window.,19725.16,GBP,Medium,Open,Trade Support,2026-08-04 10:14:00,,Manual processing error
EXC-001711,2026-08-04 05:14:00,PORT-1069,Cash,Harbor Trade Services,Reference Data Issue,Synthetic reference-data record has a missing or inconsistent attribute.,9486.38,USD,Critical,Resolved,Reference Data Operations,2026-08-04 11:14:00,2026-08-04 15:02:51.960706149,Security master attribute gap
EXC-001712,2026-08-04 16:51:00,PORT-1082,FX,Summit Custody,Pricing Discrepancy,Synthetic valuation check found a price difference against an independent source.,65875.64,EUR,High,Open,Pricing & Valuation,2026-08-05 08:51:00,,Market data variance
EXC-001713,2026-08-03 19:33:00,PORT-1025,Cash,Cedar Exchange,Failed Settlement,Synthetic settlement instruction did not complete by the expected cycle.,28487.49,USD,High,Resolved,Settlement Operations,2026-08-04 11:33:00,2026-08-04 08:41:03.472743133,Settlement instruction or funding issue
EXC-001714,2026-07-31 23:06:00,PORT-1012,Cash,Northstar Clearing,Failed Settlement,Synthetic settlement instruction did not complete by the expected cycle.,41309.58,EUR,Critical,In Progress,Settlement Operations,2026-08-01 05:06:00,,Manual processing error
EXC-001715,2026-08-02 03:56:00,PORT-1046,Cash,Cedar Exchange,Missing Trade Confirmation,Synthetic trade record is awaiting a counterparty confirmation within the control window.,7754.95,USD,Low,Open,Trade Support,2026-08-05 03:56:00,,Counterparty confirmation delay
EXC-001716,2026-08-04 11:47:00,PORT-1038,Derivative,Meridian Markets,Compliance Review,Synthetic control threshold requires documented analyst review before closure.,63135.41,USD,Critical,In Progress,Compliance Operations,2026-08-04 17:47:00,,Late file delivery
EXC-001717,2026-08-02 15:47:00,PORT-1015,ETF,Harbor Trade Services,Missing Trade Confirmation,Synthetic trade record is awaiting a counterparty confirmation within the control window.,263300.12,USD,High,Resolved,Trade Support,2026-08-03 07:47:00,2026-08-03 03:31:48.195101109,Counterparty confirmation delay
EXC-001718,2026-07-31 01:18:00,PORT-1075,Equity,Northstar Clearing,Reporting Delay,Synthetic reporting package is delayed because an upstream input is incomplete.,7143.97,EUR,High,In Progress,Client Reporting,2026-07-31 17:18:00,,Upstream data delivery delay
EXC-001719,2026-08-06 02:03:00,PORT-1062,ETF,Cedar Exchange,Reporting Delay,Synthetic reporting package is delayed because an upstream input is incomplete.,39023.5,USD,Medium,Open,Client Reporting,2026-08-07 14:03:00,,Upstream data delivery delay
EXC-001720,2026-07-31 07:27:00,PORT-1065,Derivative,Cedar Exchange,Reference Data Issue,Synthetic reference-data record has a missing or inconsistent attribute.,11794.93,USD,Medium,Resolved,Reference Data Operations,2026-08-01 19:27:00,2026-07-31 16:07:24.179154391,Data mapping variance
EXC-001721,2026-08-03 06:33:00,PORT-1070,ETF,Cedar Exchange,Reconciliation Break,Cash and position reconciliation identified a synthetic variance requiring investigation.,453198.89,USD,Low,In Progress,Reconciliation Operations,2026-08-06 06:33:00,,Position or cash mismatch
EXC-001722,2026-08-07 11:40:00,PORT-1043,Derivative,Summit Custody,Missing Trade Confirmation,Synthetic trade record is awaiting a counterparty confirmation within the control window.,98875.24,USD,Medium,Resolved,Trade Support,2026-08-08 23:40:00,2026-08-09 10:51:03.426372180,Counterparty confirmation delay
EXC-001723,2026-07-30 16:25:00,PORT-1051,Equity,Meridian Markets,Compliance Review,Synthetic control threshold requires documented analyst review before closure.,36178.23,USD,Critical,Escalated,Compliance Operations,2026-07-30 22:25:00,,Policy threshold review
EXC-001724,2026-08-02 12:01:00,PORT-1022,Fixed Income,Summit Custody,Accounting Difference,Synthetic accounting control detected a ledger variance requiring review.,7411.14,USD,Medium,Resolved,Fund Accounting,2026-08-04 00:01:00,2026-08-03 01:17:58.215827160,Ledger posting difference
EXC-001725,2026-08-05 12:23:00,PORT-1072,Fixed Income,Summit Custody,Accounting Difference,Synthetic accounting control detected a ledger variance requiring review.,9553.29,USD,Medium,In Progress,Fund Accounting,2026-08-07 00:23:00,,Ledger posting difference
EXC-001726,2026-08-07 05:08:00,PORT-1093,Fixed Income,Harbor Trade Services,Reconciliation Break,Cash and position reconciliation identified a synthetic variance requiring investigation.,58899.52,USD,Medium,In Progress,Reconciliation Operations,2026-08-08 17:08:00,,Manual processing error
EXC-001727,2026-07-31 04:35:00,PORT-1086,Equity,Harbor Trade Services,Pricing Discrepancy,Synthetic valuation check found a price difference against an independent source.,6434.2,USD,Medium,Escalated,Pricing & Valuation,2026-08-01 16:35:00,,Market data variance
EXC-001728,2026-08-01 03:03:00,PORT-1040,Equity,Aurora Securities,Reference Data Issue,Synthetic reference-data record has a missing or inconsistent attribute.,6649.72,USD,High,In Progress,Reference Data Operations,2026-08-01 19:03:00,,Security master attribute gap
EXC-001729,2026-08-08 22:16:00,PORT-1005,Derivative,Meridian Markets,Reconciliation Break,Cash and position reconciliation identified a synthetic variance requiring investigation.,27153.81,USD,Critical,Escalated,Reconciliation Operations,2026-08-09 04:16:00,,Position or cash mismatch
EXC-001730,2026-08-02 23:43:00,PORT-1087,Fixed Income,Harbor Trade Services,Pricing Discrepancy,Synthetic valuation check found a price difference against an independent source.,30948.74,USD,Medium,Escalated,Pricing & Valuation,2026-08-04 11:43:00,,Market data variance
EXC-001731,2026-08-08 04:41:00,PORT-1057,Equity,Aurora Securities,Failed Settlement,Synthetic settlement instruction did not complete by the expected cycle.,40096.04,JPY,Medium,Escalated,Settlement Operations,2026-08-09 16:41:00,,Settlement instruction or funding issue
EXC-001732,2026-08-06 09:47:00,PORT-1077,Equity,Northstar Clearing,Reconciliation Break,Cash and position reconciliation identified a synthetic variance requiring investigation.,16958.06,USD,Medium,In Progress,Reconciliation Operations,2026-08-07 21:47:00,,Position or cash mismatch
EXC-001733,2026-08-03 15:38:00,PORT-1030,Fixed Income,Meridian Markets,Compliance Review,Synthetic control threshold requires documented analyst review before closure.,70696.68,GBP,Medium,In Progress,Compliance Operations,2026-08-05 03:38:00,,Policy threshold review
EXC-001734,2026-08-06 20:44:00,PORT-1085,Equity,Northstar Clearing,Missing Trade Confirmation,Synthetic trade record is awaiting a counterparty confirmation within the control window.,10884.49,USD,Medium,Resolved,Trade Support,2026-08-08 08:44:00,2026-08-09 04:26:44.194158081,Data mapping variance
EXC-001735,2026-08-04 05:48:00,PORT-1083,FX,Summit Custody,Reference Data Issue,Synthetic reference-data record has a missing or inconsistent attribute.,51946.86,USD,Low,Resolved,Reference Data Operations,2026-08-07 05:48:00,2026-08-09 03:33:49.306043901,Data mapping variance
EXC-001736,2026-08-05 00:33:00,PORT-1002,Derivative,Meridian Markets,Compliance Review,Synthetic control threshold requires documented analyst review before closure.,33685.63,USD,Critical,In Progress,Compliance Operations,2026-08-05 06:33:00,,Policy threshold review
EXC-001737,2026-08-03 13:07:00,PORT-1056,Equity,Aurora Securities,Failed Settlement,Synthetic settlement instruction did not complete by the expected cycle.,50548.15,USD,Critical,In Progress,Settlement Operations,2026-08-03 19:07:00,,Settlement instruction or funding issue
EXC-001738,2026-08-01 07:59:00,PORT-1047,ETF,Aurora Securities,Missing Trade Confirmation,Synthetic trade record is awaiting a counterparty confirmation within the control window.,93069.14,EUR,Medium,In Progress,Trade Support,2026-08-02 19:59:00,,Counterparty confirmation delay
EXC-001739,2026-08-07 18:53:00,PORT-1065,Equity,Aurora Securities,Accounting Difference,Synthetic accounting control detected a ledger variance requiring review.,16678.92,GBP,Low,In Progress,Fund Accounting,2026-08-10 18:53:00,,Ledger posting difference
EXC-001740,2026-08-01 08:46:00,PORT-1026,Fixed Income,Harbor Trade Services,Compliance Review,Synthetic control threshold requires documented analyst review before closure.,13438.36,USD,High,Open,Compliance Operations,2026-08-02 00:46:00,,Data mapping variance
EXC-001741,2026-08-07 02:58:00,PORT-1010,Derivative,Northstar Clearing,Missing Trade Confirmation,Synthetic trade record is awaiting a counterparty confirmation within the control window.,4569.63,EUR,Low,Resolved,Trade Support,2026-08-10 02:58:00,2026-08-08 01:05:28.780945684,Counterparty confirmation delay
EXC-001742,2026-08-09 00:00:00,PORT-1027,ETF,Aurora Securities,Missing Trade Confirmation,Synthetic trade record is awaiting a counterparty confirmation within the control window.,3229.39,USD,Medium,Open,Trade Support,2026-08-10 12:00:00,,Counterparty confirmation delay
EXC-001743,2026-08-04 21:17:00,PORT-1052,Derivative,Aurora Securities,Reconciliation Break,Cash and position reconciliation identified a synthetic variance requiring investigation.,22364.43,USD,High,In Progress,Reconciliation Operations,2026-08-05 13:17:00,,Position or cash mismatch
EXC-001744,2026-08-06 07:48:00,PORT-1027,Equity,Harbor Trade Services,Failed Settlement,Synthetic settlement instruction did not complete by the expected cycle.,24031.02,GBP,Medium,Resolved,Settlement Operations,2026-08-07 19:48:00,2026-08-08 01:44:23.870348398,Settlement instruction or funding issue
EXC-001745,2026-08-07 12:19:00,PORT-1046,Fixed Income,Northstar Clearing,Compliance Review,Synthetic control threshold requires documented analyst review before closure.,8600.82,USD,Critical,In Progress,Compliance Operations,2026-08-07 18:19:00,,Policy threshold review
EXC-001746,2026-08-05 02:58:00,PORT-1039,Fixed Income,Meridian Markets,Reporting Delay,Synthetic reporting package is delayed because an upstream input is incomplete.,10778.89,USD,Low,In Progress,Client Reporting,2026-08-08 02:58:00,,Upstream data delivery delay
EXC-001747,2026-07-31 16:02:00,PORT-1069,Fixed Income,Northstar Clearing,Compliance Review,Synthetic control threshold requires documented analyst review before closure.,133202.6,JPY,High,Escalated,Compliance Operations,2026-08-01 08:02:00,,Policy threshold review
EXC-001748,2026-08-03 11:40:00,PORT-1041,Cash,Northstar Clearing,Accounting Difference,Synthetic accounting control detected a ledger variance requiring review.,67483.05,JPY,Critical,Escalated,Fund Accounting,2026-08-03 17:40:00,,Ledger posting difference
EXC-001749,2026-08-02 01:58:00,PORT-1015,Equity,Aurora Securities,Pricing Discrepancy,Synthetic valuation check found a price difference against an independent source.,7153.18,EUR,Medium,Resolved,Pricing & Valuation,2026-08-03 13:58:00,2026-08-03 07:57:12.620023981,Manual processing error
EXC-001750,2026-08-07 21:26:00,PORT-1063,Derivative,Summit Custody,Pricing Discrepancy,Synthetic valuation check found a price difference against an independent source.,16907.87,USD,High,Open,Pricing & Valuation,2026-08-08 13:26:00,,Market data variance
EXC-001751,2026-08-08 13:56:00,PORT-1021,Derivative,Northstar Clearing,Reporting Delay,Synthetic reporting package is delayed because an upstream input is incomplete.,41204.5,GBP,Medium,In Progress,Client Reporting,2026-08-10 01:56:00,,Manual processing error
EXC-001752,2026-08-06 00:14:00,PORT-1030,ETF,Meridian Markets,Missing Trade Confirmation,Synthetic trade record is awaiting a counterparty confirmation within the control window.,13935.94,USD,High,Resolved,Trade Support,2026-08-06 16:14:00,2026-08-06 15:24:02.101839864,Counterparty confirmation delay
EXC-001753,2026-08-01 15:04:00,PORT-1070,Fixed Income,Summit Custody,Failed Settlement,Synthetic settlement instruction did not complete by the expected cycle.,11508.83,USD,High,In Progress,Settlement Operations,2026-08-02 07:04:00,,Settlement instruction or funding issue
EXC-001754,2026-07-31 12:09:00,PORT-1027,ETF,Meridian Markets,Reference Data Issue,Synthetic reference-data record has a missing or inconsistent attribute.,18860.82,USD,High,Resolved,Reference Data Operations,2026-08-01 04:09:00,2026-07-31 18:27:57.557368616,Data mapping variance
EXC-001755,2026-08-08 08:17:00,PORT-1007,Fixed Income,Aurora Securities,Pricing Discrepancy,Synthetic valuation check found a price difference against an independent source.,84558.08,JPY,Critical,Escalated,Pricing & Valuation,2026-08-08 14:17:00,,Market data variance
EXC-001756,2026-08-04 13:30:00,PORT-1036,Derivative,Harbor Trade Services,Accounting Difference,Synthetic accounting control detected a ledger variance requiring review.,93010.84,JPY,Medium,Resolved,Fund Accounting,2026-08-06 01:30:00,2026-08-06 09:40:17.512109133,Ledger posting difference
EXC-001757,2026-08-05 09:11:00,PORT-1039,Fixed Income,Meridian Markets,Reconciliation Break,Cash and position reconciliation identified a synthetic variance requiring investigation.,12428.91,EUR,Medium,Open,Reconciliation Operations,2026-08-06 21:11:00,,Position or cash mismatch
EXC-001758,2026-08-01 21:56:00,PORT-1068,Cash,Cedar Exchange,Failed Settlement,Synthetic settlement instruction did not complete by the expected cycle.,43633.42,USD,Medium,Resolved,Settlement Operations,2026-08-03 09:56:00,2026-08-02 11:25:49.303214731,Late file delivery
EXC-001759,2026-08-07 06:37:00,PORT-1070,FX,Summit Custody,Failed Settlement,Synthetic settlement instruction did not complete by the expected cycle.,26722.67,USD,High,Resolved,Settlement Operations,2026-08-07 22:37:00,2026-08-08 06:12:31.716438600,Settlement instruction or funding issue
EXC-001760,2026-08-04 12:05:00,PORT-1001,ETF,Aurora Securities,Failed Settlement,Synthetic settlement instruction did not complete by the expected cycle.,9333.38,USD,High,In Progress,Settlement Operations,2026-08-05 04:05:00,,Settlement instruction or funding issue
EXC-001761,2026-07-31 20:30:00,PORT-1075,FX,Summit Custody,Missing Trade Confirmation,Synthetic trade record is awaiting a counterparty confirmation within the control window.,19694.05,GBP,Medium,Open,Trade Support,2026-08-02 08:30:00,,Counterparty confirmation delay
EXC-001762,2026-08-04 17:02:00,PORT-1074,Fixed Income,Summit Custody,Reconciliation Break,Cash and position reconciliation identified a synthetic variance requiring investigation.,7133.48,USD,Medium,In Progress,Reconciliation Operations,2026-08-06 05:02:00,,Position or cash mismatch
EXC-001763,2026-08-01 12:30:00,PORT-1017,Cash,Aurora Securities,Missing Trade Confirmation,Synthetic trade record is awaiting a counterparty confirmation within the control window.,91236.29,USD,Medium,Resolved,Trade Support,2026-08-03 00:30:00,2026-08-02 17:49:29.718328876,Counterparty confirmation delay
EXC-001764,2026-08-03 02:59:00,PORT-1034,Equity,Meridian Markets,Reconciliation Break,Cash and position reconciliation identified a synthetic variance requiring investigation.,137323.62,EUR,High,In Progress,Reconciliation Operations,2026-08-03 18:59:00,,Position or cash mismatch
EXC-001765,2026-08-03 09:26:00,PORT-1076,Cash,Aurora Securities,Reconciliation Break,Cash and position reconciliation identified a synthetic variance requiring investigation.,17481.5,USD,Critical,Escalated,Reconciliation Operations,2026-08-03 15:26:00,,Position or cash mismatch
EXC-001766,2026-08-06 17:34:00,PORT-1057,Derivative,Cedar Exchange,Reconciliation Break,Cash and position reconciliation identified a synthetic variance requiring investigation.,13608.73,GBP,Low,Open,Reconciliation Operations,2026-08-09 17:34:00,,Position or cash mismatch
EXC-001767,2026-07-30 09:35:00,PORT-1034,Derivative,Cedar Exchange,Failed Settlement,Synthetic settlement instruction did not complete by the expected cycle.,81415.76,USD,Critical,Open,Settlement Operations,2026-07-30 15:35:00,,Settlement instruction or funding issue
EXC-001768,2026-08-06 20:29:00,PORT-1075,Fixed Income,Harbor Trade Services,Reconciliation Break,Cash and position reconciliation identified a synthetic variance requiring investigation.,96467.01,GBP,Medium,Resolved,Reconciliation Operations,2026-08-08 08:29:00,2026-08-08 11:46:18.725687391,Position or cash mismatch
EXC-001769,2026-07-31 01:19:00,PORT-1062,Derivative,Summit Custody,Reconciliation Break,Cash and position reconciliation identified a synthetic variance requiring investigation.,8348.76,USD,Low,Open,Reconciliation Operations,2026-08-03 01:19:00,,Position or cash mismatch
EXC-001770,2026-07-30 10:36:00,PORT-1051,Fixed Income,Aurora Securities,Reference Data Issue,Synthetic reference-data record has a missing or inconsistent attribute.,23030.0,USD,Critical,Escalated,Reference Data Operations,2026-07-30 16:36:00,,Data mapping variance
EXC-001771,2026-08-04 06:06:00,PORT-1001,Derivative,Meridian Markets,Accounting Difference,Synthetic accounting control detected a ledger variance requiring review.,25288.74,USD,Medium,Resolved,Fund Accounting,2026-08-05 18:06:00,2026-08-06 13:11:32.115034399,Data mapping variance
EXC-001772,2026-07-31 15:36:00,PORT-1064,Equity,Harbor Trade Services,Compliance Review,Synthetic control threshold requires documented analyst review before closure.,11976.3,USD,Medium,Resolved,Compliance Operations,2026-08-02 03:36:00,2026-08-02 12:33:56.548528285,Policy threshold review
EXC-001773,2026-08-02 04:29:00,PORT-1018,Fixed Income,Harbor Trade Services,Reporting Delay,Synthetic reporting package is delayed because an upstream input is incomplete.,40347.34,EUR,Medium,Open,Client Reporting,2026-08-03 16:29:00,,Upstream data delivery delay
EXC-001774,2026-08-01 23:15:00,PORT-1091,Fixed Income,Cedar Exchange,Failed Settlement,Synthetic settlement instruction did not complete by the expected cycle.,12900.97,USD,Critical,Open,Settlement Operations,2026-08-02 05:15:00,,Settlement instruction or funding issue
EXC-001775,2026-08-08 16:04:00,PORT-1019,Fixed Income,Harbor Trade Services,Reporting Delay,Synthetic reporting package is delayed because an upstream input is incomplete.,15255.97,USD,Critical,In Progress,Client Reporting,2026-08-08 22:04:00,,Upstream data delivery delay
EXC-001776,2026-08-08 00:10:00,PORT-1003,Fixed Income,Northstar Clearing,Accounting Difference,Synthetic accounting control detected a ledger variance requiring review.,24187.47,EUR,Medium,Resolved,Fund Accounting,2026-08-09 12:10:00,2026-08-09 10:16:35.645113527,Ledger posting difference
EXC-001777,2026-08-08 16:08:00,PORT-1037,Derivative,Cedar Exchange,Compliance Review,Synthetic control threshold requires documented analyst review before closure.,5633.49,USD,Low,In Progress,Compliance Operations,2026-08-11 16:08:00,,Policy threshold review
EXC-001778,2026-08-09 00:51:00,PORT-1035,Equity,Harbor Trade Services,Pricing Discrepancy,Synthetic valuation check found a price difference against an independent source.,3104.86,EUR,Medium,Resolved,Pricing & Valuation,2026-08-10 12:51:00,2026-08-10 03:20:58.145435564,Market data variance
EXC-001779,2026-08-01 00:02:00,PORT-1035,Derivative,Cedar Exchange,Pricing Discrepancy,Synthetic valuation check found a price difference against an independent source.,70557.69,EUR,Critical,Resolved,Pricing & Valuation,2026-08-01 06:02:00,2026-08-01 04:59:44.641511647,Market data variance
EXC-001780,2026-08-07 13:47:00,PORT-1091,Equity,Meridian Markets,Pricing Discrepancy,Synthetic valuation check found a price difference against an independent source.,12365.44,USD,Critical,Escalated,Pricing & Valuation,2026-08-07 19:47:00,,Market data variance
EXC-001781,2026-08-09 06:46:00,PORT-1027,Derivative,Aurora Securities,Reconciliation Break,Cash and position reconciliation identified a synthetic variance requiring investigation.,253117.04,GBP,Low,In Progress,Reconciliation Operations,2026-08-12 06:46:00,,Position or cash mismatch
EXC-001782,2026-07-30 23:14:00,PORT-1083,Derivative,Meridian Markets,Reference Data Issue,Synthetic reference-data record has a missing or inconsistent attribute.,213294.65,USD,Medium,Open,Reference Data Operations,2026-08-01 11:14:00,,Data mapping variance
EXC-001783,2026-08-06 14:24:00,PORT-1016,Fixed Income,Aurora Securities,Missing Trade Confirmation,Synthetic trade record is awaiting a counterparty confirmation within the control window.,15806.83,USD,Low,In Progress,Trade Support,2026-08-09 14:24:00,,Counterparty confirmation delay
EXC-001784,2026-08-01 04:42:00,PORT-1061,FX,Aurora Securities,Reconciliation Break,Cash and position reconciliation identified a synthetic variance requiring investigation.,313641.42,USD,Medium,Open,Reconciliation Operations,2026-08-02 16:42:00,,Position or cash mismatch
EXC-001785,2026-07-30 18:16:00,PORT-1013,Cash,Harbor Trade Services,Missing Trade Confirmation,Synthetic trade record is awaiting a counterparty confirmation within the control window.,72002.29,GBP,Low,In Progress,Trade Support,2026-08-02 18:16:00,,Counterparty confirmation delay
EXC-001786,2026-08-04 03:15:00,PORT-1023,Derivative,Aurora Securities,Reference Data Issue,Synthetic reference-data record has a missing or inconsistent attribute.,13662.64,USD,High,Resolved,Reference Data Operations,2026-08-04 19:15:00,2026-08-04 13:32:02.963397357,Security master attribute gap
EXC-001787,2026-07-31 01:50:00,PORT-1015,Fixed Income,Cedar Exchange,Missing Trade Confirmation,Synthetic trade record is awaiting a counterparty confirmation within the control window.,1788.39,USD,Critical,In Progress,Trade Support,2026-07-31 07:50:00,,Counterparty confirmation delay
EXC-001788,2026-07-30 16:11:00,PORT-1033,Fixed Income,Northstar Clearing,Reporting Delay,Synthetic reporting package is delayed because an upstream input is incomplete.,55412.63,JPY,Low,Open,Client Reporting,2026-08-02 16:11:00,,Upstream data delivery delay
EXC-001789,2026-08-07 22:15:00,PORT-1046,Derivative,Northstar Clearing,Reference Data Issue,Synthetic reference-data record has a missing or inconsistent attribute.,27801.93,USD,Medium,Resolved,Reference Data Operations,2026-08-09 10:15:00,2026-08-10 06:41:08.898341648,Security master attribute gap
EXC-001790,2026-08-07 21:08:00,PORT-1085,Fixed Income,Harbor Trade Services,Reconciliation Break,Cash and position reconciliation identified a synthetic variance requiring investigation.,42316.39,GBP,Low,Escalated,Reconciliation Operations,2026-08-10 21:08:00,,Manual processing error
EXC-001791,2026-08-05 15:55:00,PORT-1075,Derivative,Northstar Clearing,Compliance Review,Synthetic control threshold requires documented analyst review before closure.,21156.91,EUR,Medium,Open,Compliance Operations,2026-08-07 03:55:00,,Policy threshold review
EXC-001792,2026-08-03 17:36:00,PORT-1069,Fixed Income,Summit Custody,Missing Trade Confirmation,Synthetic trade record is awaiting a counterparty confirmation within the control window.,8094.58,JPY,Low,Resolved,Trade Support,2026-08-06 17:36:00,2026-08-05 06:05:41.352400698,Counterparty confirmation delay
EXC-001793,2026-08-01 11:27:00,PORT-1048,Derivative,Aurora Securities,Missing Trade Confirmation,Synthetic trade record is awaiting a counterparty confirmation within the control window.,17182.08,JPY,Medium,Resolved,Trade Support,2026-08-02 23:27:00,2026-08-02 14:19:00.455683588,Counterparty confirmation delay
EXC-001794,2026-08-07 12:43:00,PORT-1028,Equity,Summit Custody,Reporting Delay,Synthetic reporting package is delayed because an upstream input is incomplete.,56498.49,JPY,Critical,In Progress,Client Reporting,2026-08-07 18:43:00,,Upstream data delivery delay
EXC-001795,2026-08-07 09:33:00,PORT-1030,Equity,Northstar Clearing,Failed Settlement,Synthetic settlement instruction did not complete by the expected cycle.,18544.08,USD,Low,Resolved,Settlement Operations,2026-08-10 09:33:00,2026-08-11 07:55:08.931142425,Settlement instruction or funding issue
EXC-001796,2026-08-06 06:55:00,PORT-1013,Cash,Summit Custody,Missing Trade Confirmation,Synthetic trade record is awaiting a counterparty confirmation within the control window.,18426.8,GBP,High,In Progress,Trade Support,2026-08-06 22:55:00,,Counterparty confirmation delay
EXC-001797,2026-08-06 15:02:00,PORT-1066,Derivative,Harbor Trade Services,Accounting Difference,Synthetic accounting control detected a ledger variance requiring review.,5456.94,GBP,Low,In Progress,Fund Accounting,2026-08-09 15:02:00,,Ledger posting difference
EXC-001798,2026-07-30 22:37:00,PORT-1077,Derivative,Aurora Securities,Missing Trade Confirmation,Synthetic trade record is awaiting a counterparty confirmation within the control window.,29606.83,EUR,Medium,In Progress,Trade Support,2026-08-01 10:37:00,,Counterparty confirmation delay
EXC-001799,2026-08-05 09:08:00,PORT-1054,Cash,Northstar Clearing,Accounting Difference,Synthetic accounting control detected a ledger variance requiring review.,8370.52,USD,Medium,Open,Fund Accounting,2026-08-06 21:08:00,,Manual processing error
EXC-001800,2026-07-31 15:38:00,PORT-1057,Fixed Income,Cedar Exchange,Reporting Delay,Synthetic reporting package is delayed because an upstream input is incomplete.,70576.5,JPY,Critical,Resolved,Client Reporting,2026-07-31 21:38:00,2026-07-31 19:41:52.763596946,Manual processing error
